Avg. Area Income,Avg. Area House Age,Avg. Area Number of Rooms,Avg. Area Number of Bedrooms,Area Population,Price,Address
63708.61069626262,5.149084162219537,5.61548572926689,4.498351218645267,52449.890214348074,1782747.3015477774,"8615 Pine St, City 0, State 52174"
115564.28757689246,5.787485275000171,5.3303846736198235,5.733733862562971,16993.27971391625,2137762.847148149,"3943 Main St, City 1, State 24414"
95879.45476302646,8.836379145617443,4.23307738752002,4.8133339032816655,27531.5801340426,1955374.9249597697,"2378 Pine St, City 2, State 61255"
83879.26357773329,4.720035088479137,7.250866690710415,2.416512915558982,48113.24139575819,1968325.4459273426,"1272 Main St, City 3, State 55316"
44041.67763981929,8.95719747849737,6.336369123560402,2.927901183917777,36335.8073940912,1593263.5967254806,"435 Maple St, City 4, State 79307"
44039.50683025824,2.705075447813532,9.059906946268026,3.096640920154596,53007.1175112681,1580338.5510825943,"8727 Main St, City 5, State 94070"
35227.52509513795,8.214387497669046,3.224767063374408,3.2893212682242243,67478.51357948588,1423433.1965771653,"4125 Oak St, City 6, State 15602"
107955.85311974416,8.78038106443789,7.5070754928858845,4.827016959752521,12575.534701487837,2314889.490076637,"5168 Maple St, City 7, State 63201"
84100.35105688879,3.45454122269871,8.340642149580928,4.519828899126967,51121.90156587396,2075708.8491082573,"547 Oak St, City 8, State 96342"
93726.5320016441,5.4427722589776035,8.316405984318148,3.015800191821045,19972.370116087444,2156690.1507821744,"9944 Main St, City 9, State 74687"
31852.604486622222,3.323998197309245,9.202517769668676,2.3377742172784353,31940.987281492,1400919.1309769072,"3116 Maple St, City 10, State 42893"
117291.88669457949,7.652833031953742,8.103236199806458,2.8571610223735906,7136.077176684088,2344899.8237301083,"9521 Pine St, City 11, State 14180"
104919.83767203796,6.282782144493254,9.494670431533875,6.9219065630930166,13833.97984902543,2411540.9860000517,"5161 Maple St, City 12, State 19766"
49110.519961044854,7.082586773666568,5.32859619874624,4.342734748957361,25785.523788178478,1469869.0668564828,"1943 Main St, City 13, State 96377"
46364.24704863905,3.571895735649689,6.522465917260801,6.336727523510563,27229.077343719022,1497655.8216943056,"1255 Pine St, City 14, State 69192"
46506.40588680904,3.693966896419356,3.098557642980235,6.2437623333442165,63473.039070036226,1502597.221995716,"8112 Pine St, City 15, State 57592"
57381.80186635839,2.331978604079251,3.0487031111230385,4.557597787314369,53217.83910232348,1355780.9485767782,"5354 Oak St, City 16, State 23118"
77228.07884690141,4.576540281565838,4.680886343160639,5.533438542302718,68191.89293215767,1905199.723832758,"9510 Pine St, City 17, State 74610"
68875.05167779041,6.4779572906694,3.705650379973597,2.963760052063561,43939.648171790635,1547178.6210358553,"361 Main St, City 18, State 89722"
56210.62261782377,8.86347931197863,4.821479575550275,5.441983524634542,20711.392585935668,1854700.9116103936,"8550 Oak St, City 19, State 99704"
85066.76052501415,7.335419579669446,4.239303061698782,3.3619228963164476,26297.576944906785,1724092.7637512933,"8089 Maple St, City 20, State 42831"
42554.44745868377,5.483170587198011,3.1996401738705376,6.160310483770754,25789.33501397786,1102651.8613846456,"2229 Maple St, City 21, State 98252"
56293.018368169636,9.624960915153103,9.365129024842346,2.4186206655445495,26222.131298111355,2083076.2399054405,"3939 Pine St, City 22, State 98233"
62972.56589643225,7.753961604606655,3.057561919722241,5.865693364426388,48742.67125226802,1670231.1460017236,"7787 Oak St, City 23, State 61277"
71046.29857953324,9.4413216229004,8.152575010359598,2.499684532843098,39502.51532587705,2076933.9982890906,"6397 Pine St, City 24, State 81772"
100665.83652537123,6.220703786177325,4.0650352084366155,6.405946184471545,30052.57157563188,1930782.2366086605,"7810 Maple St, City 25, State 13105"
47970.640394252376,4.071234198345117,9.3856073539972,3.5210225906750185,14690.83496736658,1800373.017168223,"3553 Pine St, City 26, State 11838"
76281.09945722503,2.422613490917776,9.2495715771292,5.271966824152874,6439.045591239484,1849720.6558297272,"8414 Oak St, City 27, State 92815"
83317.31119758383,7.808678811870804,7.577308024584801,4.437511393101399,19224.254043200017,2114013.428709713,"5610 Oak St, City 28, State 35560"
34180.5371447998,2.970423984044273,7.705639048604236,3.831515726311695,11985.641257964282,1297912.934975949,"9825 Maple St, City 29, State 45658"
84679.03667112946,4.422201026175737,3.0373739937878197,5.227209165917483,56053.92700539556,1774981.208872129,"6286 Maple St, City 30, State 60560"
45347.17113185624,6.259767263071179,9.894100962795214,6.73761490275619,12312.36725790255,1961540.8959238783,"3873 Oak St, City 31, State 68679"
35854.643368675155,6.515332702237981,9.1448282250307,2.2063487368731094,52074.83542494435,1717378.499909252,"7447 Oak St, City 32, State 32873"
115399.6983528,6.804665575897088,9.265743580110644,6.594264279415522,30067.814835445373,2437962.996739326,"3459 Oak St, City 33, State 97803"
116906.88297671035,3.330042642797605,7.614711759356103,5.045408275105068,9769.595333345438,2231763.592998129,"8089 Maple St, City 34, State 40619"
102755.7613304815,5.03789923857319,5.413508500581756,6.036571503845262,57827.45321305308,2232437.8276848774,"7072 Main St, City 35, State 58872"
57415.23922560336,6.937553816935734,9.255540543633366,3.919374767171388,42675.987065379864,2003232.4862240348,"5008 Pine St, City 36, State 98217"
38790.490260574545,9.758550917070277,5.040618497058347,4.359214874188069,20324.49833613225,1558556.1902850089,"9726 Main St, City 37, State 21183"
91580.97238609413,7.821049101597509,6.93898080339542,6.34425375900582,63154.27633162341,2331005.2156113246,"4691 Maple St, City 38, State 95416"
69613.72443656411,9.380830056751662,3.6981168064071768,4.074239849049116,7941.790401585845,1625033.4974806274,"3473 Oak St, City 39, State 99146"
40983.441136030095,8.097696466513415,9.45368941092925,4.6732978337454245,18118.274532854586,1788634.6698509564,"9358 Oak St, City 40, State 83150"
74565.92191001432,6.7337357511392035,3.9853932043984934,2.1009746154216646,53883.05030738097,1674473.1273014462,"2359 Oak St, City 41, State 21430"
33094.966900369654,3.5361869530907564,4.574277640112851,2.7929900291902117,51109.56547014279,1331956.034404183,"8251 Oak St, City 42, State 32597"
111838.83618709039,7.333485215140104,6.9069391068975055,5.208432539873999,23802.66009209107,2171658.165094605,"8377 Oak St, City 43, State 29003"
53290.19834400152,6.9870365276792565,8.348651001490872,5.584884505319385,9031.616897930902,1998938.7267737803,"9873 Pine St, City 44, State 26961"
89627.00559185838,6.819753363658132,7.335459141554093,4.913004683922497,60775.07469462135,2363096.1903372467,"5244 Main St, City 45, State 55237"
58053.99684804698,5.918286943905926,4.624937389601094,2.7165501813780533,25390.34647454367,1277099.9911876787,"8263 Pine St, City 46, State 52178"
76806.12190600298,6.229252831914205,3.0066012976924323,4.227027142889174,17721.37197033724,1513053.0056604035,"3641 Pine St, City 47, State 56136"
79203.92514089517,4.675540216944833,8.300054062152075,3.7754738318159493,38544.01845346351,1978950.3028597992,"1913 Maple St, City 48, State 48187"
46636.90099729743,6.154501541138425,9.896451281377656,4.478306720175442,64164.76795335908,2060171.893806378,"2366 Maple St, City 49, State 39500"
117262.61649881027,3.580447245427826,8.669391842142634,6.351645172770471,7830.5275598193975,2175964.0405391436,"267 Main St, City 50, State 23687"
99761.95410250031,8.441395178883013,6.221446327096308,5.8793071932932595,54777.2657220077,2370873.0848825164,"7329 Oak St, City 51, State 24837"
114554.90474077703,3.4862156375896625,9.326370829793746,2.4199475069457947,42210.75981601608,2337509.7801469425,"9593 Pine St, City 52, State 22865"
110534.4615384884,2.6797303191157313,5.868933711828451,6.451545988872821,32654.192575868103,1991901.3345751276,"2327 Oak St, City 53, State 97472"
83810.99809299767,5.489968210857259,6.674538589704273,4.3588357557491175,53365.228866828904,1956487.4725086764,"2035 Oak St, City 54, State 86558"
112968.68115208052,7.266459516048495,6.339908371769782,5.719310724429992,67778.5875887061,2602555.181411478,"7454 Main St, City 55, State 96019"
37964.32518467275,5.501734599468331,6.133367108658675,2.700196156321761,19898.403725574917,1156238.999826106,"6464 Main St, City 56, State 39703"
47638.45761772306,4.214033055610469,8.42633538505734,5.3535976285352405,14337.078729687775,1641274.2758764424,"1076 Pine St, City 57, State 56221"
34070.45600194843,6.465369471123526,6.687382350886444,3.1816300880472896,64337.31343947531,1695850.1221731838,"3898 Maple St, City 58, State 93031"
59279.72976869379,4.7760186832975995,5.217019854176512,4.191904485704658,48481.95003472474,1595270.8710968606,"9376 Main St, City 59, State 70943"
64980.95607205338,9.462941521013065,4.8071071736093485,2.084314350410522,33469.09140152779,1742637.3821523893,"3943 Pine St, City 60, State 86069"
54421.412859650634,9.381161116828576,3.264231218772034,2.7580531896523803,42261.8720671784,1684811.1379348994,"4015 Maple St, City 61, State 91685"
104586.37582367365,6.018974559776764,7.082366133181322,2.460402465618099,53464.903836455866,2184053.218958497,"4944 Pine St, City 62, State 92688"
62107.799402423036,4.623071952146068,4.609729907807239,3.198720864691292,55247.073415871615,1533041.7343872974,"5167 Maple St, City 63, State 17589"
55284.10587186427,7.897059311653113,4.036937454114682,2.5000904501216112,64793.1217532327,1620068.9747903538,"4799 Maple St, City 64, State 10464"
78842.64748424236,2.293703547864533,7.576809746793744,5.459550133097809,32744.781278215472,1953299.4022854895,"2601 Main St, City 65, State 85180"
42683.18024772864,5.79815204834921,7.768464804750842,2.145199511046097,24071.709151260675,1652160.4950509714,"6127 Pine St, City 66, State 87196"
102197.72826786357,4.690587154162668,8.265084245803662,5.08870250312499,46578.177341339724,2163676.318405148,"66 Maple St, City 67, State 88424"
36709.55793117938,9.364287080820437,6.52503827437014,2.7035391541278715,32022.313453169474,1699154.811923274,"9692 Pine St, City 68, State 61056"
118819.82429404656,2.0960242181814603,9.258382236427206,6.725807285889484,43648.89950668356,2535579.579508546,"7194 Maple St, City 69, State 38540"
99502.02923669916,6.422519005746793,9.554399273787595,6.665470365549272,32299.076899636762,2597317.1610669834,"9079 Oak St, City 70, State 62960"
47884.411338075515,7.925308648533008,8.651596578547426,3.127515512604813,14944.726134081342,1774297.1713523886,"7566 Oak St, City 71, State 94667"
30496.990541124214,5.88014390019233,7.4491543740573105,5.072106491115147,35512.7388578323,1520210.327340202,"44 Pine St, City 72, State 72941"
103391.52856093507,2.6832242413017733,5.126046675138321,2.1400265973622923,49909.65842616713,2006430.9903943753,"3843 Oak St, City 73, State 28272"
93617.16094628554,9.779691120223218,9.880614451341549,6.65894271525587,56953.44749839724,2770031.219681179,"3899 Main St, City 74, State 91548"
95610.64512368885,6.144083451008783,4.918953170343569,4.614936540958548,37066.20799177555,2205095.8550173203,"5884 Pine St, City 75, State 92610"
99414.33120173511,6.913489954552091,4.418598453933018,2.216115757088895,15740.462863676059,1934362.2575868273,"6843 Main St, City 76, State 18301"
36664.01865606813,3.8928782616600586,6.09507879650608,3.7124999650406867,31954.70112721305,1335393.7055938481,"4559 Pine St, City 77, State 35090"
62261.915568984536,5.8679846808544305,3.397883994986719,2.384247309306171,56109.10537471039,1422511.6174466244,"7721 Main St, City 78, State 62480"
40428.21535726167,5.433195935666575,9.849461252702536,3.9647221968667994,31835.852590109735,1683928.061709289,"5313 Maple St, City 79, State 69850"
107679.30832880341,2.59916673601587,7.119034894914973,5.349631710806616,50274.501584274454,2044540.1731247941,"7550 Oak St, City 80, State 97533"
86096.83141448021,2.849282828379738,6.898664641649226,4.349449540207198,37968.889309075836,1854147.356041236,"4320 Oak St, City 81, State 21070"
59780.82223673843,8.699780156950197,7.590573959298039,3.9186108735972724,20679.503132110785,1953605.7481504937,"3978 Main St, City 82, State 83595"
35720.251525742126,3.918559617652722,6.479165534440447,2.595785227702324,56749.78302149983,1432719.1019858103,"6785 Maple St, City 83, State 24093"
57988.4089544096,3.5596661719890443,3.2244446196617913,3.2246952284682817,10473.874514594656,1267105.7240195207,"2544 Maple St, City 84, State 82889"
59266.49898240723,6.039291610001114,7.286179021882777,2.5007164386917555,39117.868379084786,1781892.100474828,"769 Pine St, City 85, State 25095"
95664.55605042576,8.149977050900103,8.013217138695016,6.037493658283304,18577.917225821322,2238906.951047069,"5765 Pine St, City 86, State 78139"
87380.17242196918,2.4955721486319034,5.9172434243683725,2.6761991399236127,9359.265855189416,1607804.6245914085,"992 Main St, City 87, State 52988"
109849.1468318694,6.614463357106047,8.30106900449835,4.976866832744467,37690.705910411176,2478269.360173764,"9722 Main St, City 88, State 83715"
72499.34326457544,2.953683542724587,4.589009095368944,3.7137020679442294,37471.54013577003,1552489.439975038,"4153 Pine St, City 89, State 37180"
40763.48213444716,2.2916884066049477,4.548936137463288,3.1298919232759177,50948.558608921856,1249842.1062998602,"5698 Maple St, City 90, State 81214"
94192.03085006955,2.421951617297739,4.129918913813018,5.197342197460519,53408.79504837382,1739470.6328776379,"3310 Maple St, City 91, State 36649"
98470.65437552077,8.67331286566753,5.6039633185241335,4.285011546884704,52306.446765038294,2213474.2062280257,"4702 Oak St, City 92, State 74903"
80514.94778125465,2.9437798690244925,8.929084247723585,4.000727336422796,31621.317639589077,2170639.6989877517,"1860 Pine St, City 93, State 10916"
99387.04619591049,2.3612109152983356,8.79538443504345,4.964260024461108,46059.836169726565,2317635.393152318,"6910 Main St, City 94, State 54135"
74441.60367279517,5.503199097143298,5.679769455744527,4.4563381424500035,42501.44077185742,1672770.8064964944,"2663 Maple St, City 95, State 47460"
77045.95464437947,8.751947775536198,7.123831151861656,3.517421042757804,32401.514147599773,1808796.7336396337,"9430 Main St, City 96, State 11335"
68478.69165226947,4.0992670119144154,8.04571421532441,4.795306438826258,43818.82512208956,1903979.965264476,"5051 Pine St, City 97, State 72564"
32287.721406968565,5.373700940207331,4.688447422396161,5.347492882753473,66571.11198590707,1549265.690726484,"762 Maple St, City 98, State 20892"
39710.2284293974,2.31938026051001,4.17698760126323,2.1334657929342713,17538.093339289528,946930.5621627879,"2132 Maple St, City 99, State 52913"
32828.626711806086,5.592628113079007,9.804671952486178,4.329358644538377,63875.18622605921,1943713.9922571469,"9141 Oak St, City 100, State 24903"
87276.93701374024,6.620904645097069,7.322901192467329,2.288416422917719,8474.608408907894,1906637.6890224214,"3695 Pine St, City 101, State 52435"
58292.0382968694,6.567256430017158,9.869910052835646,2.9320270703405553,25045.29883860794,1897757.1870269624,"8806 Maple St, City 102, State 81180"
75771.36220482325,4.659413537394921,5.364291909925604,4.802543670389865,23729.441159749334,1758162.6852399874,"5521 Main St, City 103, State 12128"
111680.98265334837,4.524265445305084,7.921221899818921,6.330944576327903,45713.73201225887,2342030.268845156,"6739 Oak St, City 104, State 70275"
52436.30062339874,2.852988951492783,4.558225455788664,6.414028395942424,13529.621865523872,1263068.8192972466,"8941 Main St, City 105, State 34776"
66934.46307320667,4.934386565170147,4.8284011989173905,2.3497200506931564,62352.59476958399,1751607.3564857263,"2622 Pine St, City 106, State 76257"
97999.60246887438,2.7959573509837172,6.583314848887368,4.095525431433533,58855.841550227684,2060464.4571364608,"9144 Oak St, City 107, State 69571"
50591.83489424602,8.132767557696413,5.237326878556498,4.915032415022756,47384.278279543054,1906792.8682979723,"1433 Oak St, City 108, State 94240"
36928.19188459137,9.730194381985488,4.173350946884091,2.735349522751717,34796.89906649286,1515087.2359965332,"6951 Main St, City 109, State 90634"
56077.63076223912,9.760595653333656,4.840164913925282,5.827161083723858,65642.1427392351,2001926.212444264,"7178 Maple St, City 110, State 76157"
44509.9158528604,8.92056879500315,3.2502387612610524,5.721176292186194,58998.526056836134,1612824.1536229055,"460 Main St, City 111, State 66377"
113672.78871083158,6.806337194716953,7.930965350342406,6.516705068533973,37455.48462528092,2581776.0177249406,"8492 Main St, City 112, State 91234"
102730.83416079753,7.606925577951039,6.444816599601031,2.042430060417215,50621.76803953023,2205360.913203613,"9468 Maple St, City 113, State 34525"
87006.33808593811,4.2816464214433125,3.6597014648316795,3.0834212199450133,41850.446891679494,1706914.4652947804,"5376 Main St, City 114, State 99232"
108431.4531168946,7.046163361380965,4.201857951899438,6.135933571226609,43216.24549523719,2081301.2653024774,"5926 Oak St, City 115, State 41122"
102330.4869209203,5.64519639551902,3.717741766788508,5.352900254134677,26513.444513435632,2000082.3997425123,"6432 Main St, City 116, State 34789"
46791.305299743224,5.85613871821546,7.288149657931135,6.4719492684924536,35035.49930061829,1742168.4058267402,"532 Oak St, City 117, State 82421"
110330.309864098,8.062212483001264,3.6594725452874566,2.2858982726513326,10077.893001333374,2116389.245970034,"3620 Main St, City 118, State 69602"
78540.80177240857,4.255346844778013,8.279976331246512,4.984819828582214,28227.66495819851,2190486.224478142,"6565 Oak St, City 119, State 40805"
102669.61396476562,4.544316893556159,3.143576435242738,4.845232874468371,50228.85349853988,1978231.2980149486,"3061 Main St, City 120, State 24826"
110648.21699311439,9.397134329029093,4.745630515971245,2.178372081802662,66959.04198290211,2362978.2311496786,"2525 Pine St, City 121, State 69443"
58620.312747467746,2.449794358807778,9.234666731243351,4.567610384562418,67599.16732959633,1827883.880886832,"1101 Maple St, City 122, State 53728"
39904.67320749091,5.885074387306723,8.029719226855722,5.047601556549621,41121.986493117955,1783190.949076664,"5302 Oak St, City 123, State 99737"
50514.16462877475,9.302406403262893,3.510778330479814,2.9564658710105363,44430.44636762283,1582998.8972472304,"2201 Oak St, City 124, State 10496"
68439.70097636306,6.882904062545256,8.747882731396258,3.3666479156233144,17071.877057562888,1968535.1380745543,"4175 Maple St, City 125, State 81066"
103621.32893302439,6.371256593697057,6.451245850781433,5.201736731488685,50195.02702607949,2450881.7628982933,"6970 Main St, City 126, State 44421"
107465.7524930709,3.9979534338348417,8.927481190181805,4.3415047379997915,9592.821523835106,2084520.6127298302,"7247 Main St, City 127, State 56567"
30625.691747807163,4.746203912515586,7.205178421152754,6.290068287841634,23504.569576963895,1333775.866468006,"244 Pine St, City 128, State 82535"
75967.25723198091,8.816387326437543,7.772831224230011,3.7119088300459415,48443.61757355375,2152251.1955121662,"9867 Pine St, City 129, State 78228"
67566.9902833901,6.473745054147665,9.954510922769957,3.3332982919410057,25170.158550326803,2103687.885847927,"6074 Maple St, City 130, State 78783"
49989.70294236572,6.117937550054239,4.626348821468127,6.924329701724214,8240.046817439532,1480318.6618041922,"6622 Pine St, City 131, State 10019"
40787.883060031454,2.7966377083202314,7.367619023329718,6.555678850650417,59071.57660781265,1539579.635271702,"221 Main St, City 132, State 57378"
60385.36542632652,2.128225251640985,6.2222497304017885,2.1449637249948994,25171.450463746598,1473906.3494162858,"3772 Oak St, City 133, State 50344"
114861.87335212673,9.709481509496392,3.27616367045884,5.85364307653283,9101.839615814097,1997183.111118523,"8443 Pine St, City 134, State 58605"
59088.26388186797,5.015889338294733,3.101294490520055,2.551673869126015,9861.230692686237,1131862.8670773467,"7829 Maple St, City 135, State 88242"
76691.15595690295,6.8257044967960345,3.834600044725011,2.1374259741468546,21364.321921268987,1574363.4450986637,"507 Oak St, City 136, State 40323"
93271.706300566,2.63772058549828,7.543642183769837,3.3684775798317443,16571.036569399206,1796660.852626587,"9061 Maple St, City 137, State 38566"
62726.66421413646,7.464914285784372,6.970141615393746,3.3467293953055215,55329.50765570981,2024159.054664891,"4588 Maple St, City 138, State 65752"
117460.38744488647,9.460533669647688,6.874006928146092,6.096593811734824,25909.46303335724,2538634.0900018774,"9362 Oak St, City 139, State 59891"
116620.25654479001,6.605322023979357,3.2229973376978207,5.5533362297141755,57305.22602758912,2383990.7884547906,"9983 Pine St, City 140, State 28587"
52660.406624282776,3.0089225790032845,6.28512097452005,6.9080471366600715,16299.989858504932,1443882.7000114815,"3923 Oak St, City 141, State 42185"
74752.36553031468,6.653772219787814,9.4723597248977,5.557564501559092,37037.146670365444,2177693.4975788794,"1958 Maple St, City 142, State 64478"
57079.047883509265,8.130777704837218,5.783143085174526,4.091277766280239,49722.413680953374,1932369.4731902664,"1790 Pine St, City 143, State 10584"
55635.64449397208,5.251332292592149,7.374457288519194,5.4946383047260845,47379.40550128057,1801523.7389866698,"6179 Main St, City 144, State 46958"
33319.82526190795,9.038701983531743,8.458730729362005,6.9972953359320105,44073.411645467466,2041518.2532206795,"9401 Main St, City 145, State 21885"
84860.79005819072,7.189463626858916,8.487476953993212,5.55070941281264,65113.40412552604,2433250.362294769,"4786 Oak St, City 146, State 88816"
75241.11209059754,9.19399134631362,6.6349605767668995,5.808406779901592,19854.134600938385,1781151.7637762118,"4757 Oak St, City 147, State 17455"
34633.08761249904,6.988042489978698,9.005663617816355,6.6918250759512965,37091.74829003685,1920156.6251929032,"1063 Main St, City 148, State 70698"
55078.18178129503,3.050303776038594,5.739646653546229,2.5682563065584167,62459.51575470657,1643086.6881808445,"8718 Maple St, City 149, State 85110"
111743.92973699883,4.477533688841513,9.220852503493589,5.523921467238634,10063.094763685207,2390150.560538191,"4982 Oak St, City 150, State 31352"
51560.57016002752,3.6143595860196553,4.681590164768817,6.254029789837245,8632.73743644989,1110537.6371056044,"6067 Oak St, City 151, State 31784"
43040.53848821008,9.270611981734898,4.961514848933997,6.771893001104465,20164.64869128894,1528538.2092460392,"5685 Pine St, City 152, State 38682"
74050.74842498067,8.083200538299861,3.3718443693930076,3.054846448558497,46146.3792699712,1677921.8671671744,"6839 Oak St, City 153, State 44755"
118708.54086995406,7.411186951280048,8.56907285579598,4.519645038621221,21892.175719237446,2404108.677726006,"4068 Main St, City 154, State 22315"
51784.97443603504,4.4077305570529735,5.919386653628939,5.402774238222409,17365.592447571933,1634890.6470772398,"8878 Pine St, City 155, State 33038"
90492.19926652906,3.472358176401708,4.603816297379794,3.237338647506687,34822.15049828899,1716899.3334100419,"3735 Main St, City 156, State 13500"
98545.76537958458,8.051608703911295,4.622531943316058,5.00236431625137,44883.874470011746,2128674.852031378,"9854 Maple St, City 157, State 72650"
51387.378959315974,5.793263567032637,9.309799588604633,3.287893912489997,21156.250956088126,1807939.8382198806,"5731 Maple St, City 158, State 64682"
95539.47137506737,3.806316417205033,8.837416203227258,3.6672851026582363,24544.927137043233,2142377.1864230074,"3262 Oak St, City 159, State 62995"
63100.48194473279,6.932975825322201,6.874716197500283,4.2075934825543255,44881.3548127484,1544776.2139912492,"4826 Oak St, City 160, State 92567"
86907.52475342216,2.322670817107616,7.3127756029100475,4.645950493732835,66472.99742931442,1977338.5848660269,"3924 Main St, City 161, State 25876"
87017.67396848052,4.609362033026028,6.320278993852037,4.246829358125753,48858.21228347574,1836684.2452262933,"1983 Main St, City 162, State 80791"
78219.72156672826,5.748455956729077,5.741665800151662,4.465977598939646,55888.769332996395,1982407.0614645225,"2020 Maple St, City 163, State 50839"
38126.079304896746,3.1836666728752467,9.40833816852832,3.492943781441463,28842.65615910547,1513223.532980362,"6981 Main St, City 164, State 61984"
105177.22460303141,9.877235820726717,3.8792889246421147,2.794825470113153,22696.533359990295,2054843.3383914924,"9213 Maple St, City 165, State 99022"
58870.20584745622,3.672778916716914,5.929127528013596,2.2367498866341973,34527.40330817047,1278558.7448023215,"5992 Maple St, City 166, State 30592"
46786.66593598688,3.0428250403461243,5.411933355915128,2.9798936124583384,57463.63386625879,1398692.3350863797,"3676 Pine St, City 167, State 44547"
33669.76273992875,3.628278991095171,6.487055041758039,4.909718207528915,34659.476716386125,1469177.9352857687,"4697 Oak St, City 168, State 92793"
83180.36488694177,8.152489065277795,6.2034231218162255,5.930577239015662,60037.15157134097,2354749.975215997,"4767 Main St, City 169, State 68635"
90980.79256580542,5.4040452741747425,6.63222672155757,2.8462379872144727,69270.17874518325,2214212.7023878177,"5605 Main St, City 170, State 19219"
31492.904603507053,6.523327518020304,3.9794328405889585,2.542776788863242,9681.733272471862,950595.489866647,"3550 Main St, City 171, State 35317"
76088.37524693529,2.168073255890886,6.5919905105929395,5.746451802746251,7951.66014544074,1734738.6912201364,"3882 Oak St, City 172, State 52202"
50384.619767814416,2.2754504685865165,4.696931697210476,3.5257916526864483,14723.330689368519,1245163.8854117459,"4790 Oak St, City 173, State 30736"
88065.5511368505,5.566604398616129,4.290319442917339,6.757497196136763,29984.028922732505,1843137.4438240102,"7472 Maple St, City 174, State 21109"
45692.97861044923,8.533241945612989,3.4538395315033386,5.571589853051865,13517.743594453106,1192131.828018256,"7060 Oak St, City 175, State 54741"
92184.39642922193,9.081911029660521,8.338567911292987,3.6337802362151543,61593.19104521914,2555363.8060574867,"9905 Pine St, City 176, State 96928"
64806.181167048366,2.6936525407651217,5.99209344599592,3.447713738968525,6504.506316759147,1338849.2251429271,"7318 Oak St, City 177, State 86567"
114305.6989863061,6.306904816808182,7.386505783182308,4.618491931356545,25526.526561828465,2350126.666213372,"212 Pine St, City 178, State 42003"
42376.88497313939,9.305837490234165,8.093153403133204,2.3957233413910473,17005.15091712335,1700249.8373847732,"6058 Oak St, City 179, State 15508"
60695.97159452327,5.103782035183091,7.755216657194874,2.588382563226495,65550.0564602396,2041807.4079217978,"5018 Pine St, City 180, State 83658"
40212.616911653015,8.636526651426948,6.293505033627776,2.8792894065809627,48516.265317851816,1653856.2145650366,"8126 Pine St, City 181, State 35497"
113222.42564507065,3.0695652351954896,5.715289702662108,5.873617966522801,64281.96666933934,2239032.7077572355,"4063 Maple St, City 182, State 82884"
108960.5418042883,9.48315591734239,5.631719367484646,4.5692867963456125,68201.36617017558,2650247.737097883,"7943 Oak St, City 183, State 11493"
53214.74649436401,8.01138654025042,7.480341578510394,2.052835613872215,37311.385839029,1713463.8914732852,"1578 Oak St, City 184, State 45196"
89398.56414307612,9.530675142295213,6.463560484593113,5.367582637360545,20230.742023121704,2231217.7116901735,"313 Pine St, City 185, State 86170"
103549.99801810943,7.412937868420052,8.943925735919574,4.1184508933024855,17592.371102778303,2313314.7425007825,"6687 Pine St, City 186, State 75539"
79968.07304395162,4.907231455995416,9.122913890286984,4.5542618248189894,19489.726009579634,1908697.7030542209,"7062 Oak St, City 187, State 22380"
77668.55205204058,9.50544938019778,4.193922646045629,3.070581217064678,51058.56499543019,1934998.1613751238,"5219 Pine St, City 188, State 77916"
51766.70618104065,4.204534210473428,3.9536355608200795,4.758911141970518,7628.972327995048,1294267.324459574,"1236 Maple St, City 189, State 37854"
38379.24910253093,4.65738017649386,7.412806482251996,6.895766198757443,8338.469747126466,1593622.3371261691,"7932 Pine St, City 190, State 55628"
110749.41821579941,7.6064673440139225,5.108580236435956,2.367223455028807,44529.291254904754,2337636.526733523,"2404 Oak St, City 191, State 66572"
111037.62514469973,8.12253039620309,3.129995031355692,3.419586998322153,46733.714537931424,2073682.1489823759,"6735 Pine St, City 192, State 77905"
86979.13115459411,9.43522787079323,9.220498685540687,3.214987964304149,48242.090080959904,2318127.7660595602,"2468 Oak St, City 193, State 52894"
60512.68119438306,3.638419272449676,4.588305370706658,3.242746553755898,29172.23279825843,1365381.8758690683,"4428 Pine St, City 194, State 44027"
61428.86171513948,8.383984281753792,9.504964561800664,3.8935317878268867,57386.41776641995,2079469.9633170287,"2055 Oak St, City 195, State 27907"
95336.01109832154,7.9083684271757075,8.022041156147775,6.090548923720838,39685.59820223014,2349947.6636149483,"3458 Oak St, City 196, State 47187"
110739.92339573194,2.510356450028783,8.33857442938039,6.564293449821937,11855.265950612264,2122041.6156949336,"7093 Main St, City 197, State 95656"
109837.77818386056,5.097785129681656,4.410230470552123,3.0110754372948665,56811.45495937744,2153224.0342982686,"73 Pine St, City 198, State 56468"
100188.79912718615,4.262123656480789,4.63936097931769,4.714749689740564,66949.4061075798,1841739.0556799944,"5358 Pine St, City 199, State 76881"
87782.84815388589,4.435923394832243,6.64887427676846,5.184494860827401,8902.360345153314,1758220.4463638726,"9979 Main St, City 200, State 84759"
37572.59684955439,9.863575036437606,4.204698968549035,4.609137371819225,30437.837015537694,1423192.1135894207,"2007 Maple St, City 201, State 18602"
44546.58426851524,7.142219307839423,5.138021848781226,4.170381970984598,36688.54291425859,1640885.4549212551,"1820 Maple St, City 202, State 99133"
110869.87696743713,7.741409262347997,5.250237345634631,2.959877529296189,14520.599405090601,1965803.1056067785,"3093 Oak St, City 203, State 78127"
84578.61536936309,9.812941098520074,4.117409532769349,4.4410967959961924,61401.08160588701,2128730.019115403,"7584 Maple St, City 204, State 84389"
30827.73464549667,5.0176142596611095,4.436279833766125,4.006074138556644,23469.726917852862,1138778.4634432977,"9422 Main St, City 205, State 29476"
39132.43885794289,8.414721347622447,8.519862894057795,5.977816812511348,55895.55509598041,2056766.0200240556,"7062 Oak St, City 206, State 77209"
89715.15921972503,5.476247706435963,4.170370981830878,5.8180217958149765,48614.64133184054,1981790.703050225,"9281 Main St, City 207, State 73575"
30455.542546159682,8.956269374519838,3.1992017429074573,2.6699934060283534,43872.97846035652,1319894.1012848564,"6003 Main St, City 208, State 17308"
44472.72462757488,3.4452603304904255,7.405484598402569,2.442595262815338,17489.285165276036,1314686.626924509,"6660 Pine St, City 209, State 89126"
79386.04104299276,9.581489416514238,9.83188183574715,6.540769716137515,19345.72883580887,2167202.9134675935,"326 Oak St, City 210, State 39224"
92270.5677923424,3.7501736672870374,5.31849670236185,4.677541944822488,8077.646308527006,1741117.1529327743,"6034 Pine St, City 211, State 86768"
88676.51335523406,4.609764055847452,3.830589922373766,6.289004686412953,20646.30793584731,1768651.1902592266,"7936 Main St, City 212, State 70312"
50184.23785145038,8.049537872854245,6.992711277572715,2.2907556028320055,27453.834614933417,1512241.2542751953,"4404 Main St, City 213, State 17990"
94096.12992127822,5.150041132523254,9.344479477669523,4.632578082608151,59154.44475105765,2257401.863853185,"9847 Main St, City 214, State 14344"
51352.417874712,6.865691014131573,8.488432458799352,4.697132572881182,28815.523336462345,1846107.9173635615,"2372 Maple St, City 215, State 31083"
59285.9728343341,5.556588008555428,7.357611078889012,6.30351016271075,54050.41587976442,1952569.567983165,"8251 Main St, City 216, State 69660"
97184.22646062217,7.938959496718255,5.205395476253196,2.4880499911485376,33563.7482842067,1928617.3876886738,"6238 Oak St, City 217, State 51646"
88466.96091424933,3.826650018948887,6.79316121293354,3.2022278183795465,56016.44027960274,1938197.5717172173,"7628 Maple St, City 218, State 59684"
106430.106944476,2.467663897895016,3.6387138891297877,4.032691569435066,68457.65402840759,1758401.508837941,"4498 Main St, City 219, State 29788"
89185.1603070309,4.39943517978453,7.75261796996469,6.329207377099711,20589.701273742707,2162583.9177197386,"2769 Main St, City 220, State 94575"
81147.77430019245,5.794469318947442,8.075672132283556,6.694416575352835,61052.20477765195,2123361.0599439805,"2141 Main St, City 221, State 59725"
38430.72910452832,3.3441604175414286,9.755221360369433,6.9636230979681395,45418.56560987535,1822160.4808651854,"1566 Maple St, City 222, State 19997"
63094.42227534902,4.8383783172511095,4.822781511215501,6.795967432292608,58124.12700326256,1749689.2478830388,"437 Oak St, City 223, State 20695"
53868.21309135529,5.199864146348548,3.1291949333011586,2.029708779221772,47353.08364740734,1475626.9764712388,"3590 Maple St, City 224, State 11398"
51959.06790411752,2.4591347495061884,6.819259250990054,2.23854170726936,32556.71797281976,1338802.5884003926,"9747 Pine St, City 225, State 58500"
117570.9499277201,6.666457985473636,7.947533530777701,2.738034095787943,19824.871063716375,2332225.730239358,"3267 Main St, City 226, State 24842"
65378.79522000844,9.074747423770301,8.532852331180916,3.7443104838513657,9552.289646525725,1780401.5817075074,"3498 Pine St, City 227, State 31340"
110284.1899659402,3.2139433036244194,4.356172531173675,6.149590154934794,39808.6936899466,1801711.3567383182,"1975 Main St, City 228, State 84781"
86802.47633975366,6.782464107212112,4.832270083259166,6.463280976677402,69371.19614424626,2194117.3438269757,"5411 Maple St, City 229, State 78070"
101533.01731874836,7.31791363928677,6.588136476871075,2.934172031472915,52972.717325923404,2082662.9369683422,"7574 Maple St, City 230, State 45985"
75237.33837946728,5.354677443354307,5.314205669790013,5.098320758098543,26277.46019093608,1706758.8797997728,"2336 Main St, City 231, State 70341"
81921.34961637232,7.60878069891416,9.023580406112115,6.586809925326383,58768.31200563779,2514114.3661836726,"6396 Oak St, City 232, State 55982"
74326.59244369775,5.285852347928096,6.316321076171041,4.318658679656604,54983.96001146643,1992012.273983564,"2158 Main St, City 233, State 29075"
47571.868901824004,6.037098303819479,8.59705050871402,2.51771785976392,23306.32656797469,1590942.264744267,"6542 Maple St, City 234, State 11555"
95020.69037353547,2.058824356435416,7.064338323376476,4.289068250423124,5929.986836625254,1617766.8554822465,"276 Main St, City 235, State 40966"
55269.51261967702,7.5337609130775105,8.411630991319784,3.878974511440286,12680.571504706724,1833035.2301885234,"9540 Oak St, City 236, State 90279"
32188.436978830847,7.290741431557795,5.328710905712267,4.888289980330034,62024.902370283744,1703717.2033705174,"7579 Main St, City 237, State 37967"
88092.50663164511,2.3072070186107565,8.819916353512179,4.193293422035518,59376.59729481667,2058336.7067965495,"153 Main St, City 238, State 33185"
45939.96114663441,4.946000859161065,4.922006208857151,2.0867296342685897,24188.585057093558,1203673.6796057834,"7725 Oak St, City 239, State 53027"
114641.27259176229,9.832254726333339,6.822691656023036,6.969988667068356,23537.702708487326,2458138.77198372,"1827 Maple St, City 240, State 97429"
115853.57193023287,5.365892500548934,4.498049792217119,4.717701188652855,56536.22416166062,2268047.3552557454,"1371 Pine St, City 241, State 80858"
112337.79511984036,6.015563241054734,6.328685651383354,4.368153777423048,65952.93554320243,2514112.017042004,"5129 Pine St, City 242, State 44459"
63314.28302299,9.279441265277748,5.227226466560922,6.77308685752027,55643.92169184399,1872744.5438654372,"6675 Maple St, City 243, State 74757"
31391.095487598068,7.738095006926051,4.8669240144604995,2.7793018379353853,44362.6140069995,1245533.570619717,"3391 Maple St, City 244, State 19862"
113548.67063289529,6.6565610489937885,9.768895126196263,2.946188012726241,20773.637771567293,2676079.8303072127,"37 Main St, City 245, State 93547"
68536.57334855829,8.382437450728581,4.120518738407114,6.040073745313918,39173.614416191944,1793467.1107459546,"2340 Main St, City 246, State 24425"
116998.93371393027,8.914930131647786,8.511280862201767,3.304155400125044,20178.2708085622,2521943.6083134264,"1372 Main St, City 247, State 80608"
116725.79793803276,5.655104573898135,9.889154716382505,5.996135531457634,57520.74230629029,2639440.2787992517,"253 Main St, City 248, State 20208"
106770.8509920624,5.800866919454683,3.139310386180545,3.3576674145425125,30152.470168652922,1909385.2910126133,"2232 Oak St, City 249, State 92680"
56500.40028626271,5.088407485214686,7.893191898294665,2.1659381511250073,59190.319104611706,1907815.5565138955,"3287 Oak St, City 250, State 66218"
64658.79557417327,9.733649120147685,4.770382638894009,4.5850736194335795,29804.599168877143,1831455.844445324,"6835 Main St, City 251, State 86819"
106602.30043651712,7.577330034322803,3.283414770298131,2.9834321706343068,58569.711337992936,2264000.0172155993,"8623 Maple St, City 252, State 49916"
58522.98046406499,2.6657845296645784,5.820227052696415,5.789231464662356,26665.657985740727,1458467.9702140572,"9284 Main St, City 253, State 86427"
45254.34720174832,8.903676986504149,9.546524671196124,5.20599816616074,33608.62580014854,1959384.121720408,"9085 Main St, City 254, State 90078"
80112.11362125151,5.844479526690145,3.0823556605689837,6.618013339889589,45006.74725727274,1786648.337003334,"2261 Maple St, City 255, State 74624"
114253.92967447029,2.5500312513798997,7.115199843508472,5.914941786328679,9568.694911944713,2111044.7394945696,"9981 Main St, City 256, State 15316"
92642.68170074758,6.397738041306488,6.509775350167271,2.9038797742036344,66633.45901800519,2210174.1616085772,"1781 Maple St, City 257, State 71357"
81305.50530804285,5.337314231805617,9.113689150597333,6.000791183323981,42284.37609804721,2072020.0100129426,"6434 Pine St, City 258, State 46776"
38745.88443936917,9.021995238900999,3.5880120016443797,5.208685224070116,38008.30095490215,1503153.1445864625,"7374 Maple St, City 259, State 58110"
85350.65040292527,3.631956828875099,7.770682209206552,5.344758208803125,59560.608122794285,2077487.3506072534,"3287 Oak St, City 260, State 29012"
119104.8465093837,8.611716875937464,7.760767889032941,6.161314429850743,61274.57744329379,2675610.358717872,"539 Maple St, City 261, State 28164"
42607.561371287164,6.461509529483622,7.683560118035983,4.869120345944701,38946.92629438604,1707892.346955527,"6606 Maple St, City 262, State 58109"
76649.66871273631,2.4368824257077524,9.596341464545258,4.330017571765064,65272.05117658643,2016156.639879334,"2349 Oak St, City 263, State 31791"
108963.57647351599,9.774762410603877,8.761612703048163,5.18320517679364,9207.95479497124,2367299.698400549,"7170 Main St, City 264, State 26362"
96669.1755978784,6.100921952825599,3.293809083704542,3.489787144791795,12359.676496329139,1440187.681141442,"3092 Main St, City 265, State 49865"
92731.41668957411,4.32701483385266,6.297579954931592,2.9129856554354965,43791.23495093861,2128540.7822516486,"3563 Oak St, City 266, State 80437"
93223.56755883983,5.755254735914065,5.785671393409334,5.082939190356232,28014.28101658294,2030984.83656075,"2305 Main St, City 267, State 12485"
62354.203609777964,8.862862268139912,5.171030547635614,3.1692418454273885,35174.635802297926,1739641.615559305,"7929 Oak St, City 268, State 20461"
56423.265983804406,4.439224995080508,6.159357076078681,2.3995755467330335,26325.149163315826,1415833.1642082692,"7891 Main St, City 269, State 40131"
102842.50399306623,3.5414111718936025,5.689359294481842,2.0027709229262696,31307.145243920815,1589659.9677866404,"3816 Pine St, City 270, State 19743"
102910.20552112626,3.0325699754470516,6.026337299150658,5.041597007000336,58472.01256450947,2033592.623326077,"9495 Main St, City 271, State 34287"
108036.50867220933,4.38287518712169,9.854833059260496,3.810743917401184,43575.952990529804,2491684.2070101094,"1269 Oak St, City 272, State 54049"
112191.64973008241,8.240384696320348,3.6204308232470654,5.761554853367279,69827.39570342738,2439771.2524541486,"7021 Pine St, City 273, State 78084"
76020.8158974844,5.7730109215620935,9.455616088871109,3.875881991565512,56147.147858362594,2266549.390561746,"1551 Main St, City 274, State 48270"
75136.46652184796,3.81985282954832,6.361656994297187,4.430017241191134,22788.306516618733,1713971.1116337453,"6009 Maple St, City 275, State 15846"
101846.56610700977,3.3294799968779936,7.366195718496789,4.035424864076925,22182.432652235253,2136597.642170362,"3521 Main St, City 276, State 82661"
88496.75376999886,4.661835812083033,8.811280766323858,5.252873955546731,26833.387557605463,2081861.2238556237,"8813 Pine St, City 277, State 14767"
93177.0189531933,9.519394983085672,5.523241204044789,3.780695810074841,59811.86624210328,2370598.3321359972,"8363 Main St, City 278, State 28803"
101621.3402492491,4.744213700720195,6.012953356615768,6.818838249711544,6773.697292286764,1934435.745638521,"9609 Oak St, City 279, State 90056"
110100.48076358097,9.904992607637084,5.866629361950998,6.68073493299265,19961.78312663175,2277701.619708906,"7678 Pine St, City 280, State 96850"
60419.56411663823,5.881843646122849,5.623117157750319,6.240139513286406,63819.69732237735,1753868.570060777,"6353 Oak St, City 281, State 73486"
63802.46573759496,3.433311346321207,9.478705251528265,6.601501352863741,46593.26834541138,1892548.3850099451,"7612 Main St, City 282, State 41088"
38458.37458567821,9.129120734348074,8.802509238351085,4.2456984422969555,19745.061207568666,1837243.5838292732,"3178 Pine St, City 283, State 25684"
82045.21268965566,5.682842985078615,3.7629999290408325,4.682151983947461,19244.42293511772,1568046.3875580588,"5352 Main St, City 284, State 29268"
33234.80464170679,7.6773707480361955,3.7568634673396724,5.7104629627912225,61070.17661436299,1390127.5486581086,"9924 Main St, City 285, State 89164"
71903.82163192141,9.869692665673213,5.995086603970938,5.480729624692706,63094.23803800802,2243396.378817507,"6408 Main St, City 286, State 34054"
78838.0171236819,2.401402802559792,3.6906016371296633,6.453392978027354,21648.520912537493,1538339.875285913,"7431 Main St, City 287, State 54447"
55788.712691545596,2.773556478300537,7.333651666897838,5.5816551362834765,32333.173274974597,1708631.8029302673,"1692 Oak St, City 288, State 19449"
83174.99345121096,7.763653931702049,4.0058412508321375,6.989423541142303,59248.723010840615,2097586.2035795352,"8624 Oak St, City 289, State 71609"
32745.022494514447,4.254600026363776,6.656612847767607,3.742528999157955,55115.48350964255,1385251.383587962,"3906 Maple St, City 290, State 48848"
33361.3369874293,3.4744111756007925,3.0505396290260243,6.16498871119709,57904.54692679549,1233459.7365931636,"6157 Maple St, City 291, State 82220"
104034.05045936925,2.314895038557836,5.216174438888527,5.488174114163321,38695.88240121797,1944017.1461406236,"2105 Pine St, City 292, State 19376"
62417.15772701366,2.1747736958896144,7.740335065708588,5.456932226075093,64250.68813983625,1745182.6089553381,"437 Oak St, City 293, State 96245"
41435.446138669635,8.195884824958327,6.388272581594939,3.6291779742249943,26186.850357038293,1464557.6027647497,"7009 Oak St, City 294, State 67965"
77001.8934049324,3.0754674189564,9.847886401992916,5.928008962115113,15183.688732588673,1897309.7687712035,"8827 Main St, City 295, State 65013"
99299.41977887497,5.741764927769207,9.118726572463476,6.501880111737996,51067.60161671621,2663633.2170772175,"2341 Oak St, City 296, State 46584"
49423.89247471589,6.847174521435864,5.513495453302058,3.0927423076028147,40058.03704044827,1529475.3320912877,"9021 Oak St, City 297, State 66615"
86060.14282371002,5.42681440455077,3.3184057903059223,5.127484185583521,60548.07497261627,1977266.1912583709,"5823 Main St, City 298, State 26037"
37681.271849439116,2.216853218689865,8.919384100805132,3.960674145513876,10275.351193106471,1324537.0368762638,"8997 Main St, City 299, State 87009"
34651.354905174696,8.26801202070327,9.3786401722027,6.947740596474385,59840.006223474345,2106721.494828729,"6683 Pine St, City 300, State 50865"
77821.91684113332,2.084105796333228,8.744391753933257,4.394164079158408,24064.152458573444,1924370.6487660594,"556 Pine St, City 301, State 18067"
78657.16094490958,8.095119155019873,3.895649586438354,3.1416008689847135,47565.61836593189,1930314.702809563,"5342 Pine St, City 302, State 90694"
87368.69113483859,9.146435950304982,9.985405940886015,3.9092881261091628,7608.371290086627,2323944.41856912,"7401 Pine St, City 303, State 71693"
95348.22003503953,5.462719368457378,4.810089550869417,5.269191949083131,44622.78425973404,2130351.670492097,"6819 Oak St, City 304, State 77630"
117826.68715162811,6.284339784782386,8.069434389658591,2.3804468567478816,51622.659797176835,2505400.713551681,"3479 Maple St, City 305, State 53587"
76467.03134710758,5.81586714094123,9.356244134350051,5.018009601106188,28968.76394286532,2270700.2819476817,"8446 Main St, City 306, State 59210"
59066.08256471214,5.1136689489875105,4.649809800314966,6.65612379589449,19001.695842039117,1351029.269889881,"3703 Oak St, City 307, State 28991"
101566.75752918333,9.099396282962882,9.357809882739463,6.251813938289252,39945.99397923043,2641375.192870646,"5111 Maple St, City 308, State 51224"
54374.90261358668,9.151468085359923,5.166371054364069,2.338367683289917,59157.402288317026,1808902.5159468376,"1708 Oak St, City 309, State 70558"
69507.42786350724,4.686530917132276,9.834892556688393,6.966949393695341,26030.578289282304,1961701.6177034804,"2294 Pine St, City 310, State 45252"
37061.074320803935,6.920558032117584,4.968820142663322,5.493634618519396,21410.504338883173,1443964.238653356,"2736 Pine St, City 311, State 86251"
32281.566907391178,9.415260497166912,9.674050773304845,2.8114041215701184,23130.7950614497,1618490.5871933352,"3456 Oak St, City 312, State 43645"
116638.35732101326,9.696467991530813,3.3748125562487243,2.0620804458471174,66693.58993958318,2251103.907783868,"8739 Maple St, City 313, State 47261"
105238.21084609852,6.07167232337638,7.964904081688691,2.8564131814607565,28352.999524696377,2020706.6629424233,"6136 Oak St, City 314, State 94135"
92637.67854843283,5.622598442274614,6.7247779368590255,6.190879603428693,5234.275592738666,2113249.3603096167,"5727 Pine St, City 315, State 34805"
66805.76499728429,4.229554527428206,6.345139539859114,2.1081966247258186,55809.27851737528,1706283.8814671037,"1428 Pine St, City 316, State 28083"
45596.48880637612,9.67097498552328,4.564460199790879,3.1657365180904327,50452.86169680036,1868595.2608315414,"2146 Maple St, City 317, State 82494"
44079.33384039775,3.142514435782939,7.939170528435444,5.7865279766743765,13356.937199192978,1553728.2204161054,"4273 Oak St, City 318, State 20468"
52521.860834813575,6.6386366083818,4.33566644012415,4.930552679490676,69018.77619376931,1741824.036665827,"8823 Oak St, City 319, State 73135"
79430.39982355083,4.260402140149111,6.869892571893377,5.91367855180096,44524.04854483223,1898323.3408445239,"3772 Pine St, City 320, State 76036"
94313.63304300561,4.232066322782373,4.7727175412817555,5.73075251913394,37550.666911139095,1791597.9564326871,"5607 Pine St, City 321, State 31991"
89417.7639045958,5.239748699009508,9.689349658469492,2.2530069356090237,29844.252395487918,2200421.6741093975,"2751 Main St, City 322, State 94073"
55194.05072513486,9.990343486525237,3.20041835684957,6.462557095470758,63413.729111636465,1811285.107620583,"4737 Main St, City 323, State 54003"
115937.87525968747,2.4397304547185765,4.398097960778656,3.1351591714113436,20857.626292206613,1697628.9872499392,"5105 Pine St, City 324, State 28047"
96410.72250261916,6.628334545628252,4.696174244712134,4.766962201148819,23574.97851429362,1780415.808839676,"3295 Main St, City 325, State 90709"
79891.86472602606,2.6605772642822174,5.898474780374714,5.2214407826388936,12956.702434626848,1529381.8556422915,"6023 Pine St, City 326, State 95105"
85054.86716109171,3.2361666399241518,4.629111693090374,2.8431410544254767,54342.7412129769,1921790.5992786265,"1532 Pine St, City 327, State 39750"
67764.00561850109,5.516503534183189,6.439443631881497,6.881156283504872,43710.703226380465,2114936.719882869,"4217 Main St, City 328, State 13706"
52295.78905510417,6.08368105077153,9.107258662809773,4.440779780436545,44589.301001542386,1932391.4492660994,"7260 Maple St, City 329, State 57544"
62037.54107861355,4.070339266916192,7.984443949864195,2.288213477986967,19200.578016265135,1642191.4641661444,"9847 Pine St, City 330, State 96924"
98206.14994179322,4.5316570469953295,7.059733863745778,6.686310223889202,47325.94529326045,2177010.056867387,"3545 Maple St, City 331, State 79354"
31295.413976678028,2.6957361620474645,3.6230222458787575,4.93133921596634,54754.79907104616,1065848.364542725,"8088 Maple St, City 332, State 58416"
40446.53764562246,4.425758270754004,7.857944758724929,5.495965989906882,28262.7544971698,1698099.528635699,"5710 Pine St, City 333, State 53413"
34140.237781957745,9.732467515044352,4.164899990176579,4.625878949671121,57087.5643575113,1772789.5824533252,"9524 Maple St, City 334, State 94580"
33665.59220870731,9.557659053379854,8.504571701731885,6.1736897738848375,27671.38825458136,1729130.3368001399,"7931 Maple St, City 335, State 36838"
106991.45256099066,4.67902632109588,4.750397309571072,2.1656673109660547,54278.999998103696,2011978.807907426,"7059 Pine St, City 336, State 49034"
93329.20734420212,6.566831490230093,5.919341098246306,3.341891826385739,7192.456984751734,1826413.3454575443,"8956 Pine St, City 337, State 67229"
72675.64461785927,9.276763128887556,5.453291416225495,4.348241782013461,40825.69909578742,1919409.7573738534,"3409 Oak St, City 338, State 33878"
38805.074458590134,2.0494705811271734,9.011697402723998,2.38301808156855,68019.22644159263,1741637.5660581857,"1685 Main St, City 339, State 71808"
74245.42876051491,8.485468562700735,3.885811210993857,5.529533346633292,68780.8990443554,1856186.9537038582,"870 Pine St, City 340, State 37309"
72612.4593702509,9.586956422311353,6.959514176693521,3.9683170702782036,23313.91759221314,2044499.618116601,"9106 Pine St, City 341, State 99132"
45588.16829190137,2.7306058746684565,3.9944312661014356,3.3633399513407203,33690.9409202231,1254145.191812475,"6728 Maple St, City 342, State 92462"
69046.64843141758,3.2915814882633683,7.933570852925307,2.0168942340420615,9093.564019131149,1581490.7567181045,"2204 Pine St, City 343, State 92671"
65865.4260957636,9.685970422170843,9.335546894561368,5.599151558749769,61767.18499429898,2455913.788063753,"2112 Main St, City 344, State 82812"
85426.50882469949,6.30032114912277,6.042253577070774,6.169046544364309,41957.18995411392,2062283.9620240394,"9679 Pine St, City 345, State 59698"
87158.42857808794,2.1135730757737896,6.416645821854831,3.9752026784074923,30031.544131133607,1881721.3984414595,"4962 Oak St, City 346, State 77107"
34077.360879484004,4.061055990108233,9.491959855379335,4.821089885166828,12330.086301794949,1357245.7943019925,"6585 Oak St, City 347, State 61843"
63715.13531638241,5.599549394150877,6.6469397205455,3.138433129647992,66539.8735572978,1840858.8360902497,"6961 Oak St, City 348, State 47542"
86327.39241428128,7.543271288198142,6.413189066346927,5.110988231400666,39464.23810836459,2096962.1370592134,"60 Oak St, City 349, State 98131"
75282.2632722079,7.865283025094397,7.048303718930129,2.0606872915760026,23390.31539038875,1621502.538743298,"1339 Maple St, City 350, State 17001"
107084.085706949,9.96337210340365,7.824608154540663,4.443219485493792,27763.98345854812,2358499.3431026265,"7949 Maple St, City 351, State 94391"
89282.42684570505,4.300089595070072,3.7481836256092196,5.221027409203462,22595.3167599396,1595930.9188992146,"8912 Pine St, City 352, State 51522"
44664.09843732867,6.305760814947802,8.747773694190613,6.59095886614867,44117.637575703746,1974888.4740012393,"9175 Maple St, City 353, State 69679"
36351.18726603869,6.26658838287684,6.048535192172815,3.9066790856114215,65447.63242573314,1534478.3072436024,"4521 Oak St, City 354, State 60882"
87817.73503856841,5.2451620755779,3.506439569282399,5.825951014905149,60685.097216226684,1817346.737504861,"4340 Pine St, City 355, State 85085"
32386.017948745965,3.3532951507393616,8.503278684387492,4.988435149717503,34924.75690268853,1577812.6488460142,"5226 Oak St, City 356, State 44730"
82719.8023146117,9.81965250547074,5.638649801803904,6.635060564625403,58722.45854956551,2100145.677671551,"7247 Main St, City 357, State 81501"
114620.72172824618,8.826537493332689,3.7025724656653773,3.991888378297153,32501.856282961442,1958881.4152216907,"2679 Oak St, City 358, State 72399"
81792.6760088291,5.986664226353898,7.436453276802753,3.59547669936494,21399.964149311472,1890881.125270777,"5308 Pine St, City 359, State 59475"
64935.29335858697,6.8259633814722385,9.160919474035492,6.435709993470719,68921.98249231781,2116435.1960401954,"2203 Maple St, City 360, State 12342"
87895.93965981179,3.8180884284772985,9.214274565897904,2.2462220070414456,24752.69191810342,1857187.973629611,"3046 Pine St, City 361, State 58303"
71242.7601442365,6.350296563133975,9.703644323662813,2.681926964668384,26042.075014149046,2074245.5386716835,"1456 Maple St, City 362, State 36293"
79105.51103843414,7.5597610649718066,9.073938218366816,2.4120221729202225,69330.03640612395,2401566.452111761,"5392 Pine St, City 363, State 28589"
114731.83278988727,6.12133622709271,3.0149864354183267,6.215549782882013,13705.287055767567,2028463.4044374847,"1140 Pine St, City 364, State 31098"
64749.23740206968,9.922281364679531,5.661688164893731,2.053037116851597,54434.70922063018,2041183.8210855944,"4715 Oak St, City 365, State 39603"
116507.15074415228,6.8907332499818095,8.72979805933852,6.30828577748524,65827.82930137722,2850493.1665206184,"4668 Oak St, City 366, State 83829"
111481.55777604574,4.967789700737352,5.56377104198932,4.256338976856334,38266.67462790221,1914471.2677189787,"7855 Main St, City 367, State 99078"
47621.20213103668,8.177216220926706,7.210839544657943,2.0201263942698535,5163.914510683302,1593404.5563037964,"3974 Maple St, City 368, State 94403"
36242.51707876489,3.3637000926531364,7.244218631621724,4.00822588606021,29378.831367351908,1324327.7794116535,"1214 Pine St, City 369, State 21184"
39070.020123968396,5.076126509650132,5.555177128271762,2.934004205225178,12251.984505013761,1163458.321066712,"4430 Maple St, City 370, State 52564"
31639.964308639475,4.775671603020687,9.331317490969013,5.122002437360815,32052.197960690224,1671651.1486600963,"5996 Oak St, City 371, State 34479"
38499.86646803356,5.454456760862218,6.522598417702824,5.396793949608233,56351.739506748505,1450162.3441720868,"1546 Main St, City 372, State 47230"
91470.60960747211,8.25423860742981,6.253489441562506,4.437637852024999,33516.25067744703,1953296.7101319653,"4084 Main St, City 373, State 41829"
36406.97836142061,5.87338425730726,9.98259621963327,2.20259762719835,33075.132887484964,1751157.5617117777,"7040 Main St, City 374, State 86946"
58707.80672643852,8.352115602127702,6.454502548508317,5.280644021836009,41191.31599972503,1934198.553656231,"7156 Oak St, City 375, State 49438"
106038.77798725091,6.611911225118927,4.248787763500067,6.210193918027606,42809.88800859921,2144914.8853794364,"1873 Oak St, City 376, State 83933"
32094.474216224327,4.736555477260443,6.591485960044066,5.601621386632008,60659.26007193314,1468444.994315103,"816 Oak St, City 377, State 22237"
103302.16343300421,8.47982994946778,8.698117148639511,6.149789594776593,25043.103549881846,2536954.6727455114,"2052 Maple St, City 378, State 56794"
55366.929729605996,3.9063173644247327,8.43802228828797,3.0025476177544372,58408.632183921036,1874176.8272386203,"325 Pine St, City 379, State 48902"
40634.83448594906,3.795063838398364,8.520072355759297,6.444439698282413,41785.693664983075,1688499.4360182858,"605 Pine St, City 380, State 61734"
92706.34488277356,6.036023392438686,7.956166487985382,3.610967253239814,24534.42073161455,1978626.9546167906,"3123 Main St, City 381, State 91365"
86604.85621018955,4.086793967696711,4.779524803466817,2.0670240712599552,24183.19286039501,1593152.0966308995,"3115 Pine St, City 382, State 75882"
108972.48121743476,2.0726962796097306,9.03458860088162,6.2169582316453535,28473.938611872094,2328788.521986529,"3444 Maple St, City 383, State 34686"
96156.39394234972,7.186380218390412,9.254104257633855,6.709106344823634,45475.060770298405,2622578.9074301063,"23 Pine St, City 384, State 95736"
102313.28373463637,6.088750571779184,4.359068876329843,5.277790987086744,20002.762538396695,1901989.7580086635,"1708 Maple St, City 385, State 16715"
55383.111531417584,5.5641425159452895,3.9131894558597575,3.157183152317123,64821.68150869738,1538950.0029123952,"6054 Pine St, City 386, State 76050"
45969.558940175055,9.735748116946523,9.829234780123784,3.2587223214126517,42369.31797156353,2026261.1263566704,"6288 Pine St, City 387, State 15861"
97555.32764767724,6.5695934717033095,9.078267745552576,4.332964367178097,64801.02550474044,2511777.7291362863,"2857 Oak St, City 388, State 67668"
102615.12653405376,8.907452622315077,9.252653030469627,6.489155398007098,8016.283307645055,2388385.4873662977,"6337 Maple St, City 389, State 46258"
119145.4627800606,3.1156018896412814,9.204634692370767,2.747988280737792,27269.73907999577,2012975.3357372854,"2508 Pine St, City 390, State 78714"
67135.59092202838,6.5536517050354215,6.791807768236099,6.1298683479174345,6482.4979446955,1877968.556256653,"7432 Main St, City 391, State 93464"
63481.62772135049,8.943837013847222,7.524812156660598,3.4565140435257518,22696.36798136804,2080639.2563675817,"5852 Oak St, City 392, State 35101"
99877.16646677972,6.664846058239184,6.8175399649354915,6.04293084714549,61030.420697458234,2302617.207715681,"6173 Oak St, City 393, State 85477"
60672.31862277161,7.744113425016012,3.3584444443323034,6.601355988007693,7379.631529743056,1390877.9134221694,"6287 Maple St, City 394, State 35416"
113768.15930432083,4.976348542497659,8.218521597469408,4.137469359971601,33349.56149452341,2321142.5839983867,"2266 Main St, City 395, State 84440"
107257.14766587106,2.739596136296533,6.537324233351162,3.825253270527654,12641.859580759807,1891753.7297883811,"8259 Main St, City 396, State 15260"
68609.46246375165,5.663202361016571,7.533963523531608,6.011106594856509,32094.6428519239,2012330.0943924845,"8657 Pine St, City 397, State 39079"
97578.39610123476,5.15583512671086,6.518478634828747,4.64741441189697,59525.35297718453,2197567.149541526,"4900 Pine St, City 398, State 96772"
97908.85866762142,8.93648145903158,6.4426792562571915,5.422245242315985,45499.61717116374,2252230.1602165485,"6102 Pine St, City 399, State 12760"
39281.14819523394,3.951962418819778,4.202523766344368,5.1141461848058976,52889.162446542505,1212640.7569219624,"6422 Main St, City 400, State 44161"
111229.761601161,9.733873820280865,4.950996005988043,2.7644442282239816,27691.767504222764,2303026.5703544975,"3694 Pine St, City 401, State 97298"
75472.71352030715,9.665104958435968,4.11196884360769,6.223951801447808,66385.8501756592,2145538.8196516405,"1700 Main St, City 402, State 48097"
104381.17194969674,3.9810531445715096,4.3696640693773965,2.978875557065681,51102.03609566751,2043369.9372752244,"1572 Oak St, City 403, State 58739"
58804.46409275506,4.784415643818564,9.810841662942135,6.661410720353904,32416.923253494508,1877241.01895983,"729 Main St, City 404, State 92535"
110597.09056465804,9.16444592699108,4.071794120405389,3.252856457110739,32720.21201475857,2334967.175368514,"371 Main St, City 405, State 97258"
65028.15108607468,9.73297776716886,4.884892970136454,5.669404866368709,64714.47156631434,1847006.8899470156,"4943 Pine St, City 406, State 60271"
30975.388633226852,5.547512822688352,7.134127604170095,3.4232769674679604,42466.305073300464,1543849.6723309828,"9648 Pine St, City 407, State 37124"
111484.37787773373,4.5679763651271825,7.271250033656493,3.588927042934319,50914.648643697714,2096225.3775130438,"7020 Maple St, City 408, State 23455"
38215.80091075202,6.208752106012336,4.077818908206804,3.5500092639115266,32107.2895933561,1206824.714778961,"9533 Oak St, City 409, State 23541"
58738.22738313734,7.502153650925878,8.556021980496485,5.739461270130416,19540.029709706418,2072957.9945146267,"9711 Oak St, City 410, State 82296"
115505.57703457244,4.187796122999838,8.496420075389775,4.784075589846966,52031.353979637206,2530974.6455680924,"8903 Maple St, City 411, State 43341"
115554.64322438005,7.891785396952582,4.661223929427237,6.414762279237486,44508.54518919021,2283397.1692199656,"508 Pine St, City 412, State 12222"
81609.40993109575,2.4132588569171283,5.020664118728224,3.536863596020224,37587.28722761066,1580568.8113915632,"7689 Pine St, City 413, State 36273"
86865.34909528194,2.3943559421153315,9.56591505821648,5.459962610283721,45561.36109964015,2155312.387606161,"788 Oak St, City 414, State 35162"
70360.09697804878,5.090301641164362,8.779700121856347,5.764742998315553,18538.563094175188,1977541.2660836282,"3651 Oak St, City 415, State 37277"
56388.96945282581,4.827785536485765,7.884579231437667,2.757410565149791,56606.01592457716,1926955.6447132092,"6072 Main St, City 416, State 95956"
59579.809083292435,4.525065722937218,3.5756325505742037,4.002946786599056,66630.58232631988,1515719.8957944433,"8748 Oak St, City 417, State 59029"
90526.66104693346,5.92815810135128,5.92784856631803,4.4140874717520555,62921.704370900676,1961755.0405006858,"5213 Maple St, City 418, State 69930"
97713.7076493912,4.56586865849257,6.915113104537789,3.7784369494718715,25893.323444956113,2017156.1461953765,"5904 Maple St, City 419, State 24374"
101242.11393532637,3.5380633477447354,4.311879015886438,3.6105629798456906,31390.375263334932,1753800.3099726213,"8168 Main St, City 420, State 65584"
101065.63285150984,4.475756392708807,6.1375860747575715,5.432099469988209,57546.149486841474,2046081.3951901537,"3634 Maple St, City 421, State 27845"
38208.54927438213,9.799234182481879,7.20718114242083,3.079331988297443,43682.61350359925,1789181.6119597806,"5915 Main St, City 422, State 73317"
74497.82742323233,5.288907335958789,5.291636760807794,5.546953726255644,40614.4388389822,1780924.0124681876,"7929 Maple St, City 423, State 18475"
35180.288401497986,5.557702214866686,8.46661373265341,6.675220981953653,65231.72788967394,1864083.5829245457,"6807 Pine St, City 424, State 98035"
79457.5994091362,6.61235991960912,8.883147071471639,4.825987605888756,39841.6224635083,2090389.0762650352,"8433 Maple St, City 425, State 47424"
69737.74512360393,9.866726147313813,5.265266286038496,5.0571711836973705,38471.01417317514,2004676.3208941561,"8893 Maple St, City 426, State 69263"
109893.37644824699,3.932810211486104,8.8706000814472,2.344663510620445,7731.208432313377,1982508.4093772336,"4361 Main St, City 427, State 28710"
61582.351129687086,7.4502568842594705,3.725035962721105,6.322384518089141,9512.102308358946,1440798.1406423433,"2797 Maple St, City 428, State 15179"
40536.031478484525,7.727877548333793,8.864103690358593,3.427238935999328,5482.320012242261,1606819.8324626856,"1611 Pine St, City 429, State 59616"
42869.251384755225,6.858595334344527,4.069253021673316,5.075255827642824,64360.87467593618,1745406.4120035807,"4324 Oak St, City 430, State 81011"
98535.9568545725,2.7086267170931526,3.5804900675680824,6.895560848724012,31545.13290115054,1850305.1366281519,"9682 Oak St, City 431, State 43566"
85639.6256984635,7.414978206620612,7.492427831087078,4.977513002864039,35456.48944867181,2260866.4815586912,"2801 Maple St, City 432, State 62392"
39101.04085105112,2.512757688289404,6.3035615602870605,5.623547437321887,59950.15159351003,1631098.1021694674,"3356 Oak St, City 433, State 55317"
37569.61255034977,6.769141196399175,9.355234202889829,4.22659809111876,44601.010174425566,2172658.128741421,"860 Pine St, City 434, State 57102"
93087.2218313208,7.916649417773941,5.542324372635944,2.301829217575287,44617.60376538777,2066392.4411228215,"7689 Main St, City 435, State 20337"
36548.67057277742,3.6877591249596033,5.0100658440634005,5.987996747448943,24274.73790806281,1393733.6137775942,"5023 Main St, City 436, State 70916"
103967.40533613205,8.732976060342192,6.5051443430093885,2.174994206319928,59204.04430509375,2459267.9769744417,"6403 Pine St, City 437, State 57620"
93561.80044408466,2.242830444264034,6.191623300380629,5.50328914443927,15778.948442567096,1886686.0575612648,"1775 Oak St, City 438, State 34398"
37321.39025777098,8.750502909266448,5.410996323520318,2.1146078657481846,8454.723491241613,1526754.5691553291,"8343 Main St, City 439, State 21412"
37635.394267667274,5.682632405142121,7.8561890908883,6.311526182883353,17454.218238704598,1523666.2637864186,"3022 Oak St, City 440, State 25293"
118797.56206510578,3.740703519453156,8.316932837397358,2.788180179164903,22402.919220346706,2186156.922698547,"3818 Maple St, City 441, State 70787"
63684.37161805083,3.070225159951744,8.970887783210957,4.571357477212755,23350.21876052344,1793894.366302158,"761 Pine St, City 442, State 45507"
63357.79323602018,9.62645734065898,9.8099962329724,4.985753522415736,48583.38391021989,2273920.046062326,"7440 Oak St, City 443, State 97468"
103151.96105317523,2.5813247006492537,4.866593344927532,4.287727036867061,19158.59817636183,1806188.2004460557,"6792 Main St, City 444, State 98765"
115252.37196454729,3.5927473594874053,8.01265437742973,3.703817446744436,48982.78979217399,2485476.7886827257,"6868 Main St, City 445, State 13943"
118740.09574405837,4.782578779464368,5.7598076484702165,4.339071480904859,10923.591260196983,2024289.9367489223,"3461 Main St, City 446, State 46389"
97804.03667330474,6.961878791688964,7.739573803657756,3.5570787694057935,14568.159971364086,2094385.4772897372,"8919 Maple St, City 447, State 55821"
63863.36269778242,6.358408682208787,6.331871832444542,4.190611735404316,38073.394151914676,1796620.2308581874,"9802 Maple St, City 448, State 39576"
37515.06450288019,3.005147939298512,9.95641171937552,3.794564954990153,64923.22716748177,1737542.2214283654,"6751 Oak St, City 449, State 84667"
99943.22243346932,4.317823869905717,8.102314950535249,4.831024117535726,60871.89327272241,2121398.220961134,"7469 Pine St, City 450, State 40505"
80256.38247622245,3.9100141686881926,9.667439103040271,3.189620811224917,67968.9737587822,2148980.3903006203,"563 Main St, City 451, State 81097"
68179.98083222785,3.708342835922731,8.8447868463683,6.943282774570062,47281.13924308111,2088241.401504137,"6046 Main St, City 452, State 21271"
111571.89465852623,5.289154691839896,9.320307078143598,4.504349766910828,48927.96631704598,2649326.2471145643,"9765 Maple St, City 453, State 17512"
40007.77340755362,7.632251620733255,8.700934380502725,2.9708103870725484,45626.494930546985,1679559.995063556,"7853 Main St, City 454, State 73968"
74336.25938617732,3.7396234577378875,6.21411391263138,4.385333747836363,45483.229985782826,1670520.8022000985,"6847 Oak St, City 455, State 31422"
31021.828029067718,4.933431037623851,4.76251917342819,6.332075647624121,14562.822429393002,1203691.127893547,"9450 Main St, City 456, State 22764"
72179.45777947136,5.127339414729298,5.5922412281536555,2.109033965621978,40343.03215065536,1482967.5200176232,"4781 Pine St, City 457, State 76679"
35067.29481136536,9.811652235483281,3.141653628479653,5.397770595536445,30094.41567436217,1360496.0261053813,"6704 Maple St, City 458, State 20806"
40693.612464126476,9.637330855032552,6.6679521722526705,4.739838983969641,33764.91902552407,1559654.399864676,"748 Maple St, City 459, State 65597"
40577.36220993944,8.401100662016606,6.535404601892861,2.847789971850678,39034.03724885043,1766171.0387356728,"3489 Pine St, City 460, State 87753"
88428.92719044571,3.9332713665534813,6.676753253813418,6.0873821965246036,13345.751167146354,1787510.206833634,"9338 Main St, City 461, State 95776"
97144.0391338881,2.5442985127333575,9.818218574804447,3.8444231118700283,28366.702700387792,2306562.4284518473,"5120 Maple St, City 462, State 23510"
82503.18885874437,4.535233101764998,9.380178024183875,3.4690101440775374,9124.221456979234,2063251.3325634594,"2769 Pine St, City 463, State 77344"
116595.52936270877,4.134356395470647,4.131989448310756,6.140625959284505,68678.42847745595,2166211.4606615533,"5481 Oak St, City 464, State 75945"
63738.35215713336,6.047406401171151,5.582177650891224,5.192625230958323,12704.3218733082,1498432.456311872,"646 Main St, City 465, State 93471"
55714.08776536747,8.221823280542345,5.967693256242834,6.491295418374122,21804.108005422044,1730052.3298417937,"5363 Oak St, City 466, State 62739"
108173.92153705143,8.866583511030864,5.523730424961535,5.149418518355997,62934.04023572082,2425654.9192224443,"62 Pine St, City 467, State 71687"
50123.62546675074,8.758912683284068,8.589471745227392,5.704088289660577,36376.15300554422,2013957.736562681,"1728 Main St, City 468, State 34552"
116690.02854965502,4.877404489784542,6.668263689073108,6.182229481298064,13816.41809884097,2121126.2510917545,"2967 Main St, City 469, State 32046"
31093.902722083472,7.497874747685463,7.004698718801375,2.2736981795496845,29974.98497255768,1538934.0197107173,"8071 Oak St, City 470, State 74932"
117289.09440368752,4.50267358019376,8.97109491291548,5.880244794346901,12531.419622440078,2381309.463522399,"9926 Main St, City 471, State 46398"
33884.39207555185,2.4872443458814617,8.64149707390751,5.068532409247884,18014.039810492613,1362612.5596205057,"3870 Main St, City 472, State 12039"
110202.8802328264,7.612522124823538,3.9254806597420977,2.347538982575966,8381.940051739926,1837825.165542985,"7455 Pine St, City 473, State 71356"
77493.09981776698,2.0786204205583028,7.99740208858544,4.542889609343575,33484.787145691495,1803876.3119913163,"6635 Pine St, City 474, State 11724"
119366.83165073703,5.2734606996679085,6.048052902314248,2.4122903899197694,57431.347912141886,2219020.9097514506,"5671 Maple St, City 475, State 12455"
36641.6908261859,4.635034154416606,5.062542321437503,5.679736008616112,43087.99661549321,1394847.9345219976,"942 Main St, City 476, State 64447"
79846.88559611887,7.547020308150819,3.3501317463153044,4.732508569489415,44412.444856499766,1816411.7609631259,"7689 Oak St, City 477, State 13061"
117237.2282057189,8.129963782083031,6.410746922418157,6.767867687061487,18037.96195541062,2411126.7936913245,"9477 Pine St, City 478, State 13763"
77078.80597531339,4.432757087770271,5.48805676507172,2.9156768578588492,27353.099811403823,1832330.5011073553,"7695 Maple St, City 479, State 45656"
86645.87743217363,8.493016115558827,4.760591277734806,5.030167262601893,59940.736749654076,2109321.1119748317,"9915 Pine St, City 480, State 14006"
92617.38200861555,4.35133408403947,7.862702107178703,3.057910672852457,10710.651981223446,2018507.059666565,"1087 Pine St, City 481, State 86840"
70908.6958290996,5.57061087989249,8.38639771120911,5.070324923636992,60765.49248845469,2137425.2690313025,"6511 Maple St, City 482, State 55332"
86480.22720756571,7.8161482161130715,4.713526633205974,5.613248511804282,36439.85170721107,1959464.097238127,"8413 Main St, City 483, State 87533"
82588.28807307902,7.543361833798309,3.346132056755431,5.611521646647693,59414.58303613262,1924244.1745461104,"9319 Main St, City 484, State 36506"
111104.22094418902,9.8989477784976,8.941268903956644,6.075369953413049,25670.417260636023,2626021.6546720676,"8665 Main St, City 485, State 61020"
34090.17423073121,3.801288193727455,3.069718188430123,6.267751139791583,27024.791852896353,1127676.8712991455,"4113 Oak St, City 486, State 11462"
55286.68706330073,7.298543308316659,9.559787457450305,2.3863586313358853,53854.31644100428,1927507.2972680654,"7699 Oak St, City 487, State 46777"
115537.03356689028,6.877455266206219,7.393339117878941,3.7163357853620202,56024.75127049431,2335790.0199783645,"9929 Maple St, City 488, State 24538"
110123.74055018247,9.32078763592024,5.2529264464092424,5.435612601799028,19926.904069359538,2315643.540758772,"7974 Maple St, City 489, State 13177"
71009.10775071417,3.2508971331590004,4.7253453670371535,4.492931436956061,68236.63611342385,1816447.070461991,"2866 Oak St, City 490, State 45229"
85811.93380213832,8.014385308695463,3.063039649851327,2.9533797337739576,10491.856775913882,1719506.0346173309,"7783 Maple St, City 491, State 79117"
54964.30646830194,6.546148930150147,4.64829991907614,4.76354785083349,9452.692601638508,1454481.6051054627,"8693 Maple St, City 492, State 11775"
46930.90437513852,4.197326958303243,3.9640981106199877,4.037178263830719,43707.77399359668,1412679.9211443802,"607 Oak St, City 493, State 17375"
71732.8564445984,5.795479313177393,7.285163545062019,3.9501913882715254,51978.14990515539,2039655.007485452,"820 Main St, City 494, State 41373"
61801.70052234475,4.670212776558382,4.165819120156609,6.048768587178319,67457.5983996233,1782307.1591728567,"784 Maple St, City 495, State 17560"
82529.0500665785,6.634507222307687,6.700408862756335,4.037991669160906,31321.475751926002,1884841.6175019217,"392 Main St, City 496, State 86245"
36996.11732684864,9.112004886517326,7.130814956411296,2.1322725274021206,6643.941584326152,1383519.3181354874,"4446 Maple St, City 497, State 56801"
117695.53268995498,6.554439875297616,5.086291888428402,2.2903166944554565,44188.26206401645,2162374.5582172214,"5319 Pine St, City 498, State 64714"
118758.96700316426,7.053779346612672,3.2454546431310307,6.281220208458102,23830.241338920172,2105764.410806837,"4440 Main St, City 499, State 26978"
92834.55426177706,6.149982776917676,3.260777164299373,6.803004050062606,33141.562877701144,1842312.677784759,"3325 Main St, City 500, State 65578"
78248.67297097083,2.4093240515638072,3.1844313253574232,5.442046682278538,36750.516346245786,1317052.38738229,"7731 Maple St, City 501, State 15033"
57857.485465769496,3.862868455008754,8.173872669955824,3.821841470500401,9193.319697972198,1758419.1948229857,"6764 Maple St, City 502, State 47101"
103241.55177362538,5.936013835456662,5.226067933700087,6.693001578973638,36588.815996666686,2103631.172669063,"840 Maple St, City 503, State 71113"
91625.80552984914,4.481882269957638,8.574101301773645,5.314015431878679,32710.77834228046,2166525.069263723,"4688 Pine St, City 504, State 13043"
44635.52454104021,3.4541087820895537,6.022129766899944,6.2216677459966885,51315.37724362856,1668512.8835412245,"1632 Oak St, City 505, State 66784"
111983.44660444582,6.033062735347507,6.170986705809747,5.829261520185047,46968.284228802404,2090388.5790740566,"6116 Oak St, City 506, State 32879"
104028.3518630852,4.582478347582803,6.590178217567017,3.895696578862962,17039.021679786467,1947518.3119890033,"2490 Maple St, City 507, State 70780"
115481.99219627316,4.064861145387318,7.991220194625727,4.393511004253927,18399.029683675806,2182449.345990172,"6 Oak St, City 508, State 42717"
95314.7557549524,5.711883339523046,4.914520060807949,2.9306607718404973,21315.40162033426,1792769.1561021344,"8412 Maple St, City 509, State 50971"
85207.3676342211,3.066274064657385,3.8511114467346883,3.46007050220367,16631.778619316527,1483088.6444051529,"2843 Main St, City 510, State 84185"
67641.8732661557,9.421965864603258,6.892401346340231,5.890628306432609,47718.85797845037,2258935.752528653,"8359 Pine St, City 511, State 36520"
113945.5635018612,8.941616783353911,5.288843362699175,6.469891959415541,69637.96164801758,2619276.3977975175,"2196 Pine St, City 512, State 83110"
107945.75005503675,7.660964685924283,6.097439195676262,5.622302116257059,47387.04213353588,2451708.671518957,"8144 Main St, City 513, State 97005"
34069.68030955705,2.8497106207076497,7.528626958361138,4.325868483283191,44434.30050243393,1442132.0749916018,"4738 Pine St, City 514, State 87166"
32373.02770475268,8.207018035757544,6.458880187988894,2.4325463446987374,31645.315667819712,1342057.257940026,"856 Pine St, City 515, State 37240"
63881.70301902446,8.463658624872153,7.3419517197059,2.284739743492241,25317.716825884447,1636517.171929913,"3239 Oak St, City 516, State 34518"
102949.79977036496,8.1421169417147,6.809400014795395,3.8716278230642693,64219.79419892115,2265662.879336387,"9421 Maple St, City 517, State 50106"
118854.851638345,2.9117270969539293,8.178574603552693,4.319108593838315,67985.12181923995,2493896.276843313,"5995 Oak St, City 518, State 25398"
43537.520199317536,7.151263656542118,7.94155632398134,5.045603111066484,37290.4514132023,1769260.212406558,"2694 Pine St, City 519, State 77507"
83471.76438169216,8.674598365995188,6.739329242660334,2.032447606934986,23863.032207926237,1966866.1260215878,"5403 Maple St, City 520, State 84227"
64280.17709679194,6.618827209757342,7.752321146017948,6.948614452331531,55057.9434985349,2040819.283525829,"4115 Oak St, City 521, State 95567"
117292.2958033143,7.171259001824712,9.114917215908289,3.8196944170202145,13609.6914063471,2644490.7324836585,"7910 Maple St, City 522, State 59838"
105790.70308221377,5.666907835410449,6.02589901451718,6.240473319005607,54763.2354468393,2202064.3614607523,"2068 Pine St, City 523, State 38497"
105449.58342400241,6.229658559072421,5.8893415092415555,4.674833528327022,58231.64433023702,2361311.256045571,"448 Oak St, City 524, State 52084"
72182.38438154732,2.2750148668138017,8.349719345966662,2.6521972726667324,13118.756400765878,1648903.128619427,"294 Oak St, City 525, State 63312"
67333.75521038986,7.111704175786277,7.0778768592939585,5.987827762672609,68495.99547177664,2111173.7686971906,"2547 Pine St, City 526, State 49812"
54606.63647376356,2.6515777031292735,3.49704746155812,5.5491353745993806,69058.2988752511,1587838.3572946603,"3776 Maple St, City 527, State 86924"
35073.79469858344,5.480116754721787,9.24478410983757,4.637180424646139,65886.76615627782,1979128.7952988474,"9492 Pine St, City 528, State 57589"
107825.01386295479,4.341240781339263,3.215481715663481,4.5727654566689,37242.262611407175,1851990.0460182086,"3535 Oak St, City 529, State 49880"
103161.09082170698,6.363423601693705,8.238774493468203,2.4373980287546404,20994.81924799385,2266900.356806034,"1700 Pine St, City 530, State 61670"
119974.59059575175,3.0673306841856567,8.31155899893019,5.279244742869371,42830.60325732434,2426956.654868924,"9930 Main St, City 531, State 52890"
119697.31533665149,7.533147215786546,9.671777596973513,6.556225778771498,32295.69950064332,2706281.7066610763,"6833 Oak St, City 532, State 13739"
79988.85350423647,8.360092295427762,3.3789408588162453,2.466224596106792,18386.66190661781,1674553.9602010474,"4374 Pine St, City 533, State 12862"
99208.86736624595,3.306835597945252,7.177998025491437,3.3175572532445248,32538.966625160094,1925090.9648376894,"614 Pine St, City 534, State 38353"
115028.91568941851,2.8345046988150573,5.994883994389371,6.511539867210494,48152.839319043385,2177105.5646645115,"8985 Maple St, City 535, State 83794"
106468.26516096703,3.164123862298873,5.314430684016794,3.4217195490989667,9609.365201089418,1740678.183949103,"4512 Main St, City 536, State 22839"
52261.32915688779,9.017020495188014,3.6322299220935115,5.269718360899631,26672.170093991073,1645632.783035596,"5406 Maple St, City 537, State 51499"
70548.9721779084,6.225514094050849,6.938578837699165,4.674090824715721,6156.667850833637,1733337.6859390931,"5357 Main St, City 538, State 85926"
41624.347363634544,5.738087968060021,6.353285079722296,4.98163802501931,53717.20785500891,1499674.4559812502,"7225 Main St, City 539, State 62183"
115864.59245328502,2.853694552818834,3.73188120705717,4.078944507886265,46644.932395085554,1883130.4236340725,"3457 Pine St, City 540, State 39980"
84555.7171005792,7.196448054055694,7.287426549679584,3.4999573527685555,9073.688755627782,1618814.3975229207,"3052 Oak St, City 541, State 20559"
50577.85249531164,8.94399673516072,8.16567184177057,2.242667253648345,67707.9413741279,1962602.5733446726,"9827 Oak St, City 542, State 18656"
90453.06159652711,8.625486954587624,8.370948107375538,5.72140469647082,6470.401213261544,2213239.465754843,"7808 Maple St, City 543, State 39529"
85631.54164121063,7.00843767184641,9.337612317836992,5.730467310971134,43347.44202094576,2328783.929978552,"1879 Pine St, City 544, State 47649"
62234.644622955646,2.602229733213389,5.86629519322144,5.353628700393616,55463.88501693863,1857705.269597582,"4637 Maple St, City 545, State 52865"
40220.183297966614,2.8991762174081037,9.671509380354959,5.218168940598103,56213.260347906995,1815983.3683274495,"3810 Pine St, City 546, State 97525"
90441.58760335197,2.3944718968785974,9.058005835578802,3.218585660837631,7228.533813558246,1934525.361925589,"7734 Pine St, City 547, State 70052"
76827.6930813414,4.059833731939754,5.075510997167573,2.111724668831456,63916.983621628555,1595919.251899866,"3642 Main St, City 548, State 38195"
99508.65525620754,3.085291737283022,4.114981261446209,6.043576984427198,64699.35867526294,1946889.5378393405,"657 Oak St, City 549, State 29535"
76814.7151000794,4.080384322019471,6.047725772896094,4.455692678479134,41490.37425503422,1748440.799830631,"9141 Maple St, City 550, State 17207"
106696.3350286686,5.080464445751693,5.813290955691766,3.534190653513092,36335.4079276645,1995144.4883925267,"307 Main St, City 551, State 96412"
79671.61548970369,9.543862272569086,7.03003513731843,2.5096595339028505,7916.385099068988,1871195.7244720613,"8870 Oak St, City 552, State 53872"
80484.41743818476,6.883008478253537,7.083703626294236,2.313607954506942,41527.01926314146,1811921.9279548163,"8403 Maple St, City 553, State 11396"
108898.82423925106,8.6797902854637,8.249908890659826,3.7443336089758867,31609.640315064997,2325763.35729495,"3461 Oak St, City 554, State 61314"
66313.45795911574,7.682812005698658,6.569229637439271,6.023685323834703,55232.41648156265,2117095.533270581,"7677 Main St, City 555, State 13148"
42061.37056055767,2.900025044213054,3.7337584865853586,6.5936187466691525,31252.431847595708,1204094.889181793,"828 Pine St, City 556, State 53105"
32590.44086820051,7.887363250991591,9.008039348871742,6.483756823065324,49432.75416610613,1831951.952836381,"6712 Oak St, City 557, State 55517"
97962.35301062571,4.2007910524729954,5.168352082296309,6.600004173748275,11591.529505439503,1858547.8885879866,"8692 Maple St, City 558, State 84789"
85827.85962181182,7.112862775957651,9.799082222146144,6.538626715646713,13641.897599787852,2378955.6701261476,"7865 Oak St, City 559, State 89089"
93367.17912893012,4.727695789143908,3.825020760758391,4.636123758001979,14081.162392195292,1685968.8183957823,"5171 Main St, City 560, State 14222"
49166.77453580197,9.981378106117273,9.707758205627522,3.0970781927845192,7959.157486983329,1954102.8534256413,"9319 Oak St, City 561, State 20716"
42273.43280280928,4.1084118359742225,3.6370826481776186,5.9902329141841015,40186.37585253725,1215099.9141303971,"6580 Main St, City 562, State 79716"
31309.019910109375,4.233043766194157,4.617252965629416,3.0685648742628953,56607.902192836336,1207356.0867785513,"1383 Oak St, City 563, State 89898"
61552.88029259373,9.445378044499186,3.326059594605791,3.3360363837828455,44676.7282400883,1712744.8939396543,"4168 Maple St, City 564, State 68373"
83092.59181691697,2.1971552370905814,7.9357920264729644,3.1662716091127425,42372.067560935655,2071760.899053308,"5210 Pine St, City 565, State 91117"
65301.96405897591,7.573511902985575,8.952091156002542,4.574912018479029,49240.55534617787,2274290.1514559886,"9811 Oak St, City 566, State 38823"
69372.74298213562,7.802611125887025,6.038497572711863,3.6091375408453996,27076.94599968096,1868879.4551020374,"9428 Maple St, City 567, State 64534"
111374.28250443736,8.691028619283195,9.499654525297007,2.7707802481267074,28527.014657134878,2549168.4747778415,"3984 Oak St, City 568, State 34121"
61342.99203209703,9.795514485107802,7.132093502289197,4.265867059469412,25427.556384359967,2068993.8540280953,"6201 Oak St, City 569, State 32126"
76259.05402438297,9.804815353253218,7.410049948125662,6.369536193925835,51287.08063548241,2372624.6250562435,"6712 Pine St, City 570, State 61036"
100528.77114670287,2.522214060531711,8.917934411905389,4.852764274749861,15506.62181860033,1838583.0025444767,"5173 Main St, City 571, State 32701"
65688.85040891432,8.57471458202322,5.0776014353628725,6.391678029437935,5846.643220340085,1607422.8202186504,"7004 Maple St, City 572, State 47118"
85987.80302050861,7.1704794692590506,5.47986004929338,2.979360925395687,43752.769036962,1998749.5130939828,"9004 Oak St, City 573, State 56666"
107612.73378720706,7.1787370749847295,9.341663434362511,2.83486936836277,66254.78870772335,2420020.534404711,"6368 Maple St, City 574, State 52146"
115456.85612918778,3.0267994129175584,9.306744472271347,4.877885628492101,44611.5146047598,2330083.3311223392,"1734 Main St, City 575, State 62119"
43236.61328361341,7.201497331565227,9.835379433406096,4.316644507731365,55889.90744115818,1918238.7321588176,"73 Oak St, City 576, State 80578"
113392.88626453449,9.859860644809983,9.312868215091697,5.300863208234785,48731.39611529196,2749017.6382921,"8062 Oak St, City 577, State 21034"
74290.46637715845,9.294548556315576,3.891604252233526,5.973133955133908,37333.382478996056,1856078.341992422,"5604 Oak St, City 578, State 72718"
53241.994946906256,5.513045286438804,8.766070002958912,5.756536478260882,51695.50611594999,1911619.3962386094,"8949 Oak St, City 579, State 96213"
71322.21806144352,2.3195837862887547,5.868869346767158,6.711305868292806,58566.76805058942,1875414.6856960081,"9643 Main St, City 580, State 75143"
118202.93177569294,4.898347920001639,9.935609491621566,3.9912820457850575,19607.55687116037,2413049.332271037,"82 Pine St, City 581, State 75293"
74335.62845935827,8.61112249280444,6.305966750301607,3.031933711240904,26848.48123140446,1865127.1535450595,"9915 Pine St, City 582, State 59508"
59587.644925875735,7.611992811721328,6.876852577515544,4.754563199739429,19542.172612713453,1632054.8446874658,"9512 Pine St, City 583, State 22587"
87006.07688850531,5.674749244751651,6.70842440679759,2.553715600955928,34391.24211337867,2041474.4824605968,"646 Maple St, City 584, State 81799"
51613.10569003738,2.4408122812706488,5.252159209007944,3.444255616658157,62529.19580958339,1407168.3038374549,"8500 Oak St, City 585, State 27418"
36827.699529779755,5.415157822586421,3.5251546222504273,3.0394402763157222,27438.461554296602,1040719.7394679801,"6018 Oak St, City 586, State 44503"
41599.17497195843,5.752199517743068,9.26955861281343,3.9828185839854044,29340.34779348597,1732661.7686057012,"4278 Oak St, City 587, State 10349"
41524.12550619952,9.428444263153088,8.618730687684007,2.556082875011077,60923.870253675566,1880769.634514774,"1406 Main St, City 588, State 23508"
43671.24241610649,7.128688828657276,3.976687463917685,2.1592087227404893,38499.33149840389,1315959.5079021482,"1546 Main St, City 589, State 69095"
42494.44553844691,4.493223333237191,8.43737789945051,5.283970023150159,39804.184977083234,1707981.8970141974,"1747 Oak St, City 590, State 17896"
87678.72703228932,6.202546115605771,7.38092666235427,5.051244891449024,60952.078216593836,2201038.1845400077,"1355 Main St, City 591, State 14288"
46369.207595923035,2.5284424625772806,5.864006515423356,5.541794680193306,36884.23790665576,1641070.6877911044,"9361 Maple St, City 592, State 97877"
61110.05549914769,9.780545885197895,4.7781480436689385,5.30193220135672,49301.239750910696,1880461.0032082223,"6836 Oak St, City 593, State 31091"
110710.95689154106,4.880479215445808,9.018101484515627,2.5714734057119175,10566.903281813946,2264344.1889173,"901 Maple St, City 594, State 29725"
72656.54762365851,5.8229388393050865,7.901317815058372,3.4553944068782316,16611.061353247547,1642365.5776297995,"7695 Pine St, City 595, State 28059"
90080.19646689245,4.842271793895381,6.8341793662839585,2.6476330495017617,31284.453046555962,1839436.2471927695,"1778 Oak St, City 596, State 20687"
45508.788408146684,7.460093840929601,7.266979737289248,6.214862010242816,37164.539408291865,1673028.1429681594,"584 Maple St, City 597, State 18694"
47306.01169278037,7.297857266636744,3.637463274575267,5.734518276777616,67772.69058035492,1544411.0711005023,"6751 Oak St, City 598, State 40641"
33678.1754639831,7.722578484233085,6.317438326378344,3.0076350145912123,68092.35614810635,1700550.3755237213,"9692 Main St, City 599, State 60087"
45204.15567649481,4.145145836895367,4.355902049499914,3.7065462024494673,60327.810686119505,1524162.958851532,"356 Maple St, City 600, State 80692"
55073.130512876276,4.525347849312528,4.458685753061777,6.833074961321071,25513.924293562344,1500718.4786102262,"6282 Oak St, City 601, State 86387"
45930.94358490722,3.0020098487696636,7.629127736008067,4.970796789398257,67661.83890410859,1684508.7830140602,"7410 Main St, City 602, State 87008"
37983.22803813501,7.244079774768901,9.378793062840018,6.0057779865057865,49807.15620395382,1858463.3308906974,"3975 Main St, City 603, State 94066"
40857.228399054075,2.3183770186852204,5.826296273348426,3.3229551738436456,30541.108308131024,1354349.0086672911,"7670 Main St, City 604, State 11210"
71470.08912294533,6.7814586841876725,4.454244911085333,3.050264600896526,50608.869604009815,1961791.2497880945,"6180 Oak St, City 605, State 86445"
48570.034656521326,8.95756707881307,7.541228560656579,5.919584644232742,6073.977436124228,1758339.9823443657,"4883 Main St, City 606, State 48966"
62784.28749432679,9.126657186317068,9.098309324452224,5.4293622761572005,14500.054347823883,2141357.926646292,"9687 Pine St, City 607, State 21246"
75307.55437693713,5.592302082959693,8.238231607857436,5.404889646058819,58929.5712511639,2182880.7571630822,"2816 Oak St, City 608, State 71125"
92135.53457664288,5.67442950570459,9.08130061375611,4.76317290914597,46962.28639675613,2384837.9800568656,"2036 Pine St, City 609, State 10169"
33538.092585698905,2.615753464064139,6.755882697075595,4.817891713882744,28672.65558397246,1178084.5663515767,"8824 Main St, City 610, State 40899"
101946.93590181383,7.366120203544286,8.263133710584336,5.678487526531269,37543.331614476716,2358083.721896209,"5016 Main St, City 611, State 75490"
86511.0350541817,8.570075362982763,3.980451915512555,3.3500124056059764,63834.239726974854,2071268.7867395717,"6898 Pine St, City 612, State 78570"
37358.31287539847,3.9572404368377043,5.43792230754234,3.763842329284779,46052.57711614062,1470906.1850667016,"4481 Main St, City 613, State 80524"
108622.07616960995,5.370407053066917,5.726844151370657,6.358183852600275,30879.703455731466,2076219.257151996,"7131 Main St, City 614, State 65251"
112878.51604786319,8.710714694122164,6.579070223722242,3.544326005060789,12821.232730839776,2057752.5457845293,"792 Oak St, City 615, State 46609"
35497.016386937736,9.016963741298305,9.503534521797766,4.731547856896495,24093.542105661465,1778688.8162691912,"3357 Maple St, City 616, State 14925"
54918.98833324834,3.9454398421138075,9.12007592155522,5.51319732003342,68592.11513177791,2085437.5158573084,"5075 Main St, City 617, State 49468"
102558.11518137551,6.404565076330914,3.9416784460242917,6.999624134165883,33428.59908536554,1879885.8416552632,"2095 Pine St, City 618, State 59021"
97343.37213452926,3.5399452050866165,4.209527563177242,4.17645665747666,35669.56514991596,1673142.722914524,"6251 Maple St, City 619, State 51575"
46606.89174207396,2.8150301131164523,5.5034838471223795,4.140464383124719,37408.872105806004,1373949.2814742355,"5253 Oak St, City 620, State 49771"
48841.43910030393,9.288964011135661,5.0352070612347175,6.212941897168338,62466.76149163372,1842804.095555672,"4297 Oak St, City 621, State 53190"
63342.48925122438,8.564060033856872,7.303396672093836,6.027515556299316,44255.33848504514,2107448.435242122,"5270 Main St, City 622, State 37113"
73607.06866719192,8.080279214425392,9.319432334351815,5.655379408672743,50089.00736937494,2182872.9772038334,"505 Main St, City 623, State 61013"
85642.92943772663,2.3901305505051234,9.736040791708108,4.316148187045144,30311.880265691758,2003365.0727621177,"3723 Pine St, City 624, State 30715"
63202.22756127952,8.74983034168206,7.575220667746585,3.619695600803579,6890.695208283332,1938094.3304224587,"9812 Maple St, City 625, State 21808"
71628.12445198331,5.50435260724307,8.867114409807606,5.043652412924243,65513.23942578488,2060454.1778195684,"4729 Oak St, City 626, State 74945"
97272.38443203809,4.739160986366877,6.67641540161558,6.381116465658205,66693.29925956641,2416386.345666576,"1570 Main St, City 627, State 75675"
33301.48826015381,6.371810888203012,4.458288628020278,6.418887291042933,66694.94846762333,1427568.1797338466,"4684 Maple St, City 628, State 36419"
52719.32499096187,2.7308259417884466,6.672818884654342,2.542491725352192,66339.66063203657,1690471.270429898,"5063 Oak St, City 629, State 37745"
94201.46272960972,8.05317239481919,6.885578210063557,4.141751419065754,57990.72616952147,2272429.8262404087,"2173 Pine St, City 630, State 46188"
110568.61539184794,6.659480615106367,8.197202949494896,4.323609780993747,49498.74325756125,2357147.6045871107,"6278 Pine St, City 631, State 44017"
76050.96979040996,3.49272077498534,4.539180927951444,6.888076837618766,59893.14468737356,1754698.3347396532,"6065 Pine St, City 632, State 40244"
77890.2136738784,3.5058575981523648,5.5781726746071225,5.389990076212923,44035.50553506735,1836818.979394596,"2698 Pine St, City 633, State 24903"
39645.48102057984,3.473989212581394,5.548192284501964,4.036232086310353,13734.024902981535,1203081.3412090943,"4935 Oak St, City 634, State 46652"
70267.11301411092,2.456019100415472,9.716077170188154,2.130289429927965,30429.18072769237,1930659.7864575703,"7255 Maple St, City 635, State 79827"
77935.55398095209,6.702387594973478,6.107614722287033,4.82692580049598,68134.16927824094,2232136.72384073,"5781 Pine St, City 636, State 69019"
51822.34532712567,8.722785420708064,8.285657771087026,2.4803798781917807,27823.95788371766,1712443.465226179,"8205 Oak St, City 637, State 30467"
54231.89078544429,2.139985711899109,8.255679669621074,6.172249786738815,61408.81439253902,1676357.2180929093,"6120 Main St, City 638, State 75233"
63955.57467941604,2.3920371597701884,4.85880929362269,5.76259330285181,11058.745600366521,1245554.4979977878,"373 Oak St, City 639, State 89737"
31806.407799995373,6.582162213495566,7.003087825602124,4.302545799540894,26721.949754405523,1380185.7278763545,"5852 Main St, City 640, State 73615"
58987.124902486044,8.555965483088418,9.260120253230536,4.146053897708499,27811.966107279673,2132342.042987352,"817 Oak St, City 641, State 69147"
49030.32062968901,4.613911124549069,6.326384036198646,6.486694827843843,8354.165302083711,1519517.3518326425,"3613 Main St, City 642, State 73769"
59474.76169601232,4.796915190461777,9.615822551397823,3.442291752090642,12741.131462139074,1716330.8331762094,"7748 Maple St, City 643, State 44100"
40778.59186373261,6.770771979974207,4.501207605269132,3.245099810533854,17555.738722915114,1290442.5549258748,"6362 Pine St, City 644, State 57429"
110147.45526659055,4.193703112993176,3.519113740418215,6.695987164128811,59458.01340265734,2231289.0400027665,"756 Main St, City 645, State 79061"
83423.32081986437,2.212866928621473,9.240177112013246,6.046229183767413,9121.129346087415,2101884.3309321483,"1797 Maple St, City 646, State 22161"
91119.20872300406,7.8818281448127685,8.933768385735515,6.103127965335974,24415.558587385167,2351095.0305708055,"3060 Oak St, City 647, State 77586"
101025.41147466045,7.005199303531625,9.948129131536913,2.9759690713796276,5661.375168302388,2008022.2400242998,"1990 Maple St, City 648, State 48577"
74859.79790361515,6.646047992445273,7.755754416786982,2.716479957154672,50215.80345119661,2063662.8574479946,"5614 Oak St, City 649, State 35498"
37822.825927868136,7.933473031934585,9.556815486670047,2.1301477490856744,45319.70085281969,1923424.8994998178,"8726 Main St, City 650, State 87711"
78339.58876366931,7.4018467004963,8.788643175588776,3.1852075445934003,46923.847033454214,2209218.369799291,"1694 Pine St, City 651, State 73914"
82815.70062187912,3.647055905426569,8.91098433184061,5.870952458571624,29334.881006450218,2118843.0187002467,"2052 Maple St, City 652, State 24838"
97089.5526765897,4.819848375546809,6.983990993179878,3.200192093820749,18537.408382391986,1995006.5671702484,"2921 Oak St, City 653, State 79703"
68849.35916067116,3.008881133429,5.676552185416976,5.645516417974381,51820.81386359217,1598066.8432205254,"6232 Pine St, City 654, State 51845"
41482.227251600736,3.0388561073430482,9.541906507802974,3.2595413268371076,57722.66172814518,1627893.3036168907,"6747 Oak St, City 655, State 48907"
55539.83152188521,7.409565970852314,6.024820229311262,3.9764624897533585,14009.097376383115,1565086.3749678694,"1459 Pine St, City 656, State 86883"
62677.40667587716,8.868800855859986,6.771735570747683,6.915811449557042,36643.91281593239,2109188.340601794,"3411 Main St, City 657, State 65421"
88132.55171984411,9.701860670889111,6.122800149876314,3.224058656420678,21166.519328626062,1982208.5122366901,"563 Oak St, City 658, State 65244"
81370.04742020207,7.026776940395555,6.95372819772138,3.8818531364913382,15926.945978398691,1963018.1643430071,"6993 Maple St, City 659, State 50564"
62048.70533080616,3.4728105868876558,6.29353555294629,3.5054359023260684,52731.14537717494,1696798.490235924,"5660 Main St, City 660, State 94891"
118786.37239136818,2.8452027635914456,3.335772910056331,2.5481249316500114,39976.300805734405,2031930.673383846,"345 Pine St, City 661, State 72469"
84519.73374211985,8.502807772294062,9.17433730205389,4.449470710654125,19052.046604613402,2228861.086729962,"2717 Oak St, City 662, State 37254"
51350.4112562395,6.630051810879994,6.110756732410389,3.8934533166650116,25150.00072875043,1400945.0030153024,"9865 Main St, City 663, State 73141"
39160.42253583633,6.946280168109759,7.122605539551441,5.474435429036401,67832.48863630326,1876809.2294702525,"7233 Pine St, City 664, State 31277"
43757.32252658988,8.251696710037674,3.9743146193059093,6.087972734757731,60164.171706056186,1865368.7920486685,"1120 Main St, City 665, State 96921"
52136.19555460573,7.626217821859613,3.023714935878474,4.721248572478192,62196.53828675334,1668428.524604074,"5304 Oak St, City 666, State 50098"
44461.32359336001,8.675666022848773,4.717030655505501,2.1609821104366844,34900.786310246025,1416326.225199769,"783 Main St, City 667, State 18778"
46791.032164617514,2.449711243679028,7.932102224933452,5.094611781173608,45547.47215485688,1497345.188116399,"6662 Pine St, City 668, State 88910"
55658.56518244624,7.9801650939720385,3.69436171079015,2.276953650104696,29489.903113286757,1371604.0851051107,"4912 Maple St, City 669, State 59081"
45603.623576527934,8.806822058576763,9.362212082705275,5.081781617995125,10051.278419777886,2048395.3339874872,"9109 Pine St, City 670, State 29733"
110708.88821637827,4.289080339666515,4.505157985493292,5.425149746345943,31069.505192690864,1967324.812288261,"2489 Oak St, City 671, State 83353"
37221.0371095478,7.123578191946023,4.432155300042431,2.9888381380875924,43608.748958464406,1324406.2542483204,"2838 Pine St, City 672, State 28225"
77206.02506132293,4.513296510695777,4.270555731350468,6.096730743608855,23664.377599928543,1624749.6805512407,"9395 Maple St, City 673, State 18064"
66935.71442906954,9.663768531859631,3.097871990799553,6.555425657870243,60116.787357282024,1865931.3318095885,"4770 Maple St, City 674, State 51689"
118414.07552177458,2.26738857948403,8.402638279347642,6.065434820569099,14821.51034634891,2382556.8788673263,"317 Oak St, City 675, State 42843"
40083.501195124714,6.63834275066364,9.12524171871681,3.525545951060411,28863.390813399794,1611407.0704789548,"5070 Maple St, City 676, State 42195"
65807.00391411675,3.3320283763961207,7.299138918313393,4.933215062228172,13118.75384607319,1740257.115689301,"204 Pine St, City 677, State 82103"
117252.3389947832,7.697761641417269,4.3173998717590365,6.574075745956138,31314.088709039646,2268805.3873284087,"7461 Pine St, City 678, State 67230"
107895.64133045822,3.4071222673492967,4.996945978586158,3.6033236311142494,7577.984823327579,1915760.4893517734,"6925 Main St, City 679, State 64710"
103536.48638543519,3.8830660951868605,6.331486881554743,6.100139111327125,22715.710679006952,2190881.7502463283,"4356 Pine St, City 680, State 12663"
53211.25443404459,5.954966488366065,9.680421661363106,2.047375656308483,31047.79158238944,1829434.5926603088,"8624 Pine St, City 681, State 29546"
45379.88286510592,9.318679599975024,4.7314596027241995,2.0182335139233816,36080.74861298496,1507693.9643904562,"8390 Maple St, City 682, State 10038"
90177.88979319879,3.6937149771837667,8.121521327439217,5.798558301694837,40340.263300884224,2118462.30172809,"8921 Pine St, City 683, State 63931"
113643.83902148272,3.153920168944828,6.076137563050443,5.807237910635606,22874.42343634473,2059337.5910063828,"6187 Pine St, City 684, State 94044"
80108.66037125367,8.071814654832245,5.084931438520153,5.944885939261469,38997.686749966706,1819110.2178895657,"7400 Maple St, City 685, State 98214"
81445.14205229099,6.004956258671448,6.191411559154796,6.650134189440812,38085.30040153389,2155190.723258267,"3772 Pine St, City 686, State 81074"
55198.11842942558,9.294280899054172,3.4984470227886275,2.589531559101421,25551.57330695355,1526593.306115984,"3258 Oak St, City 687, State 56543"
99254.36398727432,3.1729164572787383,8.590811596512538,3.1599249249184416,58963.02149267108,2111757.3271634867,"5389 Main St, City 688, State 74114"
46833.937370177104,7.167423144184315,4.703113495880769,6.518624601869038,40466.673228581734,1394099.3827605871,"7901 Maple St, City 689, State 39011"
59131.13127638193,3.8630331692145203,8.077884862350793,2.886180988861767,26597.531718525424,1417506.9251780538,"1245 Pine St, City 690, State 76193"
68289.27947547751,3.2540834292131144,3.478438600137363,5.41114633788292,66577.00328525047,1696139.5044579103,"1700 Main St, City 691, State 65220"
75684.93408160095,7.467435321258164,9.685689893159802,4.6523150002040765,59932.306849625464,2282409.5257452414,"8048 Pine St, City 692, State 74258"
51816.87591735722,6.749476959269866,4.351104897839891,2.4159683842575363,68868.20775086706,1575061.0224358048,"9992 Oak St, City 693, State 81499"
40335.31422652832,8.03861966689865,9.179194533449564,3.426318309707664,49995.20185195235,1941200.673291055,"6236 Pine St, City 694, State 66425"
84955.80381974694,4.475700611569459,8.66631246730804,4.60186108220484,29584.488857893048,2001021.5273060184,"1977 Oak St, City 695, State 72272"
55976.74979162302,5.5837732510575195,9.775019468569912,6.26175058341917,23255.9433341358,1979742.3937333047,"3670 Main St, City 696, State 57055"
82311.4399280351,5.243773410643348,6.345234626620247,5.5376924480733685,48115.65983884127,2009157.319016217,"938 Oak St, City 697, State 97516"
43892.64437467821,9.872715711732113,8.091781056921661,5.109415807274665,68753.07786219474,2068539.6191014107,"1290 Maple St, City 698, State 82957"
73302.60916693357,4.337991653915103,5.594974599264488,4.480164449707074,45736.48020675017,1603335.9362620641,"8705 Oak St, City 699, State 77052"
77933.04892964273,4.358537906774135,4.290577666137857,3.4934199190706714,62304.971164339484,1674857.9156760941,"1405 Main St, City 700, State 81706"
34664.11831401842,4.836385670628859,6.1015315305341415,2.596224556596306,26391.72301810496,1346681.877461459,"2354 Pine St, City 701, State 86474"
60294.385037452856,6.516752650322572,4.160243107719184,4.045380172830478,31451.995860826617,1472020.134510834,"581 Main St, City 702, State 95249"
42097.32092450768,4.018581954109962,9.874312359504687,2.1425924695564627,63907.89057330797,1916201.4782426327,"8294 Maple St, City 703, State 55248"
35703.7473425491,9.322319523034192,3.6737254379850146,3.0552794463342527,54196.335627258224,1714331.67854166,"2964 Oak St, City 704, State 72249"
119096.42091509508,4.125484518930108,7.124482064168343,4.162416879363299,68791.67082391388,2501666.3908155244,"299 Main St, City 705, State 26428"
59011.84604772506,9.166525852481557,7.385246986778391,4.093025928359575,55359.673632595724,2188136.8471938814,"7648 Pine St, City 706, State 95779"
102888.70012691713,2.8278005091726772,6.76655680011838,2.221477154984962,34153.52096918506,2021086.2140623564,"4779 Oak St, City 707, State 90094"
52917.65892873875,7.2525016191972185,7.635301199982835,4.945300767626456,39519.4212884536,1795155.693449718,"4395 Main St, City 708, State 90919"
91335.24500015363,9.255884147505949,3.8132654250832365,4.748421279266181,63533.50701010388,2161343.23129274,"3156 Pine St, City 709, State 95625"
98420.50739007178,3.3499955071858363,6.885129669437037,2.3905215201045644,40857.03784637312,2179848.152259719,"517 Oak St, City 710, State 77737"
83607.48665470598,9.74661568079404,5.010487997891531,6.715815262302197,21600.829320688936,1981367.9206278496,"6578 Oak St, City 711, State 71525"
72441.85696951425,5.6230668833240935,9.581232443107396,2.4969138947543006,33315.28783004671,1909621.6354149939,"3659 Maple St, City 712, State 79822"
67065.68227325418,9.565720867528196,8.334501574078079,6.27417075618668,38560.53927519266,2083311.3687852349,"3937 Oak St, City 713, State 96891"
61398.143988869575,7.414560349040376,9.8076013751182,2.00154865957503,11286.789180823422,1864045.0346581838,"7722 Pine St, City 714, State 50957"
113657.62298230432,4.412694958988412,3.262892488181327,6.411405475226916,53344.57382643787,1976960.2013516608,"2710 Pine St, City 715, State 77714"
104755.74670089562,3.5064201993368513,4.99593222626496,2.098598661021563,12108.005668073245,1913452.9859917322,"839 Maple St, City 716, State 19747"
116852.42195998614,4.429880369800795,4.367958106468443,5.78906015946058,31319.65136897237,2091360.6016951846,"9415 Maple St, City 717, State 36619"
41186.750113699025,2.7441392741014,3.0780821111828134,3.808454056501265,57300.45870012629,1293249.5799084052,"9626 Main St, City 718, State 57746"
95778.07276832798,3.150943730746638,4.69628011172425,5.691084000681599,35392.0735048643,1808856.6716453515,"7339 Main St, City 719, State 90723"
114450.6411138934,2.837283522771849,7.751431884643003,4.008726027124892,59731.008781703014,2211382.242995617,"7349 Pine St, City 720, State 21323"
46310.975954909416,5.383548349932462,4.61762245494198,2.3545396116592086,27222.285933647476,1177505.1969157616,"2628 Pine St, City 721, State 91768"
35984.66406300997,8.36462701006069,6.563024118378328,5.83753347697682,67246.3591098983,1723678.5462443845,"2536 Main St, City 722, State 63956"
96700.85843610532,3.1310684337307215,9.21472680475499,2.3562634266068248,18615.44806734031,2059257.8429655659,"161 Main St, City 723, State 69288"
81702.58018619206,3.042563465378687,7.856305442443527,6.61060217980609,7487.169424304585,1885400.6162188374,"6599 Maple St, City 724, State 24880"
105764.58990824448,7.147431596138646,5.762403489342224,2.2548701789583068,61707.725294377204,2312514.0971832587,"3625 Main St, City 725, State 93947"
42579.51389636606,3.57746385574453,5.607282572384758,4.396626388857577,53893.17653677653,1305748.343513092,"8377 Main St, City 726, State 45172"
101574.05806739011,2.780880304871933,6.1901506980593926,5.615172154253978,20078.94940937923,1918805.6448469379,"2540 Main St, City 727, State 73295"
48146.458804297006,3.334788625644621,4.239290087419345,3.9662323239601887,69008.2044638838,1348769.0352677342,"9814 Oak St, City 728, State 61313"
44729.03485791341,9.389851167014209,7.438005371911917,3.0861673729621737,37648.20840245431,1832795.9966423875,"8570 Main St, City 729, State 93228"
44783.92181378936,8.571770022209527,5.549069733732239,5.7954548069801355,66819.25360937063,1876220.9157529513,"842 Pine St, City 730, State 67499"
103311.72482082438,4.832516498840753,8.966557444834304,5.921473523943632,37826.870140154955,2241628.920453466,"6254 Main St, City 731, State 86363"
89867.749862658,7.2465661386191424,8.295868620404715,6.613474919771836,35671.848140133916,2398241.744203374,"3386 Oak St, City 732, State 27797"
77075.88822922074,6.298205389344305,7.27359214864512,3.8808255521553887,34194.00491439023,2188833.6089404696,"45 Pine St, City 733, State 28070"
62294.74357111522,7.4169941078605115,5.549415558546612,4.531258672486635,26766.892948641762,1791006.1844641808,"5237 Oak St, City 734, State 16625"
108948.04867317974,7.461369219702075,4.46952282171439,3.81564221423036,39690.59731647586,2116749.6225082325,"2726 Pine St, City 735, State 50777"
65320.05966803718,7.0298721204799435,8.43306304873936,3.285409109256841,34416.05302665691,1918327.2146935335,"4015 Main St, City 736, State 80131"
103493.94955244193,4.128810948298469,6.404863692937606,5.755164807688043,7388.546980531019,1942460.4193403965,"8266 Maple St, City 737, State 49060"
69522.14177131966,2.312051366102545,4.5732502672415025,3.6982592250847772,21928.290172527664,1321199.8503351246,"1561 Pine St, City 738, State 86860"
63924.99864824168,5.64453425592087,4.3662223052800435,4.14074720996176,18852.982006861297,1514501.630699228,"9439 Maple St, City 739, State 92392"
71641.18071026457,9.12779107752563,4.157806331509513,4.018368288120139,61383.31415086932,1819047.2277822085,"5436 Oak St, City 740, State 35276"
57124.00867477279,6.555978068148607,8.440128373439165,5.563306128233729,43926.54851974469,1771811.4078162368,"53 Pine St, City 741, State 18330"
97284.8442158626,8.659128333615264,4.6029102971021825,6.588978130553399,54639.40152923228,2266864.202351682,"9590 Maple St, City 742, State 28521"
75244.83510832312,9.932994743689825,6.686495844676383,5.3337803065368865,67193.69245370323,2282122.9338840377,"828 Pine St, City 743, State 58119"
50899.14256321356,3.30892963310621,6.160824526811395,4.357912980471163,46862.552714216654,1475237.0207738564,"1249 Oak St, City 744, State 47603"
110961.71159471116,7.5342211131358585,7.057276294597988,5.896025573694417,68869.64944130839,2443869.6273280815,"8378 Maple St, City 745, State 72308"
64550.20992358903,7.394348589600197,9.14008430259836,5.204856620610688,25264.663357388425,2057869.6910204352,"7403 Oak St, City 746, State 14928"
78919.75750025897,9.839643578866227,9.074231730572114,2.3030517855890675,17107.3668503381,2062729.1763539878,"9605 Oak St, City 747, State 23777"
111582.48998680922,9.884805871622403,6.157532502774018,2.478317932094208,31215.142719539246,2319198.610145123,"7597 Main St, City 748, State 35591"
86181.41963225929,7.493428893793036,3.107563755143063,2.189584720368167,35601.96197082752,1905285.2783015165,"4538 Maple St, City 749, State 66203"
40520.823663752766,3.948918335857554,5.985106640000122,4.284081631031599,63198.50028541803,1591096.6119459916,"5646 Oak St, City 750, State 44703"
114584.89112521276,8.388446705044792,7.243354761968983,6.129267171694824,41396.128537383964,2398685.0190614806,"8042 Main St, City 751, State 47306"
86493.72477642761,2.856233073688305,6.904353313686432,3.5654158467567605,23991.764962171106,1659533.309655934,"4427 Main St, City 752, State 11358"
60141.50531913775,8.245594433373029,7.5593527406014385,3.9208009154624084,53271.22838638886,2017605.0727783365,"1770 Oak St, City 753, State 73247"
42534.486539704856,9.28156899315757,4.078530127311584,6.5473855418394535,37879.07591403961,1463990.6028593334,"9382 Oak St, City 754, State 27576"
101462.26703432664,5.062667158147482,7.5257456914651275,6.184517226583274,15538.57644288606,1932871.5344563508,"2817 Pine St, City 755, State 33409"
85806.54803356621,7.045082359864644,4.278561331206406,5.3252405619128,42493.28619343139,1978065.3537796203,"4857 Main St, City 756, State 97137"
78011.49827786893,5.44114185677461,8.253667864877244,3.3340189104612565,64240.64489247345,2165782.872015891,"1043 Pine St, City 757, State 51185"
110450.33247458619,5.502120439905028,5.37361329283876,2.5852074134422174,59770.470135928306,2230966.816379035,"6756 Pine St, City 758, State 46745"
100973.74901020777,4.48296711286496,7.969268033670175,2.0802941134005684,43142.64822129652,2175852.87112923,"1884 Pine St, City 759, State 10540"
43650.73917594761,8.097036963602598,3.3350591923427495,2.5350533630221044,29510.40630252423,1325236.536563071,"8838 Oak St, City 760, State 31185"
58054.98610159934,9.489412513332041,5.855020179136394,3.4629822181197136,10653.618819173726,1614360.806885301,"4727 Oak St, City 761, State 33406"
52364.02258330192,9.526006873875689,7.935241655843329,4.758950317897479,35527.18001655555,2006777.8082227665,"1689 Maple St, City 762, State 62495"
96955.16633154092,3.3982502789994706,4.588093614320459,2.3200004137619343,53885.16343942265,1998525.844861506,"7812 Maple St, City 763, State 69821"
33017.91912622014,8.997949197252527,8.567009313580558,2.681138891592245,28417.791782645687,1637837.621127923,"8712 Oak St, City 764, State 86668"
81290.07163841848,7.899451531416977,7.415458131734524,2.9054035115397054,20304.043660858188,1887718.2461234478,"1408 Main St, City 765, State 17030"
98621.28171666215,4.022699205522314,7.112932405048588,5.159910464916531,65539.68175261197,2125366.1506160563,"7360 Maple St, City 766, State 96450"
108908.90730855745,2.5382769033721164,5.47484197943036,5.078948994900622,58401.120529769505,2011691.3257711034,"7929 Pine St, City 767, State 22027"
60787.35738443167,4.143978135075024,6.377160292667823,4.753828631860765,46487.915262309405,1720559.591726471,"4068 Maple St, City 768, State 28565"
103913.15742048116,9.297665894252205,7.181445106844972,3.252507123479698,13890.91735483376,2031597.5215882235,"3233 Oak St, City 769, State 35000"
39956.85632596865,7.065429399166178,6.307234797404233,3.8555984560936603,14419.074626401247,1489099.1862683827,"1552 Oak St, City 770, State 21638"
106180.70625610664,7.768437287182975,7.888193267583921,2.483448581688715,11709.273444625633,2278725.514030334,"1595 Main St, City 771, State 67540"
41473.97960987841,4.057218808872767,6.0358785317487165,3.1323030187902745,45059.28334802831,1239928.6903918814,"9226 Oak St, City 772, State 92268"
65755.85615043306,7.755105244598562,4.415912272194213,6.488526132362902,12511.58177076684,1557882.4547067573,"1659 Maple St, City 773, State 23315"
101756.58292015982,2.22497205022339,4.497536479607331,6.898458732179142,59770.767926071145,2002393.0496616254,"1820 Pine St, City 774, State 48649"
43492.568461389645,5.00257076618411,3.0406263819005876,5.238297928201473,69542.72511825594,1418819.9238820332,"6656 Maple St, City 775, State 73617"
50632.62557093773,7.01402678833865,5.106704008910707,6.584116460117101,28812.632006063242,1659114.3164998547,"4009 Pine St, City 776, State 26867"
95002.73115537596,3.168772524330562,8.242423483349636,5.213709502007125,34488.54005286134,2082600.1196111427,"3913 Oak St, City 777, State 55440"
94803.2882891467,8.584028595575479,8.559138961863267,2.1659824305273494,51258.36650406912,2509713.687732965,"8446 Maple St, City 778, State 51794"
87703.28695967676,3.880250390495349,4.41727279467025,6.983812924932045,65914.94541117478,1931399.387594622,"1191 Main St, City 779, State 36279"
92455.360002039,7.21824890254757,9.713307978099854,2.4947615084326746,63116.09528116503,2354650.7063825866,"4565 Pine St, City 780, State 51452"
78845.19990128366,5.2415771406026375,6.516819554360887,5.413209007225303,8743.468868740158,1671645.8483261236,"3410 Maple St, City 781, State 86855"
52661.91530162575,6.7683487638211774,9.418851243129518,3.2641810153739503,15989.667166189725,1869965.307878014,"8244 Main St, City 782, State 37578"
61112.63941535275,2.859604421031265,7.947356973031418,3.9599055645348007,54048.817906256496,1781898.5437106222,"1909 Pine St, City 783, State 79182"
46343.79451212831,2.1353023993728586,8.057033961156892,5.229670924004691,49778.05202210908,1683917.759885683,"7716 Main St, City 784, State 94297"
111760.55052002655,9.27651541904241,3.5953053491424978,4.182436746538535,13659.208612608012,2124137.0994659,"4337 Main St, City 785, State 97878"
82505.26152895084,4.157040070137462,4.539937888278515,3.2527302946556413,37634.1978301019,1479867.5625724574,"1626 Pine St, City 786, State 48186"
66076.6275087276,8.557416022243672,3.0617038330613084,3.6722309343916235,55752.95102054421,1608496.8058764895,"9421 Maple St, City 787, State 81890"
71580.52232797194,9.994802403777602,8.012893483337162,3.7077405846158817,19220.744347075088,1961850.2573590423,"1390 Oak St, City 788, State 27871"
115255.50056506338,3.6914500639912893,5.41106801899957,6.796619522541069,61633.696322753305,2200473.5988109866,"6502 Main St, City 789, State 85869"
43801.62628044722,4.121365929466845,8.506567612534427,5.993065079617255,8443.165363323918,1504582.2148280533,"711 Maple St, City 790, State 44984"
82760.68488151176,7.3028783010773255,5.372553539559184,4.292743857397,55842.680529424804,2130465.7248644712,"1321 Main St, City 791, State 73478"
75529.98109960194,9.72358907680497,8.735336266092027,2.9991046017068204,45028.22848634157,2375268.6818449325,"7907 Pine St, City 792, State 24433"
85030.88118911831,9.326514785525951,3.9148877762381913,6.05508055131328,25487.95753253269,1909628.6944482983,"4446 Pine St, City 793, State 20818"
31629.916543875646,6.023004160524679,4.2136120973025575,2.7859123580418674,51860.615642224235,1272290.7040690978,"7818 Main St, City 794, State 51360"
108491.15180497363,8.360882260213797,5.3861357770875555,3.0523110857100173,55853.77668482538,2234141.336817129,"751 Maple St, City 795, State 15594"
113890.64542352511,3.0859668247992085,5.859411722175913,3.8300669592007557,65703.433134758,2214295.6774229514,"7172 Pine St, City 796, State 95605"
80861.98652302881,9.819505473632098,5.440919675900849,6.401740979259951,28905.353690027136,2091699.7990852888,"1419 Pine St, City 797, State 62923"
92698.5741489203,9.714825872287893,8.345529227662539,2.6589333431705513,49591.08783869707,2488740.3683054294,"5101 Oak St, City 798, State 72653"
113024.94430595661,3.3098316630333677,3.6786597483870027,2.61117096427263,44170.05800075491,1969063.0976124033,"9838 Pine St, City 799, State 84541"
93651.47708820587,4.395384998424853,5.458519137469416,4.46987494152633,39138.39451471075,1692541.9675132933,"5911 Oak St, City 800, State 91241"
43728.51386228352,2.8012399800541354,8.860679996608216,3.3820527054683733,62877.07082007746,1686793.9778549261,"3170 Pine St, City 801, State 85237"
81865.95241501319,4.173740791185438,3.467579540835204,4.843639708240799,5205.875418996021,1614501.4984074347,"1394 Oak St, City 802, State 80775"
84604.35417445702,8.527646315321654,9.596404553699502,4.258183423416117,23337.254396733846,2240758.503762274,"2347 Pine St, City 803, State 84894"
68171.76041721474,5.026524857322076,9.90421789590409,4.174795531756084,39988.02057041396,2164489.4293516595,"2755 Oak St, City 804, State 79574"
96279.98120622506,2.707175737174067,3.6199772167755606,2.5598648524349663,16589.062006375905,1516852.8518668083,"3688 Main St, City 805, State 54328"
114093.03132921134,4.737804198231236,5.038907655790158,2.7052484512492008,64011.324692629285,2199639.559411707,"4543 Pine St, City 806, State 10733"
113301.16616160987,9.85106667393024,5.606804662247493,6.105392887234251,47093.682644846,2379050.4988937527,"2922 Oak St, City 807, State 88345"
70575.54342637189,7.037468762073623,8.434739580569083,6.429413687858722,36062.39465107935,1995677.5669474339,"9899 Maple St, City 808, State 79034"
40191.424125667974,5.329287571249262,7.171487684817137,3.173417664426251,57955.61433933255,1699627.3934602656,"9317 Oak St, City 809, State 14854"
118635.70790661011,3.33230810797816,7.510559903447971,2.5673025076238454,34307.60244523175,2290556.1922157877,"1859 Pine St, City 810, State 24358"
105500.82778013407,9.889414378269558,8.302568759729542,2.267083359672553,41312.445775450615,2490902.1177806603,"5474 Oak St, City 811, State 91120"
41219.64130829401,8.566792074105031,3.8258529960591803,5.041488068709484,5178.814711004865,1200990.5478253958,"4961 Pine St, City 812, State 36576"
112875.7694355635,4.251818419607355,8.832466198371836,5.576766062501028,28770.53446267978,2363482.021054901,"9990 Main St, City 813, State 53540"
108290.67258559154,2.5605495657695156,7.939338629261008,3.864049946016028,14021.380702813034,2157833.1924472456,"2015 Oak St, City 814, State 29412"
76695.4251413465,2.4530044590204643,7.041392076374592,5.398379337453198,49829.76424304892,2038302.6888184724,"9336 Oak St, City 815, State 14231"
83214.78921704364,2.9630251960442706,9.228147343481396,5.564794077797631,36136.7523334227,2034507.7302196128,"3149 Oak St, City 816, State 74569"
65910.24334831172,6.646148668915373,7.90214447718665,6.676711406984527,24614.241221265,1780967.1883939,"9128 Oak St, City 817, State 42768"
34928.54749398282,9.430107369643938,4.411899738417178,2.3243681891755363,35409.102059163255,1504555.7384219593,"8269 Main St, City 818, State 72985"
60167.75174813108,5.973947424047876,6.008217667529667,2.961458616155399,18625.942716837504,1535409.4645094273,"7612 Main St, City 819, State 98054"
102256.81037382103,8.743563859649576,6.458300068550133,2.342629937984941,65130.631111599134,2466646.4200583473,"574 Main St, City 820, State 23988"
30416.882070414256,5.567092958878463,3.3865233872528395,6.3399696666805525,8508.221115809345,1114292.757709518,"6046 Main St, City 821, State 36819"
60014.92545220298,7.668668366142602,9.682462593520391,5.962935800167843,61252.10729424782,2154983.88021088,"8226 Pine St, City 822, State 48457"
65835.18242318489,7.8549818982920065,3.9000408255781496,4.8732103531091955,38238.32126766781,1706316.5381902538,"1897 Pine St, City 823, State 71976"
78365.60426441306,3.391709647226709,7.882228870587088,2.418317050255916,45231.522249023124,2013360.794110659,"5384 Oak St, City 824, State 89985"
112787.00547714844,4.889728471806494,6.543617252636161,3.3665617932685983,24669.36535906575,2105274.140269364,"4539 Maple St, City 825, State 38709"
61171.13949293651,7.098417252304191,3.1794257491909583,3.4885992402925847,67835.34509163088,1561340.5038022457,"2140 Maple St, City 826, State 46562"
61225.7881706605,2.5655728654749295,9.473232331050532,4.803715980077086,23320.312303766837,1600243.7355258751,"2720 Main St, City 827, State 34432"
96375.11232987736,4.892321502103653,8.962857661732532,3.2902194701835774,43277.06981411978,2163271.2758322,"4603 Maple St, City 828, State 87096"
70699.61468008265,6.27839573024954,6.669805495326848,2.3647993195647743,69572.08583196337,1932291.1555091133,"3958 Maple St, City 829, State 16069"
50214.434064598376,9.96979594435711,4.602596352976117,5.653811509266497,62271.13576492397,1931811.7837962692,"8680 Oak St, City 830, State 37554"
70719.55645194241,5.796268500979526,3.8513602347606595,3.4954010582770567,39861.43864359689,1497202.106534387,"355 Maple St, City 831, State 94162"
42677.131834181986,8.528454056914589,5.543747356024886,4.261870885116503,69374.34399286879,1926796.844760343,"4900 Main St, City 832, State 61632"
45874.828785560094,5.456538280532942,4.787997967322633,2.638333174911527,50589.04101261995,1312995.0184943853,"558 Maple St, City 833, State 79022"
74853.09954655317,8.371125780957671,6.546838407044091,6.012741516972898,18565.527049217606,2197192.847087901,"162 Pine St, City 834, State 98164"
67703.29045540931,6.763318412960867,9.764865072864003,4.827659384620288,31363.753678327415,2270588.43663695,"699 Oak St, City 835, State 79080"
112336.131096129,9.092763532019188,7.02467445260749,6.507928131049314,26742.066710750816,2483038.2461948814,"3778 Oak St, City 836, State 28376"
62615.45092049698,5.287540418800879,9.229517391230686,4.477357815326666,27360.891037627294,1735248.7576144459,"1033 Pine St, City 837, State 70854"
82252.9515250239,6.834435358571831,7.556151862470441,6.707128359089399,54429.668558391306,2236563.219542862,"6017 Pine St, City 838, State 65126"
86903.78591275774,7.040149444950619,6.326725686110404,6.45934102190663,42977.090272731584,2097164.9724861467,"8978 Oak St, City 839, State 87934"
31178.501092950028,5.3390635344037864,8.982252939133598,4.88229928229617,7476.0262533193545,1353738.8102107667,"6985 Maple St, City 840, State 28167"
89718.36348150395,3.154496349499852,6.299576771210983,6.669467190749317,62034.15143731344,2098230.3296207017,"5185 Maple St, City 841, State 27568"
46023.23701827763,2.7484752552986844,9.080397193572527,3.6154437364727614,24291.749131210698,1471645.653198185,"1669 Oak St, City 842, State 81360"
116496.32857225096,2.133372404797065,5.041037387030357,3.8282108135210566,69809.86699935433,2067319.9716222363,"572 Main St, City 843, State 30122"
43379.64549778016,8.988274113961717,3.9016915163409167,2.227389756530185,67022.39747176107,1576911.2985806363,"584 Pine St, City 844, State 71889"
67316.17113543215,3.8917992979095564,8.987201250540569,4.9460045338192655,66134.49658432775,2008289.5123586913,"8254 Main St, City 845, State 31963"
37681.47012707795,3.6920539942541444,7.111906146548668,5.609619849644667,57723.294264158285,1795090.6212285142,"4571 Main St, City 846, State 38364"
119718.68266613527,7.888283203408524,9.223646787742721,5.867595951210516,19339.866559430266,2548648.477884709,"5692 Oak St, City 847, State 99950"
75197.55092981184,4.560128904699134,9.564790448946683,2.7490814302305164,39621.12836187083,2069831.376304527,"5127 Maple St, City 848, State 13762"
83584.65155880395,6.048357539294693,3.3753987326001442,4.220795361562502,19579.67074362335,1647370.7549468135,"2787 Maple St, City 849, State 88349"
36036.88296495847,3.3000885223796503,6.506785113012079,2.8843160604695783,21878.9046132817,1277115.0922159166,"34 Oak St, City 850, State 26294"
97496.442335926,9.677965771695753,5.624751843521705,5.310636744271244,44711.86501335803,2334630.1271818047,"2800 Main St, City 851, State 93775"
48891.50337860272,8.8126512001379,7.38100877949082,2.7897318621088405,7654.18044794912,1730127.302915811,"6924 Oak St, City 852, State 60209"
110824.88604966424,8.910316983720026,8.555138380416265,6.520818419780374,68014.806843346,2800518.974487951,"6939 Oak St, City 853, State 53921"
48462.567643380644,5.254189988576042,4.964131511820582,3.153173228307067,64713.75621756769,1585119.2542339375,"4389 Maple St, City 854, State 78163"
47161.89485972999,8.098889709657382,6.897588690612201,3.4570113314412243,29749.89219025179,1686678.0370704546,"3821 Pine St, City 855, State 79179"
33289.47010632854,3.1510092431182413,7.961100059334297,6.254531610754999,38502.45912044935,1493639.6266568403,"6192 Maple St, City 856, State 32371"
72486.02505989993,2.0689520207342422,3.941017579850138,4.292338050728619,35297.76225240434,1357668.4226415348,"8799 Pine St, City 857, State 36875"
80835.70199363548,2.159783460624225,8.698468341658868,2.1199797290003652,62342.98561013553,1981451.142478944,"1334 Main St, City 858, State 94393"
35913.77754855171,6.692813899236484,7.242767198970812,4.472931256013229,49759.121960547214,1680310.1313746928,"6144 Oak St, City 859, State 28470"
99797.48550255095,5.643159241983526,9.646762059795563,2.422716676900615,23077.23108258317,2280157.8932855446,"3351 Pine St, City 860, State 57728"
70795.99512732249,6.144122791268158,5.376702433914852,6.926723593436553,34044.681540244295,1841355.8783531627,"8568 Main St, City 861, State 46478"
77195.1242394822,2.0597051233377552,3.7570215963603903,4.940557852278012,32882.78841963965,1464833.4025922264,"1694 Oak St, City 862, State 40766"
69668.64722444053,5.381492957259406,6.5455084072584775,3.282663088054892,67356.7859384547,1918957.6247023842,"8264 Main St, City 863, State 77310"
66068.67547877933,7.7445452896068865,3.600675401966072,4.818588397738089,16395.209183451578,1507137.1008197449,"574 Oak St, City 864, State 47432"
80367.62981773961,5.541549615739487,9.786685663268049,2.384335516908774,10822.461924137888,2020653.4062544233,"5060 Maple St, City 865, State 32497"
43971.622133764125,7.857753650497778,3.2707947078003405,5.999456521344085,62240.224090509866,1563339.473788017,"8345 Maple St, City 866, State 51688"
46373.5317445744,3.8641517151746783,8.274527307751157,6.626640269320818,63284.589317881604,1852183.33631335,"9745 Pine St, City 867, State 70911"
107560.70589121655,8.505136035853804,6.675716786995708,6.372221941030798,61663.040714290706,2634483.369805145,"6695 Oak St, City 868, State 16160"
115150.39159202695,6.707449923627618,5.580344567488021,3.708788011492814,38213.49951566116,2164699.22445954,"9192 Maple St, City 869, State 31405"
63597.83846517777,3.68610479543925,3.4608951515605826,3.6288405982168426,47883.38783751493,1505106.931773715,"6871 Main St, City 870, State 19326"
54367.02058291984,3.8937638068306635,7.355168469215254,2.1754380560815,41618.59809146395,1603449.023836254,"4743 Oak St, City 871, State 34527"
87959.95889151143,7.024243716556296,7.096542305736687,5.257001793504584,9514.10869353606,2205935.1164327576,"2716 Maple St, City 872, State 51313"
66786.07539882867,8.639516745699547,4.966182911473198,4.674523920948975,43729.26829854696,1834383.250465973,"5394 Maple St, City 873, State 52262"
32284.77200943104,5.325022256233241,9.371551909872185,4.296731856636707,5884.919571646557,1566665.9975681875,"4083 Pine St, City 874, State 25390"
44053.733762957134,4.066403433020738,5.128770051399858,6.538154766673535,26124.1816212106,1382460.0096744536,"8702 Oak St, City 875, State 50860"
94437.50059626577,8.936092855284803,6.148077874144743,2.8393945054142318,65599.01743175586,2157372.350148334,"178 Main St, City 876, State 50506"
89303.15477191363,7.354146334006679,6.80633719143059,2.0483313334509115,24762.942526327493,1938441.582817168,"8993 Pine St, City 877, State 13243"
32438.639325313514,5.584683898264612,3.7016231472340024,2.366582260603827,66088.7317718761,1389238.6771654207,"3667 Oak St, City 878, State 29411"
49977.49457396545,5.903201562234415,9.525132034495426,3.1168571891368444,21258.707214700877,1713475.3922977918,"2021 Maple St, City 879, State 33586"
50796.73169292643,3.634051743491171,5.621753067157288,2.166427746317285,25446.54562999961,1109610.078531961,"1975 Maple St, City 880, State 11258"
90470.34692388555,7.0144210405187515,3.565454497120405,4.514218553215677,45846.48726850598,1902179.572280975,"7053 Maple St, City 881, State 52202"
31773.948397892775,4.869940084343109,5.71103821572731,3.5704522761678903,54505.75323130416,1288528.2501007244,"2754 Maple St, City 882, State 90544"
39369.77237861165,9.965161413394794,7.201417829648065,2.902415040340663,37590.20492031747,1756274.4698991803,"420 Main St, City 883, State 78407"
101992.44768358704,5.841468122095103,6.595568702749307,5.75042037474331,62337.5196676201,2478958.296880772,"868 Main St, City 884, State 26238"
46069.019584890026,5.8870848495169055,7.861793818260918,3.02225663116265,7615.627404690251,1589679.5108242403,"8366 Maple St, City 885, State 40793"
88747.14970666872,6.526814299285375,3.3883875944753745,5.438025504968966,64942.664511234085,2126402.890168223,"8005 Maple St, City 886, State 31116"
51436.45029420539,9.334048024949974,4.991784271904393,3.7463245292381946,17760.00699320152,1525448.2146406083,"9752 Pine St, City 887, State 96512"
38949.72534834106,8.406544798878002,8.734614037880716,4.559138803312773,62475.518430502634,1943428.7393461107,"2243 Pine St, City 888, State 12488"
51885.49718995087,5.609040558382731,3.559255814539526,6.669335199256599,31056.106666614734,1334964.434611801,"1513 Main St, City 889, State 42791"
95004.02386700932,7.749594127782368,8.988401682871704,2.1867581740790643,59129.20863161745,2349436.523565398,"2338 Pine St, City 890, State 41027"
107012.68212956571,6.689883990246093,3.643272644539744,4.50132253738731,48658.26073724018,1981725.3289503437,"8023 Maple St, City 891, State 14133"
104719.78781102924,5.938936389609991,8.841179504241873,6.272114801638091,16436.206111087035,2191111.2356135235,"6530 Main St, City 892, State 73044"
65746.51766566094,3.538526182274804,5.525518807551087,4.939871241851742,64673.09204229415,1884580.2503745935,"4178 Oak St, City 893, State 15940"
90127.66229135815,5.711490107639127,7.285463442800511,3.384352584825783,20958.630381749877,1766815.9036704595,"50 Main St, City 894, State 16217"
48448.58658742389,3.966548696180597,4.070209809535987,3.9884056757251716,20869.10771517494,1369441.6847742333,"3050 Maple St, City 895, State 64377"
56383.29572349119,9.318737198813238,3.463181052076266,5.401328143642873,57921.62828142974,1883078.179550133,"7869 Oak St, City 896, State 36198"
110670.22366690078,4.6832545079707755,4.511567428140946,6.454059471569015,11881.761612213868,2004800.2160748623,"9980 Pine St, City 897, State 34019"
31170.173115966245,9.618112116266978,3.894976725360869,2.205331868733058,19432.33391407992,1156076.3738248656,"5776 Pine St, City 898, State 35589"
37695.767776902125,6.26444232075769,5.186841283757422,2.357694109451882,37739.04227236906,1206335.6200085804,"8346 Oak St, City 899, State 81797"
48709.762963142464,7.0523550294092825,6.600682725577141,3.6252576180479377,58981.00686463058,1716592.3938862947,"2315 Main St, City 900, State 57940"
32387.898348643776,6.343523555914622,7.121316244955066,3.163898422187395,14586.458357922387,1441121.7509678006,"7409 Maple St, City 901, State 62201"
46329.18915808176,3.035044935733607,8.5290767516582,3.3246544311120303,40598.43524330251,1600408.451394095,"4644 Oak St, City 902, State 93845"
82473.7404872723,5.006569752063528,7.593679252738511,3.1063499931294047,51230.63846719107,1927553.975315342,"6846 Maple St, City 903, State 25228"
67928.20955332482,2.7931688982209915,7.26130827590687,2.9791252442757887,60938.689606536835,1908732.8863434542,"2458 Maple St, City 904, State 36187"
110340.45399692774,6.983632353467054,5.882474192400423,2.653119834346459,65811.76141314427,2500274.8279489325,"4242 Oak St, City 905, State 20729"
103569.92055645968,5.574993561603511,6.316659044720971,6.66977065897619,56001.59444048061,2277222.782792679,"5246 Pine St, City 906, State 34347"
60763.561652808836,8.223879772567495,5.901645805731268,2.720947319530765,47433.84588443012,1820692.6089827726,"4441 Main St, City 907, State 50378"
53348.10900881632,3.7637638479949587,8.895162210429682,3.022018873827681,33185.305545329786,1538984.4849008152,"1999 Maple St, City 908, State 60283"
64172.316735054024,3.3165284674346793,4.610003167838799,3.2313286199039286,12287.160022247277,1293286.831246829,"1993 Main St, City 909, State 35089"
83126.5448263327,5.250657847710142,3.0400465207937524,6.665074365652103,51132.91751415888,1843662.8786527913,"5041 Main St, City 910, State 37737"
54125.727674058864,9.41268306574705,7.559239280583675,5.778570668005424,69527.92479090665,2173112.9704951085,"215 Maple St, City 911, State 72782"
86173.40170642207,7.683374520099294,4.41723528547182,5.948497151577573,52889.43865758649,1991416.8888212198,"8796 Oak St, City 912, State 46537"
66847.04869721163,5.351388998343349,9.230805954168666,2.5237912976924903,6086.221092952208,1753224.9067706682,"4868 Oak St, City 913, State 60232"
79684.24627667823,6.1381773580344845,9.013324307946593,6.181549375078358,37256.89857271952,2151827.175765727,"9618 Oak St, City 914, State 92394"
69251.3876221785,2.6737040894167867,3.537091603497441,4.0409654090870895,44952.03111138875,1427309.0554301376,"9324 Maple St, City 915, State 84539"
56501.918358772586,9.876607171008905,3.7447188378985414,3.3141151310619437,49828.8230716848,1749318.0987121493,"4273 Maple St, City 916, State 24749"
115360.7976265941,7.3312584375593515,6.466201145726664,4.878750417601553,51782.17931404606,2245986.6903634067,"8884 Main St, City 917, State 92187"
98724.52147437847,4.28323254770738,7.264558639385482,6.1109145290836695,41277.04867907406,2164849.2610670803,"8977 Oak St, City 918, State 86699"
42610.18581898073,6.686467153721955,4.924358362375685,5.893260755374547,19518.42162772562,1463761.3692283933,"6532 Oak St, City 919, State 96829"
108162.11783081215,2.875858928551952,8.017584016895594,6.44998741290566,66243.04299597553,2334487.2148903063,"2317 Main St, City 920, State 27585"
73868.80784245623,9.726693350460668,7.164412146432101,6.640660930077219,50283.32039813802,2200878.8431586823,"5187 Main St, City 921, State 67650"
110509.70042046823,3.3982799030669275,5.273768768239883,3.190610357138748,20394.602396511615,1849564.3794323949,"631 Oak St, City 922, State 65813"
101986.97303525837,7.184242544441713,3.177600416296209,4.1192894708463585,25950.919097567737,1838718.1731378795,"7442 Main St, City 923, State 16968"
68269.21540223101,3.9636357003114435,8.251051969089623,2.07314269602535,64925.29859097403,1928367.24818572,"1714 Main St, City 924, State 52543"
32022.237748810567,7.740491061188286,4.503275660775579,6.3966082963253,62686.537135976825,1585740.1937805878,"3352 Oak St, City 925, State 40038"
54180.962344645144,8.214570937922248,8.8413162042384,2.772860757373838,31334.518493275824,1689650.4502458503,"6216 Oak St, City 926, State 19143"
78747.07931947801,7.387357831291461,5.942031820379786,6.307374061713471,7489.969429444314,1924160.3365355907,"1225 Oak St, City 927, State 92016"
87013.03978435326,6.91599568204154,7.039542098422358,3.6469366099329816,8152.328978105982,1900263.4045732215,"4359 Oak St, City 928, State 88737"
53209.89168898821,9.139752751616093,9.110641112863014,3.840667949905691,23454.688909695287,2143727.6440922287,"3142 Main St, City 929, State 87006"
42542.046666554175,2.6290136879180643,9.045361006439673,2.1956612724192968,45892.944257034964,1456669.7371445019,"172 Oak St, City 930, State 40090"
105143.72131193693,4.6473181262415615,5.600637026705012,3.634393948826598,42972.65129674652,1969017.7056409454,"9093 Pine St, City 931, State 74004"
118596.1962633197,3.9862998370467677,4.462222249003902,6.44181841400632,46198.80615135628,2146212.4197244924,"8934 Pine St, City 932, State 50305"
77312.11640724173,9.904111696523373,8.426022544100164,2.1277370056080205,51623.393175586934,2305680.173441378,"8583 Maple St, City 933, State 41858"
45451.13572634732,5.115118237334988,6.031561425214918,4.031637365233626,6237.0964835279965,1149850.0537849148,"4671 Pine St, City 934, State 13481"
54507.65938674321,7.86090159392319,4.344293954913029,2.1569981490637056,11830.563686208787,1326617.9476479786,"1570 Oak St, City 935, State 17931"
31655.160889272007,7.477801311048037,9.330977396220051,3.8546171255453245,28366.42436876882,1753522.5178103144,"8648 Maple St, City 936, State 18635"
112286.89259044491,3.696649899819022,4.386729359687612,2.863203203901456,15065.899838902813,1725052.9703387124,"3482 Pine St, City 937, State 32077"
40597.5974601127,3.9119814416924106,3.1806501773386175,3.2610919663418603,9895.80276539602,1140341.4713276955,"1418 Main St, City 938, State 83212"
81886.48279628283,4.250276508424273,3.1419598163719398,6.387991865807095,46662.68573982657,1662300.2634822356,"7012 Oak St, City 939, State 27054"
54664.96986184854,5.289018226075034,7.35620749517985,4.1802461031094555,57996.87103692144,1725051.6276803263,"5414 Oak St, City 940, State 28668"
79876.02022642142,3.8746005252042144,7.6317254250227125,3.368989957009561,53920.73273322836,2034726.0506816222,"5441 Pine St, City 941, State 61939"
88627.83495166778,2.1572118619747824,5.1772919353988875,4.9466918897527385,58107.585609596645,2008022.7208703381,"7858 Pine St, City 942, State 41898"
104676.76233364815,9.035144454457564,5.240076924729443,2.710534799162912,48280.67536376202,2282090.046705802,"978 Oak St, City 943, State 97473"
48577.91445845429,9.724878651047073,5.3764574054195995,3.2969580371042793,52797.44591792314,1891078.5801955345,"8335 Main St, City 944, State 33836"
30989.624579263244,4.732563096252544,7.761109827312151,4.731239838014442,22665.620323539584,1590342.0176120591,"8912 Pine St, City 945, State 34993"
42319.70670619266,4.708055035403783,3.4069365371878,3.1876152092403442,69545.52235847068,1282324.9418839456,"9297 Main St, City 946, State 82496"
111001.67776632946,2.056734502194968,9.50381446883928,5.395638687004366,16905.76754210266,2313395.7920067883,"7545 Maple St, City 947, State 32289"
108650.10698062637,7.442005506642992,4.557647309242125,4.457456511297613,18942.101835309863,1899300.2834629063,"8965 Oak St, City 948, State 35644"
83767.17919532774,8.60351916598903,9.997712436694645,5.8599453512734545,23779.919068030045,2404852.954245293,"4224 Oak St, City 949, State 44341"
84046.5174390288,3.1728664028800253,4.200658856510309,6.741222678612343,68396.60795692762,1872249.1341466405,"4973 Oak St, City 950, State 33903"
89853.30070916298,3.277330794937206,8.400825201186642,2.579024446737039,69238.75830800389,2282325.108179758,"2654 Main St, City 951, State 44979"
45783.41507611046,8.320665999771503,4.563887814507375,3.6733250499227244,56668.09373092234,1749743.847361047,"9751 Maple St, City 952, State 75109"
112297.07513324638,6.930325986833157,3.5659276115027776,3.597745314392033,45888.74390637619,2149115.6736114263,"5544 Main St, City 953, State 94151"
67689.34724028659,2.358884461021736,9.124533270454542,2.7559145966862713,38804.06738699987,1831340.9218741853,"9018 Maple St, City 954, State 41701"
64482.46754245477,6.980375923698253,9.011258814336244,6.051515686667354,68090.35496964498,2287578.2898768005,"7691 Maple St, City 955, State 14226"
76702.59347545539,4.4713417827501285,5.82499274714721,5.79939352019395,50215.48218578609,1887828.7473362407,"8889 Oak St, City 956, State 76349"
34226.937009754954,4.9498012437667676,7.916772997782988,4.4221273541719945,66407.45834119196,1681682.8103288563,"3838 Maple St, City 957, State 37003"
44965.50318804715,8.157851346375042,6.89946152878742,4.688853888973048,25575.801966045554,1822306.965226881,"1084 Maple St, City 958, State 68527"
96423.02547837334,8.487481541380884,8.970692795716243,2.2977206900124814,26695.361497521768,2464957.1656658775,"5567 Oak St, City 959, State 78160"
37451.88011326138,5.202853014718645,5.2053917852305815,4.777536761635228,60557.09861769831,1483038.4708543203,"5506 Oak St, City 960, State 17549"
84283.68985197494,9.577223488050837,6.665706799992896,5.956707620098182,14740.569838044134,2131122.3350159633,"2733 Oak St, City 961, State 20203"
52081.41987131888,5.251701743616578,6.397606598431853,4.869137867919286,66485.31098424492,1781874.0272046467,"9441 Pine St, City 962, State 21928"
65036.60526377789,8.17468828184088,5.477340783798011,3.3265318506020947,37985.83305312149,1625843.0060236144,"7778 Pine St, City 963, State 34587"
55982.43630936299,5.8710181165140725,9.240185451894606,5.337741361671686,65216.902107940354,2045163.2986995536,"3608 Main St, City 964, State 76045"
62010.54448184543,9.180258612176672,4.161145472637749,3.8074421498262385,26891.531267177852,1820661.3541737946,"9461 Maple St, City 965, State 87994"
94714.1314665821,9.262089949201428,4.046560476644873,4.724366421428677,51537.328769060805,2058410.6992424654,"5746 Main St, City 966, State 80446"
56740.95440608575,2.699334462968671,7.03836674725926,4.437826816394624,36386.88292822483,1791969.172353125,"6573 Maple St, City 967, State 47068"
80976.41762672074,9.491946650481806,7.602459609894594,3.9058750048259006,45742.23596595575,2355658.338516359,"9082 Pine St, City 968, State 94872"
72844.53619791896,8.604278732163326,4.362334780271956,5.5943899019706755,37784.212054044896,1904548.653393078,"5697 Maple St, City 969, State 61896"
89730.40488263834,8.330485714501336,5.735022095782369,6.419380559929409,67862.51512913848,2360608.4232552564,"9701 Main St, City 970, State 70681"
114314.67653922823,3.6072907174841795,9.625946900851206,2.0260625923846245,49986.85085790462,2312582.515762147,"3034 Maple St, City 971, State 52727"
95931.48874892252,8.44095367003732,4.726321958834718,6.668082596151836,21335.732960710502,2039666.595163506,"9325 Main St, City 972, State 76737"
49344.63407316811,8.801061877480294,7.678524914821758,4.557575680416125,64128.999923830495,2149293.6088552484,"249 Pine St, City 973, State 36471"
32806.48215551562,4.313202675633208,8.181045755883137,5.503659401816326,24111.932980081783,1422425.1288450127,"5277 Oak St, City 974, State 78211"
53603.76398698425,9.618080626898589,6.136900896256117,6.2781228308793855,29154.331454555657,1948122.2608093012,"9477 Pine St, City 975, State 84048"
83557.01376302293,2.398881171193314,9.562681907317081,4.33551846157135,11638.04037131387,1771080.4855352654,"7295 Pine St, City 976, State 53858"
34628.32321358253,3.1992740259771173,8.156597146531533,6.174870366824451,63497.8237867524,1541694.0938481982,"510 Pine St, City 977, State 27024"
74672.96224811126,6.3006491044121145,6.205472059026285,2.888099097276011,23597.281509811095,1952967.6894497885,"3251 Pine St, City 978, State 61871"
83715.85640252003,6.6063397689784775,6.985346412432658,2.795837672399072,21829.645165539852,1918142.9068443757,"3904 Oak St, City 979, State 35887"
60081.95017352648,7.161200666407227,7.848294103975705,5.287356844280768,64817.068869672,2015599.1243510316,"3337 Maple St, City 980, State 27802"
99382.09833712397,2.1357530345237317,7.145331263004527,6.350715027758686,57359.24605632717,2285826.8999520815,"7600 Maple St, City 981, State 29843"
39593.842782039465,9.682934196977042,9.150883086782532,6.462130887680197,14170.129898759336,2001452.5162324025,"4905 Main St, City 982, State 50080"
36762.40035622279,2.356704741873152,5.498220635962808,5.218702291886233,55006.09275373924,1448983.880583917,"7343 Pine St, City 983, State 52297"
95536.9880583243,3.144495621787219,5.099200180390635,4.627446151046588,64347.151373496396,1924100.0255615236,"5249 Oak St, City 984, State 10346"
74594.21845855787,2.112116140208456,4.49687222646685,3.656965438482581,10103.229183698355,1342831.1211925512,"117 Maple St, City 985, State 19612"
91956.21567849624,6.5348674663527575,3.264480776452166,6.900002077996657,58638.97466879725,2038821.8102751325,"3083 Oak St, City 986, State 11631"
69134.46047433716,9.458135071367778,3.3010977506603876,3.5984784333312523,40582.30337174864,1808644.982437996,"2000 Pine St, City 987, State 25452"
52176.182991519614,7.327577328643714,9.09038635176498,5.720930536157966,48497.834209622044,1978640.334219576,"7270 Oak St, City 988, State 88105"
103719.20859067797,8.581259747843418,7.748752024841351,4.659908999525004,37035.532028820904,2428203.876478183,"8133 Maple St, City 989, State 45472"
101947.42910720814,2.1062496276686407,7.623726908055403,5.042561712626734,50357.200518843114,2164486.909152704,"5541 Pine St, City 990, State 51170"
92522.68237689842,6.336122387837809,7.302499732544202,3.967402752943131,7216.361008338959,2110013.7850319245,"9883 Oak St, City 991, State 90379"
54493.062350696644,5.676503820044175,8.944534012858734,6.824115627361239,54575.93700951344,2097368.27229979,"3148 Maple St, City 992, State 18057"
83120.76001821784,5.991743553766344,6.3618684796593925,4.858411630496356,7167.340360832297,1670653.14247877,"2500 Maple St, City 993, State 70014"
62487.65072460241,2.5777054826815036,9.092875799908102,6.68893815229395,34594.49010357732,1833469.4096109138,"5067 Oak St, City 994, State 71457"
38242.386599397076,7.47548288855446,5.516115183275675,2.0379570808695706,14812.724553469166,1239811.2232788391,"9507 Oak St, City 995, State 45013"
112558.22179160186,6.025763318869076,9.486952530373634,4.863352915955605,58532.32802783496,2681197.555968373,"1186 Main St, City 996, State 84111"
42313.67678270653,8.121190798890112,7.890598860568681,5.585934448626357,25387.959096418457,1847277.380608453,"1522 Pine St, City 997, State 90938"
115521.36184387222,5.882325072493723,4.80023995217099,5.72540085581109,34516.08039928161,2187847.0944688525,"4178 Maple St, City 998, State 81236"
70140.51956621601,3.1950530898114566,6.948594451820376,6.524884408908407,32868.79818439025,1750323.2264247814,"7574 Oak St, City 999, State 64698"
46661.96359547577,7.186055632622576,6.731213930417789,2.0220080450189313,55212.627769505925,1708059.8915210057,"9677 Pine St, City 1000, State 37103"
78771.08526405224,3.37909089684133,3.965291752112338,2.0016507962973824,36274.38338673841,1536202.1058219648,"4824 Pine St, City 1001, State 73101"
108565.12522887674,8.97915650683852,7.138700340254299,4.361317303976076,56282.29177567249,2453946.1176769915,"526 Maple St, City 1002, State 58326"
95900.2397768605,6.904929912553932,5.203499366018706,2.146468525026853,9778.03799217389,1711941.9783125366,"6412 Pine St, City 1003, State 85104"
102590.50330753048,3.257631068455634,3.366441367667217,6.872662768311873,17453.60791369468,1546535.9142737584,"4407 Oak St, City 1004, State 67178"
89290.50300396456,9.698704459849655,9.640593103945953,3.1103258727069596,40849.726227013445,2573364.321837969,"4877 Main St, City 1005, State 40871"
92304.89080660672,6.146923706682565,7.490432583450015,4.363323646824224,66560.74110892517,2342969.7393890456,"1994 Maple St, City 1006, State 54895"
106427.60864087874,2.58318761497324,9.13843252309593,2.305688150061118,9859.26003691572,2079228.1148259533,"8649 Main St, City 1007, State 56306"
52470.12079732673,7.014663235320538,7.732392035092772,4.610242080856293,7800.4740501961805,1797855.2540186807,"9644 Pine St, City 1008, State 86554"
74048.24672788265,4.025591256102482,5.498885844980791,3.8997806257370424,15175.79387031062,1448998.4848368366,"4214 Main St, City 1009, State 97843"
49908.8497637642,8.42954761501842,6.58881650630168,2.2233001443861187,46674.953375910176,1574181.88251833,"6366 Main St, City 1010, State 32590"
118890.12071969823,8.542576588529524,7.730227322430239,3.6756213334811236,30934.539583566067,2537812.751992051,"7502 Pine St, City 1011, State 12192"
114965.3405717952,9.831578846837296,9.721766276410062,3.957180101114278,58660.9046621496,2860320.7140611415,"5050 Oak St, City 1012, State 40617"
33548.41302316553,6.01495624819603,4.775686213851875,6.9496074563747,9675.654846288777,1102022.6567050163,"2829 Maple St, City 1013, State 41682"
93501.76552641197,5.639655037821897,9.124839410368825,3.0394293595968773,17766.91564295557,2162957.1252014516,"4075 Maple St, City 1014, State 20250"
113272.34856740992,8.027804843571845,9.468544637059885,4.723898076850499,24501.716355218217,2515800.5276591317,"69 Pine St, City 1015, State 77173"
46251.78106146002,3.0597652507354125,7.692908602612696,6.9365777459931435,45737.455634771046,1587014.5659402777,"5664 Oak St, City 1016, State 16251"
81115.07074973665,6.375324110344994,9.518866391809365,5.960096039700676,49536.22486960057,2284567.8590701474,"3126 Maple St, City 1017, State 43006"
112393.94678292377,6.3699808010468075,5.785150112341579,6.966837504410445,13073.214107645299,1935468.855447597,"5047 Maple St, City 1018, State 50785"
33055.13807272189,2.7157849824830977,9.6711132322831,6.841491573300846,66347.30608446307,1717873.5437161687,"291 Maple St, City 1019, State 16464"
92767.82405221558,5.343872684055309,7.919480140161824,4.447697710470772,27167.868787363594,2027271.1042403877,"1809 Oak St, City 1020, State 60106"
56761.41066352957,8.826278388537617,3.2940403719316835,5.481879249352829,51355.9695950184,1749397.725966002,"7033 Main St, City 1021, State 55040"
113195.65758388773,8.849228975957281,9.34810982273337,2.5522156347057554,39073.50173160042,2578377.7745034974,"8476 Maple St, City 1022, State 24517"
117395.2420648831,2.793901319357448,6.391309663232348,4.205744125234009,19479.27738056193,2112407.857703009,"7780 Maple St, City 1023, State 52866"
114983.98402020906,2.725767061982647,6.22228889344483,6.045092711333488,60004.84100250172,2010334.3566556547,"6586 Main St, City 1024, State 25783"
72679.27949917174,4.101563816015482,6.9652662418574405,4.526676604885717,58185.47183247544,1831910.1201929306,"3572 Pine St, City 1025, State 55631"
107583.8385890382,8.998128500431948,4.045691827398596,5.51349516408616,30744.670504584854,2224128.0697065205,"3760 Oak St, City 1026, State 85346"
106009.44586815634,3.0312206805879915,6.2841623399717905,5.728756649921385,43259.4930701006,2071662.1816995353,"5122 Maple St, City 1027, State 42472"
58719.04259189301,7.75997442101957,8.817890517024221,3.2673457062144693,21758.67023583608,1971980.1639948976,"9001 Pine St, City 1028, State 41087"
104602.39267356096,2.8093249569048258,3.1083772139626076,6.378496864712828,49840.35586850959,1695256.74604287,"3787 Oak St, City 1029, State 11321"
33330.68712439434,6.985102829982603,4.910420122270599,4.299112154545895,25086.742820328043,1402913.7852316862,"1655 Pine St, City 1030, State 55972"
83664.28906338477,4.8485383929531585,3.0171821051069094,3.050925518107719,59865.11773484527,1647383.8111290121,"3069 Maple St, City 1031, State 49361"
50700.79535589328,8.311311703726936,5.909979164048938,6.327079408942219,19130.03177802283,1607214.7045893078,"8587 Pine St, City 1032, State 70977"
40851.01971995509,3.869523590602909,8.098208573456143,4.089094030531268,5962.222483200169,1501431.7006308718,"6677 Main St, City 1033, State 25747"
36925.78814662882,7.113614635119679,8.5914028038024,5.751562191898598,22453.0227279147,1813252.9299186463,"744 Main St, City 1034, State 89402"
92665.98982903258,3.8854602766070796,9.616328327889047,4.740165361107964,17418.411619866634,2223006.166893104,"6575 Maple St, City 1035, State 91851"
60588.746739125956,7.70928226489723,7.259532290795505,3.909358761172502,38038.61858212008,2083452.2121503637,"194 Maple St, City 1036, State 79810"
95229.00943758854,8.989424276485991,4.7823880665702685,6.049382075192847,18240.713957677457,2183717.7464143126,"3898 Oak St, City 1037, State 46350"
35882.07067190481,3.0144143930140803,9.469035643956893,4.922349658223065,54607.34159676716,1608227.8172436014,"5084 Maple St, City 1038, State 58473"
58376.130404754935,8.932765508764028,8.427210277162633,3.9528105121351587,20689.091470260253,1940769.9871876827,"8130 Maple St, City 1039, State 31727"
78554.21631378034,6.748602035314383,7.020999381022012,2.547989351675635,50952.93169432262,1979836.763558672,"7518 Pine St, City 1040, State 66941"
101165.08483550671,3.016883926936192,7.869481510032552,6.477226568833539,42600.60999589206,2402282.3985438542,"3904 Pine St, City 1041, State 60937"
58687.72526388629,5.420334842877696,9.470214485052004,2.177347926708333,69106.24067067247,2136849.790211391,"7963 Maple St, City 1042, State 22025"
86330.22387933082,3.286882347880783,7.986758199310452,6.315936741840281,69993.56350560006,2187144.9182440466,"9375 Pine St, City 1043, State 78832"
109737.99734125684,7.602783110932556,5.578621553093138,3.7998076244157772,61519.19541562645,2433190.038792553,"6957 Pine St, City 1044, State 15685"
85427.68693640741,8.070945075343598,7.9911974160236765,5.196693817507029,54398.91900441882,2201795.4793291427,"6648 Oak St, City 1045, State 50562"
50966.352727827034,2.8463721621823916,3.2819471391477153,6.610998619178426,30119.666910037293,1288492.3734092938,"5591 Pine St, City 1046, State 15430"
32196.070340088423,6.049118821557155,5.704908932814069,2.758533077519492,53962.987263534735,1339588.0384868176,"3881 Maple St, City 1047, State 70487"
108308.89865108368,8.517000448207337,5.844261222919055,4.834752378194051,67183.9099101669,2288582.8075886434,"1771 Oak St, City 1048, State 67590"
31914.246976534843,9.489304332407972,4.167867640945843,5.82216431185096,6519.542400703871,1412753.362773446,"5926 Maple St, City 1049, State 77617"
108723.15054157794,6.10814293393416,3.1615983638623915,5.787919163595287,39964.45551285302,2109885.4832123574,"2058 Pine St, City 1050, State 48671"
77604.34206244908,9.602233788891256,3.9336686564642,4.62815957299752,19169.889785248248,1851264.1023235552,"5336 Oak St, City 1051, State 81257"
114516.09286616066,6.2855117636482385,7.582350470579385,5.1236972995322905,41261.96053147528,2407748.572077065,"7079 Oak St, City 1052, State 92259"
101890.49121962988,5.153523956799264,8.616021714545813,5.7876349706642225,35319.060834327924,2189451.335006852,"2729 Pine St, City 1053, State 99763"
119814.06994800037,8.785625028423164,9.91742444908882,6.205138188787059,42424.95780089848,2712960.154424647,"5784 Oak St, City 1054, State 85036"
61564.063390653915,5.9438616836647125,5.42454452175946,5.809065484379319,40812.544392217074,1628203.9683491166,"8176 Oak St, City 1055, State 72248"
99046.94600380142,5.775220084516184,7.195654555827712,3.7700247159062132,67406.95754595654,2281651.0287645166,"6902 Maple St, City 1056, State 86851"
66173.7822248318,5.922499915278626,9.560014767705853,6.983632005288666,40892.09708075784,2244251.318351658,"2298 Maple St, City 1057, State 90775"
73188.8058273518,8.774280014957963,4.169292469367068,4.172513468596522,60005.08572811637,2035386.7103771244,"7291 Oak St, City 1058, State 36085"
86475.49168965331,8.655532333504418,8.023519104399199,2.122323513794667,25788.318642055023,1967167.6005865175,"5319 Pine St, City 1059, State 73493"
108630.94027677049,5.22815993952169,8.284851132044142,3.81308475792731,33476.54477141818,2222957.4232305363,"4035 Maple St, City 1060, State 58248"
118567.51222793656,4.6663988789642,3.6228287510853687,2.6389147728692164,35576.87594291264,1893857.0872578612,"9773 Oak St, City 1061, State 80169"
99144.60724780663,5.935424192313034,9.028745696281455,2.607213078641875,23117.322816799682,1951161.6313893641,"2052 Main St, City 1062, State 81444"
67599.01039506003,6.582180077896872,8.691735329775907,3.407675200534472,29686.366996067092,2007712.1199188773,"6131 Pine St, City 1063, State 55777"
67922.13020493631,3.9066976850239756,3.233821046042041,2.266877470886304,43903.35016534039,1396168.962505364,"1824 Maple St, City 1064, State 25641"
96382.40714300024,8.351640677724724,3.6375909041603602,5.442560942047815,42712.2046147946,2037936.9753213776,"9144 Pine St, City 1065, State 95340"
51489.94311914721,5.891862125859383,3.3438882572429662,2.3699444210095253,46368.297397276234,1514530.5235181092,"3028 Oak St, City 1066, State 38536"
39942.67018182552,4.672364387359677,5.3432047225955355,3.016447777179781,27868.16450230917,1299166.4561492568,"5874 Main St, City 1067, State 24709"
61915.99418766989,2.854567943711925,6.565022934759483,2.464498572470597,25529.04718494871,1445597.3204453134,"3846 Oak St, City 1068, State 87245"
55851.509248867354,3.9107612832288554,6.726434095682402,2.3158386545151552,44755.1623790206,1642626.6179357602,"1418 Oak St, City 1069, State 63897"
56667.73084103911,9.59424937404787,4.873667318386099,3.3387583276977084,13636.013647789123,1710513.1653111055,"2773 Pine St, City 1070, State 65427"
51024.697594491896,4.440797494556213,9.38117820592192,4.85949483830185,21447.0503295891,1765447.9605484067,"2250 Pine St, City 1071, State 30242"
33788.38706727257,3.3508743149362825,5.577839529103392,6.823427782234209,7738.3029019446885,1263968.0565943758,"1626 Oak St, City 1072, State 94525"
31608.654126007244,5.685382333239946,3.3188510917574674,6.377783271748031,9719.705418745209,1091239.0055345458,"1848 Oak St, City 1073, State 18770"
118895.01507624284,4.4567019468819895,5.101589780789705,6.379669627226624,20819.913151939578,2107216.3105102344,"1137 Maple St, City 1074, State 20466"
68499.58203622761,2.2812740021695532,6.717765957809089,2.880335180188288,6269.4032192997365,1465539.939627511,"1158 Main St, City 1075, State 87586"
64589.398244371354,4.585161738235338,5.857552758117624,3.3245359674891004,20951.688485685,1472938.7164147221,"9842 Pine St, City 1076, State 24478"
91168.25544237628,6.352868991515749,4.9168976336948145,2.3819665839765287,47573.46099903169,1875197.9557726295,"5414 Main St, City 1077, State 15611"
49642.84990785578,6.413698976159735,3.919262748350222,5.892341699575925,8971.960100480648,1490072.4834260908,"1587 Maple St, City 1078, State 40166"
115496.50655552027,4.85247136941511,8.734151500673608,2.34908150742781,33387.88405665166,2534528.229172172,"2324 Oak St, City 1079, State 68609"
100771.05129739968,5.578422050020805,9.973016694869344,4.7834783541042665,64352.071149770716,2708957.4488403844,"7917 Pine St, City 1080, State 38014"
38046.99020810336,9.724143345878131,5.306794934667174,3.2393778616197535,56433.51388015106,1538243.833720807,"9564 Pine St, City 1081, State 78739"
67582.26982064356,5.018787817842493,5.671347309236228,3.2172281701437235,24853.43764916572,1459268.1537291012,"5895 Maple St, City 1082, State 72831"
109120.64768059482,4.065814506079864,7.326262672738699,6.953625276238026,65112.35614745706,2295697.8117589476,"762 Main St, City 1083, State 73702"
115025.88200622692,3.947736352534081,8.02909032314879,5.783899034892687,26427.022288602115,2309063.690218616,"4081 Oak St, City 1084, State 14071"
72066.13601248828,5.662116901633073,5.7442067436251385,6.18469679145525,9713.507261941562,1416539.7255141465,"4626 Pine St, City 1085, State 32362"
85207.02502896369,8.076161189735553,9.334506618872707,4.859913426720063,69613.63718992738,2437624.27137552,"9008 Pine St, City 1086, State 27854"
45033.055148286774,3.6479054735077856,6.9200279246024285,6.355071436968746,61551.46426729616,1825447.452488106,"3288 Pine St, City 1087, State 56782"
119205.1763523279,7.6743690171261445,6.152730534841517,5.227452695831765,35285.630914571,2499484.2756876065,"5707 Oak St, City 1088, State 26894"
50850.453124509906,2.1691985867953303,7.526709272119336,6.7308685239817265,48314.47407250625,1611690.1633790447,"7962 Main St, City 1089, State 54665"
114845.85967216131,5.351463823871568,9.669626937744212,3.406692930228184,48629.82506068356,2491616.3120279284,"6785 Main St, City 1090, State 68650"
88468.19840931316,8.206920521622294,8.561866060951939,4.976597728914475,17641.344997479922,2274206.1225859257,"5494 Maple St, City 1091, State 49356"
84696.31153909731,4.709863646195451,3.2800919137458706,5.450656739684461,18003.161154986097,1691926.0342902993,"9417 Oak St, City 1092, State 44633"
76141.96599148578,6.509896811563196,5.326169375179718,3.964686525139033,35522.745717868675,1756248.648076933,"766 Maple St, City 1093, State 34640"
50760.28305459829,3.6398338626072864,6.2938127946585585,6.398539912020266,64252.254108950365,1682880.412982448,"3450 Oak St, City 1094, State 15765"
45887.522880495744,7.935963129009378,5.201623005463737,6.899015815520772,5649.595365807101,1450420.7041351816,"4975 Pine St, City 1095, State 11383"
49843.75881631578,2.418232826150077,7.901312925813196,4.468847456863308,55862.86633670836,1531699.074787637,"2436 Main St, City 1096, State 39992"
46779.443592982905,8.820341159004002,8.783884049038068,3.9532032740216954,8739.24094145252,1751840.1459288064,"1451 Maple St, City 1097, State 50692"
100162.6026210078,3.585571091373345,8.119415666296902,4.3596896427822935,36084.43746740266,2112077.956682103,"7059 Main St, City 1098, State 92361"
61511.273325005706,8.995184253666647,9.925333007797928,6.263683728659658,46461.73414977597,2153053.3575670277,"9630 Pine St, City 1099, State 57556"
35205.84089070567,4.820233930404139,4.9078335352512035,5.227342127590838,49639.352360360215,1455321.907640659,"2368 Oak St, City 1100, State 51842"
117219.23671267302,7.781468595795893,9.124926465170951,2.2238618625904754,8801.15213503424,2450313.5985456756,"7160 Maple St, City 1101, State 80734"
109540.7296467083,4.553802382289508,8.366358656221404,4.710849552228574,32209.235129957935,2364349.740380425,"8935 Main St, City 1102, State 82822"
113497.70548756917,9.24729336987718,5.535251302907023,2.086500613704849,42949.4219326511,2240696.9201300764,"9737 Maple St, City 1103, State 12829"
119541.70403817917,3.013097004146995,8.13887180559878,5.892676855017028,9292.95992489045,2022069.1725005426,"2614 Pine St, City 1104, State 49980"
45650.572429753855,3.4281583141807896,3.728531694927729,3.6415613677123186,13781.146178695135,1151081.8604902064,"9441 Pine St, City 1105, State 14819"
65661.78170123929,5.944241001270418,8.525334376383867,4.360037410586647,48137.184317762505,1940932.3896300637,"7880 Main St, City 1106, State 42225"
98241.46281336821,2.655507512305169,6.726314218109718,5.99339052953816,38906.48277839236,1938562.4576512543,"8557 Main St, City 1107, State 79656"
92641.8556248413,3.5678414776140954,5.046031208964772,2.232244086428808,15518.862982438885,1527349.456887014,"6477 Oak St, City 1108, State 88385"
43850.63157058696,9.550131057696115,7.590441112489261,2.7927076779580524,39790.556899457675,1778449.9196171304,"4777 Oak St, City 1109, State 85875"
103424.9812491556,9.811917289183096,7.491339991000863,3.9898018822255743,64325.004273887025,2723204.68377203,"2418 Main St, City 1110, State 84447"
50199.65146529946,5.0100746346433755,4.466403559037198,3.149625817727803,6013.193010398655,1183822.3185564151,"4683 Oak St, City 1111, State 82361"
50143.58533403608,9.386288168111484,3.212781903680683,3.6895071288753156,46771.19527658055,1463333.6998728586,"1847 Pine St, City 1112, State 60618"
78327.69806040722,6.358597405387454,6.035358108311717,6.990873689462325,9787.278249347226,1907891.4415719905,"8883 Pine St, City 1113, State 91844"
83364.59413575329,4.157939726990136,6.986583085410949,6.127072187869054,5419.213792705555,1828659.0371166435,"2513 Main St, City 1114, State 32500"
82207.75870540302,7.619189768644789,9.136236948594188,6.419509074800542,14792.541762941197,1988553.8756637066,"9334 Pine St, City 1115, State 76513"
38233.81536579794,7.271214452598858,9.49751756953316,6.685273167828877,32488.931070504754,1934937.7642132938,"8734 Maple St, City 1116, State 91206"
108971.47763673423,9.913002552869866,6.701636527097365,3.7046794015709783,57152.35993382694,2731244.784745049,"9595 Maple St, City 1117, State 96427"
53904.003832983544,4.120378299274266,8.276624386379815,3.4853847889823637,23316.057279296314,1368277.1415269838,"3493 Main St, City 1118, State 80461"
41656.34291545238,7.376476021293883,6.075122906295979,3.1703124628603745,45668.75880526931,1471279.6282328418,"1134 Main St, City 1119, State 25218"
109987.32718820794,2.416190040235575,8.222575096010251,6.150584556540613,31725.18146709493,1936779.516741211,"4866 Oak St, City 1120, State 51528"
116008.6348406778,2.9091683095737553,4.433610674574169,5.397759311425925,20231.56647779052,1915793.787509046,"3001 Oak St, City 1121, State 50434"
107591.48555389055,2.031346999608746,5.59745314362472,3.1808599124143866,38426.06242838581,2011873.1901848163,"6705 Main St, City 1122, State 88353"
102856.44672523903,9.995685448477385,7.439595991695303,3.884969146052274,56835.19187422051,2534791.5277441824,"7366 Maple St, City 1123, State 60293"
88971.77825751196,8.418189577179822,3.127105759249552,4.533558819663991,59112.00405364937,2131562.0768435085,"1078 Pine St, City 1124, State 65272"
79577.16335482254,8.293784117868327,8.05722917237268,4.6407002863687685,60023.769572020385,2377434.0587156345,"8344 Main St, City 1125, State 18670"
37828.80839202691,6.077808602305438,8.848748508877168,6.4436386427585735,27006.257816073663,1888633.5754590577,"1686 Pine St, City 1126, State 90702"
66760.78917636289,4.400536663243519,5.79399162765766,3.9028306647360815,56574.644206523946,1867133.2729238293,"3492 Pine St, City 1127, State 15459"
63541.96653110826,3.2101142757014074,6.13559692024015,6.542620152502562,18791.599582079012,1536715.4283398862,"3424 Main St, City 1128, State 71001"
53377.84053842936,4.277397910771709,8.958975485515717,4.206837801598948,52997.63158078741,1862232.2773395258,"3977 Maple St, City 1129, State 40232"
95107.81023197265,5.007769775433113,8.429582447282234,5.731863373961769,66644.98770772008,2294146.3350833165,"5362 Oak St, City 1130, State 76948"
74628.81615708937,8.050480775842352,5.017046423233625,6.6512715999252805,5893.3492549122175,1756115.191607216,"6431 Maple St, City 1131, State 48824"
37294.15943168831,6.317294311225219,5.2678327459307726,6.537878519816331,33623.65552662187,1480670.729982017,"4723 Oak St, City 1132, State 60416"
49816.48817548302,2.6198690124438615,7.7521476267341765,2.284764336478406,47105.1142469103,1544907.9114911258,"2260 Maple St, City 1133, State 69989"
91493.28872936363,2.144232071671298,6.942386647137129,3.028521474882849,50615.42508169095,2055693.5449334728,"6277 Pine St, City 1134, State 68876"
36851.777354127014,2.818657436272505,4.135606997675478,4.384527127661375,16445.70428749814,1021046.7341855825,"6421 Main St, City 1135, State 98668"
106608.62226438918,5.283989709579035,5.169509364604165,4.157771449765536,68191.91289050854,2116330.5238809497,"9576 Pine St, City 1136, State 59818"
74563.18743125768,9.465543336392146,9.299882938150578,5.204458324186035,44992.24891811324,2257033.567010059,"2813 Pine St, City 1137, State 33357"
73252.79195939831,7.099219849673773,7.817221057055844,6.723545254127061,15682.139079837405,2058493.6768273914,"3101 Maple St, City 1138, State 95321"
83316.70061935659,8.41460719900412,9.901820223798637,2.562023556389744,6333.963261313494,2014259.6662370223,"5016 Oak St, City 1139, State 61703"
104221.28693326343,5.730996756036388,8.369087709865386,4.2592933256712024,55912.172921335434,2385510.771285406,"2152 Maple St, City 1140, State 98557"
61302.82871119738,4.893328665560342,9.59382102500513,2.962055189435697,10180.80806395484,1897716.1229387887,"388 Main St, City 1141, State 74748"
91021.45373031573,2.867202981732982,4.513320017093328,6.470537991989738,14168.309869565375,1708857.8214388748,"3162 Main St, City 1142, State 47103"
80915.8767596212,9.00746417748964,8.400394123718481,6.822900929008264,42363.95174561989,2340609.7540546446,"1281 Pine St, City 1143, State 50124"
54032.54431524792,8.265280232223223,3.141522641034582,4.3935084094517505,44227.85772422528,1554264.7665872427,"3487 Pine St, City 1144, State 89102"
109076.69877196422,3.344944780781801,7.695320151980738,2.5200514886407035,49647.6627085059,2094523.2378962245,"1069 Main St, City 1145, State 55653"
101768.34194462353,6.098084511010084,6.28497594684169,5.926473333613366,30578.41082313535,2070358.5038246983,"7527 Maple St, City 1146, State 87011"
89260.6651192583,5.898998463369959,5.42732050344048,5.485706752461995,55303.41348284349,2043312.3173329388,"631 Oak St, City 1147, State 41898"
106552.35561848177,7.000732421492229,9.036830466051624,3.7733541330515523,68333.30897503276,2620501.086421199,"8890 Main St, City 1148, State 27889"
108056.47808638221,9.56949515193009,8.979873848602715,6.437037369844817,22621.171300192396,2678461.4251250606,"2826 Maple St, City 1149, State 70139"
93752.66790435313,6.638171534099837,3.156111934290505,6.879159448913536,50696.860074966484,1991039.3560511458,"8898 Maple St, City 1150, State 15656"
105331.19955273048,6.321738134228949,7.2665358571460175,4.789269245650977,65350.4624056852,2556429.577783814,"8963 Oak St, City 1151, State 15147"
92772.43155023553,2.4025834634773116,5.574825570246695,4.828639556721462,49608.63957010778,2047261.7203690917,"4445 Oak St, City 1152, State 52191"
91212.66945842703,2.5032598081441915,5.909627010503144,3.487567525568889,49272.11741187687,1940574.179906403,"1447 Main St, City 1153, State 73628"
85675.02403936659,3.498774330614311,8.824285174531433,4.922530179916571,19545.21699053843,2105531.902042674,"2403 Maple St, City 1154, State 93746"
97744.49756018771,2.2597661735339862,5.168878400693748,4.198211602624233,39783.463020780044,1729735.8673778942,"7919 Pine St, City 1155, State 27476"
44274.459476376636,7.946823164560099,9.601341674463342,3.5109551346402594,41563.98483429771,1806421.7716907286,"4678 Main St, City 1156, State 60034"
109278.36832790356,7.786642431951705,4.257436784604986,2.3359259826195067,50508.42155963693,2197127.972550806,"124 Maple St, City 1157, State 40429"
108465.91749707088,3.0884498754531435,7.639056963577245,3.2635392985456244,69793.39424325187,2162958.3948154687,"5798 Maple St, City 1158, State 30215"
32632.255473110323,8.688631206362247,7.704735469096353,2.989273248388322,7186.848465344536,1473708.207953703,"5461 Oak St, City 1159, State 51264"
104323.50755082864,3.238288278768896,4.765366129995428,4.710209922769744,9240.122982386645,1851004.8829743648,"6947 Main St, City 1160, State 19443"
41598.28807261007,4.40940469597887,5.273254262770414,5.00835010881797,10066.754513009719,1400235.0248447857,"9129 Main St, City 1161, State 41711"
60160.69688332277,3.99181519329092,8.843589448059582,5.042858621530082,53293.643741782194,1901017.2966685472,"2314 Pine St, City 1162, State 87011"
96915.7430662447,4.978456788584382,8.332636784684667,3.9409050052283954,13862.996682199238,2007238.9169035184,"3290 Main St, City 1163, State 14844"
44468.39064434774,4.037310127119695,5.303671162203317,4.10614866842748,45459.37184187244,1453370.5871890723,"2199 Oak St, City 1164, State 34630"
103617.0321707156,5.9116074115076165,6.737695828544537,6.1711921482032,26103.4770630748,2079065.1639751808,"3213 Oak St, City 1165, State 53915"
104892.07601619678,5.259263050837483,3.4317620737716683,4.381164067585813,34725.797153696214,1874160.921572288,"642 Pine St, City 1166, State 48937"
75672.09603847525,9.892555926234612,4.461221176790405,6.938866660685612,19018.105388131902,1910702.9727733152,"7656 Maple St, City 1167, State 56660"
30574.72845451502,2.4474108010258053,6.400743912022794,4.1980861500443245,61296.926484795236,1369806.1552164904,"62 Pine St, City 1168, State 43260"
55833.43198574215,3.137451011098813,3.601816146954481,5.247904723089195,43099.77107059671,1385138.5065961683,"6823 Pine St, City 1169, State 93059"
85523.4226538168,2.42260715126882,8.903326484243562,2.251814994966979,66396.61213284642,2004716.7277971215,"5491 Maple St, City 1170, State 27639"
118306.75602246811,7.006729559859006,8.026043470753535,5.266699622094054,42348.75623078142,2472532.986432801,"2496 Oak St, City 1171, State 61407"
86863.21743150015,2.4360742193097566,9.605435694539462,6.2571319720750305,13054.021988801533,1937143.1838466427,"9194 Oak St, City 1172, State 95801"
53382.322295774386,8.691517899008986,7.85426834174819,6.712289192666481,16106.578199500904,1716632.7181060414,"4106 Main St, City 1173, State 43914"
87060.51327896502,6.095509045455422,9.5828096058353,6.9866030581988525,69289.80846391007,2532235.5197793716,"787 Pine St, City 1174, State 90338"
78598.68417442699,6.21606099665227,6.881587889836755,3.4108932282461657,52161.7378265064,2099918.1539129415,"259 Main St, City 1175, State 89757"
100186.08556360293,6.492756061697554,7.201530277433786,4.8768503241285845,8203.118751890828,2169573.192684275,"3850 Oak St, City 1176, State 32814"
39628.25749442626,3.366509650449686,9.838797382383827,4.253589927660737,50745.76532725321,1706798.6864774656,"6175 Pine St, City 1177, State 14616"
98492.51122518252,3.5815224249159003,7.494904028049823,4.819087402875855,31791.248042624757,1986021.8940946164,"8181 Pine St, City 1178, State 75659"
78713.99208084992,4.5505385829840375,3.2155059820252263,2.787264785949233,24968.545143507385,1554799.462052002,"1774 Oak St, City 1179, State 77713"
116669.28034730951,6.747971326574811,8.066619436413664,6.280747862979707,15013.951592484727,2476805.420804199,"6890 Pine St, City 1180, State 27887"
60768.494943481746,3.680942207521716,9.33828084496191,6.547844716722938,59593.75704617677,2054940.7183840577,"5662 Maple St, City 1181, State 73387"
86935.97038205533,2.93065381706609,8.569061748560287,4.248308315564612,9149.689634291546,2049046.1574394042,"2125 Maple St, City 1182, State 77949"
113882.52949590157,9.760935091347458,7.086832908377958,3.402149307867884,23839.30505467662,2412437.1345693385,"4388 Oak St, City 1183, State 15833"
39225.875519161134,2.1758545184769833,7.6991245916546145,2.7041671382650616,24914.888098670785,1296991.9046966464,"157 Pine St, City 1184, State 31387"
114350.5638512806,8.421579242688173,9.931342524761703,5.4188241238890225,15458.843457627523,2558969.210525499,"5754 Oak St, City 1185, State 89674"
91909.7150070732,8.304281196600176,3.634634619565368,3.561159198103676,38032.017413646565,1765989.0718292324,"6254 Maple St, City 1186, State 44433"
36105.33531946547,4.377712910760768,7.670713800432677,6.5476928495669435,5760.670742708021,1484964.238382085,"5390 Oak St, City 1187, State 48575"
57086.72102521346,3.0850129280585072,4.983783861994157,5.35506237422435,24563.408501676593,1396740.9426339285,"2112 Maple St, City 1188, State 82519"
93735.48797807534,3.1650291736433873,7.4806327761031906,5.2284266258712035,65685.91386214916,2230332.4527737396,"5111 Pine St, City 1189, State 86752"
36061.554132189456,7.57945293789754,7.253365031187571,4.797010579491204,25184.422007230372,1773877.6183417896,"2398 Maple St, City 1190, State 48222"
82395.34141586459,7.142452728689389,4.074197824757134,2.228881697143628,28429.860161938857,1676952.4513072274,"1556 Oak St, City 1191, State 86637"
61129.475125766105,8.261965394011094,4.447226520181674,6.659612178427935,35755.72813521465,1524937.2769225058,"4503 Pine St, City 1192, State 88475"
85882.39659907293,9.499849379192838,7.351407046302494,5.1396874664973,41510.06936534586,2331777.0064272964,"1545 Maple St, City 1193, State 79532"
34116.783043126154,7.535418906132736,3.897609631126419,6.970309916915552,57566.06191334836,1543373.0922914878,"6849 Maple St, City 1194, State 72926"
108438.31255371387,3.2468122924115477,4.85626612591226,4.686782023864435,17370.879505141143,1789437.5008752034,"4987 Oak St, City 1195, State 95343"
117614.00722596572,3.9475409341232854,8.846718834166017,5.550554459531066,61663.51451751622,2595815.4656347656,"9221 Pine St, City 1196, State 17993"
117199.00697571224,8.737549846984916,5.289640542011471,2.2810477893311107,54240.70821435281,2450283.4122294206,"9161 Main St, City 1197, State 80760"
97468.66485686322,3.6744486066736686,6.4164210938876405,5.158680884117055,51972.27175300109,1991683.5606806893,"1231 Maple St, City 1198, State 31308"
41707.761611756876,2.5801785356358513,9.587982346020882,5.823248057951787,10642.29729145129,1510900.8726365038,"52 Pine St, City 1199, State 85108"
98243.68763361203,7.626240432338004,4.590043621858624,5.892571474262787,6406.644848348004,2087438.1291562268,"1057 Oak St, City 1200, State 18498"
32212.822481292136,5.220210843921136,5.727382121506073,5.850558261151427,43610.82555902546,1362737.9932361976,"7610 Oak St, City 1201, State 22485"
31991.119637609754,9.360320420367229,7.245204428804819,3.131413136468338,61103.707564005475,1773671.4791543009,"3601 Oak St, City 1202, State 56123"
59124.91972345871,7.202040568749292,8.287372506527806,6.87699238802613,42988.695169141334,1773153.1570763784,"6533 Maple St, City 1203, State 46346"
73977.88713641991,2.723351822333286,9.311573706988936,6.975910603124694,18860.266253959504,1776266.4582953868,"5562 Pine St, City 1204, State 97004"
99336.66760270139,9.582852538029286,9.408310913014606,2.3779793758080063,10883.79336669886,2366684.273810661,"9495 Maple St, City 1205, State 49075"
91496.58389458546,4.068458109121967,8.43648052060836,6.682232114058786,50473.769433152775,2368941.77759671,"3615 Pine St, City 1206, State 65223"
70131.24357390736,4.697699923250286,4.598315856153173,3.4472459715218466,51915.068025657616,1530852.451467685,"4807 Maple St, City 1207, State 39357"
54626.399965349934,5.218083309468336,3.1736653102979604,5.446420408754824,16214.560544662063,1312983.211142758,"9726 Oak St, City 1208, State 63155"
119741.205014194,2.409794371234506,5.686417512489367,3.6905546036806607,6832.370507274858,1880121.8694442366,"8900 Pine St, City 1209, State 83147"
68356.31720123757,5.972123377844839,3.990841956914763,6.838771616865608,31538.428359507805,1759600.7932605555,"1708 Oak St, City 1210, State 61596"
70624.8321896708,2.986547928602338,7.972713532068086,2.5075192915176774,42876.71563864644,1661221.6272987754,"8510 Maple St, City 1211, State 94875"
44726.143907250225,5.207762613506814,7.627914107780017,4.48873408478188,50890.15662186743,1750003.2688597864,"2928 Oak St, City 1212, State 58175"
101532.85938749365,4.805678303936674,3.307801491350184,4.1402389597103735,57646.42559493868,1867306.856446164,"2721 Maple St, City 1213, State 84404"
92431.40032033398,8.182720667412028,8.856156453916658,3.6301172613899246,44684.9327749376,2396574.537086307,"379 Main St, City 1214, State 87428"
49869.26515098843,8.425364093061848,4.741202864038276,5.227669954400743,12207.239558901527,1524016.4869434163,"6059 Maple St, City 1215, State 64115"
37414.29410542584,3.227303059112704,6.025589528437296,2.655278717108337,49367.80868925696,1318874.7538301502,"4852 Oak St, City 1216, State 46598"
91244.93718672419,4.93240949903381,7.675536148190197,5.5833120906684846,68971.48178816732,2333250.6949619777,"5404 Maple St, City 1217, State 11939"
88906.00928530216,4.9868252882546535,6.005931507965773,6.902960619023936,63862.997998831255,2149644.959898187,"4695 Oak St, City 1218, State 99245"
54593.35742983884,3.2112835514886804,6.089014619599604,6.022793572343151,61658.47910251832,1669314.4939160075,"7716 Pine St, City 1219, State 78322"
115577.72060253694,8.387628040409524,3.459395967350183,6.300083764547727,24641.059968292157,2128476.4448094787,"1378 Pine St, City 1220, State 40807"
43595.21026028102,7.657826626683386,5.810104844820026,3.7981837158950125,53801.23146951004,1674363.3293215157,"2084 Oak St, City 1221, State 22287"
68910.13209383417,3.523054290376278,8.353935252539884,3.6244330324060936,60321.72398773446,1966114.8213858085,"6571 Main St, City 1222, State 65259"
114925.4328150839,4.933775268750392,9.406234360306184,4.585241773450666,49091.2033010321,2432540.9021134716,"4105 Maple St, City 1223, State 20522"
67775.458523351,2.8464401988521137,5.894479959443602,2.2286330738113636,21286.514176918732,1429979.4312388008,"7658 Maple St, City 1224, State 69355"
87467.3352897677,7.0256527767443515,5.965100788153552,6.726790672282663,66999.20817187229,2134445.2213519025,"2642 Oak St, City 1225, State 17764"
65783.49581665148,2.9709753963889574,7.918389744265565,2.718925865080961,34303.261744813935,1688954.4499256278,"2113 Main St, City 1226, State 41521"
54679.36821138031,9.887473348999343,9.599404007736936,6.515065195840462,13437.361313282161,2012525.212138947,"5988 Main St, City 1227, State 38807"
118557.98831638454,8.245456597502898,4.869426581675522,2.4179111100017785,12135.56317873048,2197700.3035648633,"9202 Oak St, City 1228, State 21311"
66840.06056835387,5.1219083966719605,6.081009445765558,6.113124638392801,47088.734174437974,1897086.888978024,"9042 Oak St, City 1229, State 81796"
110468.9283311221,6.6285114582348355,8.571812704866108,2.7598126293910754,33451.127017088045,2279635.030222987,"6923 Pine St, City 1230, State 99086"
50695.914530197755,9.290734529731271,7.2678549856182695,2.1906580704573635,11141.451886632636,1674120.537645039,"479 Maple St, City 1231, State 88359"
49179.4233622575,6.432794243166609,3.774104407747683,5.5974472512970435,53123.69719014615,1612755.8598151985,"2144 Main St, City 1232, State 73741"
32802.06745960602,3.3959878911836414,7.3941291489358605,3.4013265008721416,56956.13587181028,1458640.0434389238,"414 Main St, City 1233, State 37207"
88650.01428382966,5.0296268446492745,4.307223992181289,5.572480763921748,52152.01600111934,1837672.1548879582,"3937 Pine St, City 1234, State 93314"
63167.370935138504,8.745158920237962,6.57151153854883,4.775426252364099,18146.95704946084,1719409.798460937,"2624 Maple St, City 1235, State 59790"
107792.24248556733,7.153704127916943,6.70372287362307,2.544036951150328,49835.40463974451,2382830.3490324346,"353 Oak St, City 1236, State 25317"
72588.89160224015,7.2057950746704025,9.133423535574895,6.660650366505818,5696.982188135031,2135428.28936626,"140 Pine St, City 1237, State 84396"
117137.40851232495,8.934571885507914,6.237459918087067,4.261570873817388,24832.2890790966,2348313.2845682106,"3843 Main St, City 1238, State 30402"
46697.2964132809,9.151784459700037,4.95609695565126,5.67223638899344,30923.399541490344,1722447.7913998342,"2927 Main St, City 1239, State 82778"
108176.08511600496,9.358340574235491,4.616764437512221,4.505102860078125,59291.0516775576,2054106.3260743998,"1053 Main St, City 1240, State 71980"
99893.71675125675,2.758793546025249,9.119763136790354,5.0218073748060235,30375.634249511277,2301745.753319719,"3564 Pine St, City 1241, State 44111"
99382.96601796467,6.353008015704807,4.197075980927599,3.513867961783462,5732.514002310889,1765630.2677764352,"570 Maple St, City 1242, State 71065"
106030.49053051989,7.924076169746549,5.981079926182006,3.0018015200172514,27902.516768820613,2178739.393411656,"7691 Maple St, City 1243, State 79452"
98492.1591848699,8.05541476101611,4.310211804488629,4.7128510170403395,37430.06639335367,2028993.3643699768,"9193 Pine St, City 1244, State 57197"
86359.82894682739,6.853729615760031,8.413128280800628,4.20109486485501,66685.31113373028,2478365.1825213777,"3926 Main St, City 1245, State 70736"
41812.038991414884,3.3342986814693933,6.320608479822333,3.9505660671696656,66167.2297463204,1433763.9707245438,"7559 Main St, City 1246, State 29001"
32927.35615421267,8.379364431533315,5.458005833897684,5.362835975473115,16756.812484391754,1576997.4241774431,"5936 Pine St, City 1247, State 61165"
112876.30630341181,7.760890668119566,5.527697484385268,5.45253316005568,17034.52521306435,2247399.108152421,"1928 Main St, City 1248, State 32642"
85498.52830686641,2.6890861723922903,8.965499447060857,2.229600280456315,15619.794670195783,1913932.9508096313,"4548 Pine St, City 1249, State 95639"
101688.35618785587,5.71047859739501,6.876417680061067,3.6937224712183605,56279.92560691671,2211811.7519914373,"9744 Maple St, City 1250, State 92304"
73337.01163612951,3.3918191961744286,8.025074957918847,4.058822751131887,5391.4326239464135,1562866.9986675761,"4709 Oak St, City 1251, State 85994"
40557.737006615505,4.699816365703775,9.279269613754792,2.4844608058208406,13266.517882472028,1616827.2475923228,"7024 Main St, City 1252, State 14445"
41266.72129822954,2.1446487376454835,9.312191732284495,3.1795043334914417,39967.37605686644,1591237.8338553377,"390 Pine St, City 1253, State 41096"
91700.87585060742,5.202638947286066,5.299563380365042,2.2582089861137833,21091.53434763976,1910472.0634520748,"2919 Oak St, City 1254, State 11142"
68727.53054095164,6.399015369249684,9.667158842024698,6.981210493085103,11003.169785552036,2025673.3129327202,"746 Oak St, City 1255, State 98071"
48047.2254030303,6.956660742616695,3.174131174102238,5.682786014849222,28392.070801699232,1352756.581653398,"1731 Maple St, City 1256, State 71466"
74243.50920672932,7.307922761029681,5.6378489271131595,2.437250782513768,22823.49432891591,1884902.9630718527,"4386 Pine St, City 1257, State 78766"
35778.80433676207,8.69033050481968,9.27059200256189,2.1012468989504605,38221.77992342849,1979287.6518489567,"2515 Oak St, City 1258, State 51067"
82377.42617229589,3.7237032582058402,4.9224581587188805,5.596439000761401,68650.18359896273,1915834.88298499,"2487 Maple St, City 1259, State 84504"
54209.40639915879,2.9638545795077436,4.9115701522492285,4.195960828413335,13079.801392969697,1199214.4872784512,"7993 Main St, City 1260, State 65173"
101780.31905734693,8.812297375183405,5.118355995573221,5.93398354532288,29227.235814216132,2273095.300688219,"6047 Oak St, City 1261, State 19226"
57932.576303121634,3.252902519141199,7.286193693928455,6.617380189091919,65579.02616171085,1825880.864366797,"837 Maple St, City 1262, State 10641"
70969.81341736211,9.798080650689563,6.068329429300476,4.996501945081862,61996.747827098465,2204873.601080165,"3175 Main St, City 1263, State 65405"
31045.848591729056,8.740305835189096,8.087143854473398,2.9355421145862652,30627.61726097824,1609722.038339221,"3876 Maple St, City 1264, State 84430"
36520.219901510296,6.007012847116793,9.26437449795266,5.910970180232263,50431.96219378287,1992593.119404219,"2849 Oak St, City 1265, State 13612"
65324.42007660164,9.851371399376202,7.719395624600025,6.779058715871872,10710.70588278746,1950340.761087852,"7063 Maple St, City 1266, State 68192"
73194.4951245411,2.7790138328640337,4.431267041383029,4.90115643529978,51315.168610334986,1677060.5085621197,"2555 Main St, City 1267, State 76998"
84001.84933073734,4.424526089400813,9.528773316523516,5.409987236403667,68235.75241650818,2278154.8452507337,"5963 Pine St, City 1268, State 38405"
56249.63208383729,7.105795320324892,4.8514501134323496,3.687373475183365,39936.72993422245,1588056.2937137417,"511 Main St, City 1269, State 12919"
92548.36975138883,4.80005494778543,4.049260067297107,3.907638473301556,37401.86475723692,1752460.1627961025,"5192 Main St, City 1270, State 84460"
107411.01574702842,9.426980415846334,3.6297709520267265,5.67327248926532,17175.71028062417,2165778.387115161,"1238 Main St, City 1271, State 20657"
100186.58900040148,2.5250087054225405,6.943686184663159,6.638855492034096,46196.23292897397,2205594.3609474744,"2011 Oak St, City 1272, State 48397"
33565.694281352145,6.3952946564877164,3.7963372373645625,5.144941936121761,43378.423250629465,1386142.9118571097,"4758 Maple St, City 1273, State 39873"
73245.6252532046,6.726930139160916,3.971431188788415,5.949239542426737,47375.64886592379,1791074.3385210591,"2736 Pine St, City 1274, State 33670"
39443.71605763574,7.221824990217793,5.100213364168477,2.858175087076865,6695.413634506918,1296785.8031057252,"6201 Main St, City 1275, State 76113"
51784.05142762748,4.0453297866545155,4.971571067791247,3.059795451289868,40667.026742689784,1502733.8431303876,"8080 Oak St, City 1276, State 40836"
118799.63339404318,4.916531420158916,7.229676572324996,4.66017343416695,43670.76482732924,2463287.2166167926,"819 Main St, City 1277, State 63326"
42824.59886113619,8.749444237319821,8.717216956308771,2.8827709612142027,18489.458801832145,1472998.4166922881,"1890 Maple St, City 1278, State 62085"
74899.93381062205,3.5595421517612786,8.329447593420248,5.174975351104618,18541.63573675484,1814067.4752075477,"9812 Pine St, City 1279, State 74286"
85634.01608863071,8.614942777386897,4.837391183015337,3.4582659269734948,22954.180953211737,1870171.597828194,"6832 Oak St, City 1280, State 50411"
93221.84734896936,6.501243383221939,4.71717348590186,5.95766309333446,51261.90346227044,2136619.1880469415,"70 Maple St, City 1281, State 78438"
80368.38151382227,8.097500089552657,9.760540710748774,6.040551733071717,44407.29412960416,2385978.0173448552,"4341 Main St, City 1282, State 81431"
30879.37626772653,7.708858930107772,3.057653691143721,4.318937278776765,59974.5719976573,1440208.32092067,"7551 Oak St, City 1283, State 54732"
59381.517741959266,3.660091963079032,9.158043731421511,2.904053175188176,24217.80716980138,1609807.828088862,"8263 Main St, City 1284, State 66867"
76594.04790462402,6.550501891470983,4.398099633856835,5.233874805409663,64284.42389274069,1949757.3595004077,"9455 Pine St, City 1285, State 12155"
37907.984923035,8.941785222440739,9.630990261628375,6.963935091317932,53340.9005289183,2162291.4520118358,"7957 Oak St, City 1286, State 56509"
61556.423808826265,5.456929894415435,5.396150993792638,5.1129544897126165,30675.758550890303,1479431.9528264606,"9564 Maple St, City 1287, State 93835"
32988.27979122299,9.732726161786534,6.082462417252766,2.178873453570039,11192.034265654635,1675806.8211380425,"7919 Oak St, City 1288, State 24213"
37072.064743951865,5.6177208008137445,7.9498442976106665,2.086469878835413,21703.938061686364,1577796.6112492054,"4352 Main St, City 1289, State 23241"
65723.09485814365,3.1422850933430775,7.113683360312822,3.601809852461531,67189.93411896526,1827579.168488853,"7068 Main St, City 1290, State 32179"
41944.41786387543,5.115477440621386,5.22557530794776,2.978919034302024,25173.61943246516,1225658.9327731542,"9740 Oak St, City 1291, State 71242"
81078.67634354022,9.613619251124298,6.876816411074765,6.065256035716541,26443.562409689188,2138280.0169701693,"4456 Pine St, City 1292, State 70899"
92051.84722235391,4.557766794718834,8.114948190540204,6.2240283351800025,17323.280521351604,2079320.1558259893,"1214 Pine St, City 1293, State 56209"
102052.80291981746,8.944785278936504,3.2963446213174445,3.293093856552381,57445.28907401975,2161560.37959827,"9053 Oak St, City 1294, State 45691"
48013.52198203291,9.050005453455118,3.0783951367899287,3.6282238847494632,22916.87496574803,1552404.2797535064,"1433 Main St, City 1295, State 66533"
45073.43240331628,4.8014921946556886,6.206468573510239,3.1812348385755733,26466.786143975616,1367487.5485796272,"1199 Pine St, City 1296, State 47064"
39411.10563009602,2.666061264405057,3.9228563246245995,6.54191273685632,31932.62704805573,1253434.1265944052,"8187 Oak St, City 1297, State 58230"
87278.72245892731,7.796463273270546,7.650410040253001,4.513246673111411,33192.33818534963,2046759.3663331193,"8114 Maple St, City 1298, State 14934"
93582.81538382111,4.492098392111888,4.498367193592039,5.280685220410099,31737.15137697641,1796048.690995827,"8544 Maple St, City 1299, State 35877"
32842.75303430778,8.26338891406058,6.029957747569696,4.077410433498017,37743.340199357364,1572704.2946403457,"3088 Oak St, City 1300, State 92375"
114259.10216193208,5.541238786083465,4.383696558119883,5.155070967522656,57943.33717506621,2283843.749574976,"5854 Maple St, City 1301, State 68501"
34677.41552863252,5.882133938740973,6.839385100243872,3.92927688360868,58253.52764823143,1521854.357325839,"258 Oak St, City 1302, State 39671"
78716.67017709634,8.223275253988295,3.812374215691982,3.6983921886461273,56890.353694617545,1854644.766257017,"4731 Oak St, City 1303, State 60548"
93815.44675058249,5.058906648493023,3.161747969512362,5.172400365867401,11573.114542571688,1803132.8847387002,"5419 Pine St, City 1304, State 98979"
108387.2211371477,5.545018762583316,3.3579214667468804,4.9553103902449465,56979.122212862916,2179502.651574861,"6456 Maple St, City 1305, State 16202"
94267.8238919185,5.009523750156977,9.679809090607169,3.467639770839748,12816.36527662749,2156495.894889174,"6179 Pine St, City 1306, State 23298"
102155.52747628126,4.93872412221824,3.9960035302765506,2.746742251597367,13107.04505339677,1512444.7407886824,"1612 Oak St, City 1307, State 75311"
60550.51732885254,6.207572615211675,7.959347771957846,3.842883469190688,66611.08015627245,2252086.7854318204,"3885 Main St, City 1308, State 40842"
103334.2602371861,8.470395556009205,3.475483429559784,4.075988195709546,58260.85990586019,2146491.843771966,"4983 Maple St, City 1309, State 34057"
37210.33617462077,4.894146495380527,3.757122465646275,5.143421667123024,40906.680346420566,1244959.829710597,"6081 Oak St, City 1310, State 41942"
110533.49904544749,6.194037764301894,6.562133759865343,6.572643818184319,61873.06329106104,2394316.2178742206,"633 Main St, City 1311, State 70928"
79283.31385383627,7.365818603540807,6.254096511080405,2.1809239876646256,69308.70176587108,2111059.7217810405,"330 Main St, City 1312, State 70363"
103556.79929662443,4.15551557042924,9.661062166079088,3.2183050627092245,44691.73433106554,2374894.8272277303,"5447 Oak St, City 1313, State 87781"
70708.64560664701,4.2201824392191405,9.613848171145161,2.9685797113978016,44838.398403798674,2095515.6023926188,"985 Main St, City 1314, State 56094"
87921.99256768724,9.467305016187638,8.457260497797256,4.511472043468919,54037.756895395316,2342092.745656178,"442 Oak St, City 1315, State 14020"
77376.2394842502,7.788276586648709,7.214712810891449,4.148504035215799,20089.031903746632,1934004.0418073346,"5678 Oak St, City 1316, State 63865"
95843.05695797988,6.617493409786471,6.184722221751077,5.645188119100942,15863.115998721958,2235808.8136982666,"9219 Oak St, City 1317, State 45894"
37346.698382753064,7.181760435364896,5.493249740298948,3.2120795627243193,54372.748750979714,1562700.1787813185,"2934 Pine St, City 1318, State 29752"
35431.68755915074,2.234395544827347,9.629612828828888,4.972491828748793,27418.81167461665,1505422.055042058,"6517 Maple St, City 1319, State 39140"
52239.29106091318,6.944823724493575,7.2203616799727985,6.419286317999797,13779.573159885711,1614577.710012687,"5256 Main St, City 1320, State 18066"
44359.021210186955,6.076070985793615,7.053507693801961,6.553388699591523,25467.052184653734,1686204.7293887967,"8262 Main St, City 1321, State 14585"
108460.52099329815,6.365997438235485,4.623307852382404,6.7939230236251555,28311.3964118474,2221246.204507584,"4599 Main St, City 1322, State 48585"
49729.258862223985,4.875390614646537,3.3268847251957916,5.866305760399943,67739.7978678699,1609359.8241025584,"117 Main St, City 1323, State 93733"
117827.87302372181,2.651791181703535,9.616320058316811,6.529939531294575,50367.38122071501,2502028.8996692607,"904 Main St, City 1324, State 18685"
60320.62125939962,3.5467138688964175,5.196146811912577,3.172654359926371,39505.660630982704,1525066.8132808811,"6206 Maple St, City 1325, State 24138"
46390.61241198293,9.605957705701375,6.098123163271211,2.9879047217523853,67976.75401436932,2028740.7178558742,"2684 Pine St, City 1326, State 49396"
101072.86564282312,5.269596498167472,3.802479605099948,2.0324404189026324,63704.083130821746,2064988.7071829354,"5142 Maple St, City 1327, State 48211"
89283.69979507885,5.733465246646913,8.858470309365044,5.5342217871454915,38280.055679920384,2167198.5428269724,"1541 Main St, City 1328, State 83624"
74837.6144807825,2.421678318827512,3.1934228299915146,6.687335939068722,63869.17629950374,1390299.340355955,"7960 Main St, City 1329, State 59777"
79982.71958438681,2.3005298363518447,8.837935334693675,2.934676725208382,31279.80277407268,1896005.0807719927,"5973 Pine St, City 1330, State 81698"
94728.16004450375,7.7374515763740614,3.9819950895157676,5.1847178771343945,19977.3432481806,1987998.85165478,"6798 Maple St, City 1331, State 76373"
50560.92671981688,6.30475731296889,9.205948788418064,5.732298796108887,20124.081493435533,1720989.9580831763,"2016 Pine St, City 1332, State 70796"
119670.05244510678,6.069647873730133,8.1084084613531,6.638071175740283,48050.50908873824,2587371.3235494443,"7235 Main St, City 1333, State 38454"
117731.38459321049,3.9449962433813495,4.152691837551136,5.2343011200861085,37569.57084597301,2025285.9863504039,"64 Oak St, City 1334, State 38547"
88529.31177122431,7.958005853039378,6.960725950016277,6.851468663743762,47831.80505535404,2295183.2037778175,"4653 Oak St, City 1335, State 33567"
47958.82058362306,3.345892632867935,5.188594200486536,3.7233657050627387,49594.937677041045,1367176.4043436663,"2326 Maple St, City 1336, State 79908"
91220.54181881621,3.5194779492881603,4.247631692381084,3.7496426688570383,6450.986738351645,1701785.1645633257,"6365 Main St, City 1337, State 31149"
36497.85680812583,5.685697370786204,9.014275395877759,4.715062550071728,8512.573502613652,1569217.1003692853,"7192 Pine St, City 1338, State 94701"
32758.725198522545,4.290238896895527,5.824659365550605,3.9175094055795356,39624.05222843125,1235815.8007671176,"2146 Pine St, City 1339, State 24908"
53191.459966009235,3.979703849865171,5.789806000557677,2.0071286414376632,17417.306054405,1433130.877072492,"1267 Oak St, City 1340, State 82112"
71636.06610653846,7.161901156426653,4.18920672364634,5.658860125434937,46114.69497228858,1683512.7758037448,"4105 Pine St, City 1341, State 77855"
108144.52548675425,7.207773961748356,5.681459732600451,5.758585207392417,40892.073046092126,2402018.090768743,"32 Pine St, City 1342, State 65020"
95445.21627896772,8.596136558399433,9.101317924301952,5.7348730234338525,43074.42329410793,2598888.6742496165,"7721 Main St, City 1343, State 54819"
96843.5869079983,5.341668535783807,5.541900973427452,3.725103333052333,24659.599689015693,2052900.0017120964,"6196 Pine St, City 1344, State 81599"
68294.40010032678,2.584680728209202,9.661224937498517,4.6114473665558595,46589.827908063286,1940543.95570644,"7412 Main St, City 1345, State 79098"
61134.14932922667,4.189331079371661,9.624162294458712,3.7998675908833475,58917.0213715265,1949710.767423342,"3199 Main St, City 1346, State 80040"
63393.48866861424,9.840043705574535,4.014290615151422,2.0801820001532287,69874.63148349541,1867261.1146923664,"7986 Main St, City 1347, State 22631"
118888.46073624521,6.770068601861617,4.241178774658514,4.8122447063570934,59498.885101193926,2300100.427489343,"6735 Maple St, City 1348, State 70513"
33609.827227123424,7.677896678408162,9.038718492323223,2.618803330420055,41237.41937919658,1662568.1538297336,"6990 Pine St, City 1349, State 79659"
108032.83465102037,2.0588626370033163,5.749326432473034,2.400206620457203,17572.923459197176,1747726.07745535,"4784 Main St, City 1350, State 10071"
82080.78677151541,6.145645857460167,3.0306178759810654,5.7774953434839365,49293.98194778836,1753697.0759834612,"9329 Main St, City 1351, State 88055"
69475.38772706315,2.300229260254425,4.917102737937597,2.047531012090528,65947.49606126858,1477296.601343433,"8235 Main St, City 1352, State 91965"
95273.18943736228,6.553841696731584,7.18340295236892,6.795042218043631,18771.32508259966,2220600.4363139565,"8175 Oak St, City 1353, State 50160"
73800.20472822327,9.366166797088603,8.594861761719777,4.576276820562884,21639.715334227512,2134156.4956051684,"6072 Pine St, City 1354, State 21544"
108608.09142734946,9.747353044003262,3.9337203196528168,6.915082153530742,14685.555321757325,2138188.5863372274,"6382 Main St, City 1355, State 16834"
111063.16776101326,6.324421403111393,3.7737895509171473,2.2899878623635423,52886.90683571611,1950854.665794393,"3024 Maple St, City 1356, State 70514"
67954.88341861099,5.665638442017728,9.45464857500632,4.917647744329566,31426.497722537853,1907827.265463332,"6344 Main St, City 1357, State 90308"
54914.50175115465,9.560136753987951,8.258038574758078,3.746635179879556,9075.216527614964,2039161.484298293,"4590 Pine St, City 1358, State 17530"
83311.5295734026,7.388878655973561,7.12845720544655,6.217412464071429,61871.74944686821,2205991.1798387547,"2318 Oak St, City 1359, State 39409"
112112.70110550219,2.5191942363072757,8.384307529971498,3.8061136761714316,41248.67380566683,2299310.944002515,"5348 Pine St, City 1360, State 55598"
48959.59701050999,5.7258046213399805,6.001980529146469,3.3024378952867455,26521.128980023124,1503986.8722525523,"9979 Oak St, City 1361, State 61524"
86066.99252071345,3.9219601477144312,8.309190231163885,6.287765635499566,27358.8934439713,1769411.7412600005,"6803 Oak St, City 1362, State 48996"
86840.41980832684,5.7584345715894525,5.60262093892175,3.873265458266305,23866.32931240894,2019310.2944003742,"5122 Main St, City 1363, State 42558"
95980.17201737528,5.643724576050894,4.708662007448217,2.084166599302807,34606.211205521715,1922645.3614564594,"8051 Main St, City 1364, State 86769"
41841.09166145338,6.657158422517936,8.10309394905078,3.951445504196669,26907.709751729424,1575831.2521185596,"5145 Maple St, City 1365, State 35547"
94424.24682138796,4.85416392279401,5.937706045100878,5.27261134505471,40616.50976458961,2020391.3866932802,"7825 Pine St, City 1366, State 58560"
111812.92685990769,3.3141635956474245,9.869639730283364,3.271797694031909,55278.621397634124,2333037.3278728784,"2505 Maple St, City 1367, State 52773"
46171.47979832178,6.02975547671965,5.446396276156706,4.159937962125786,48839.98342388428,1750534.3777410453,"1503 Oak St, City 1368, State 17042"
51378.89924314899,8.641623074766096,9.452091943717463,2.2835756914111274,24139.698029017614,1800477.4917304672,"8535 Main St, City 1369, State 34242"
117425.55846374757,7.312097824540818,9.530737839969557,4.940463957569786,39368.16575008565,2595065.8508701366,"7520 Main St, City 1370, State 66235"
46287.92574385408,4.706942927401727,4.692970629453223,5.781474619301969,59608.200394296306,1472193.1869006667,"9401 Maple St, City 1371, State 32146"
106894.65840326212,9.484184182070859,8.587548271116093,4.0665628070055515,9433.405258277155,2407361.505347921,"4391 Pine St, City 1372, State 75161"
74305.00708032312,9.297660569993457,6.031521536011956,4.1011631640073,10089.32235414881,2000967.978888755,"7336 Oak St, City 1373, State 67900"
52250.796696285935,3.67478719507279,9.422673090612436,2.441412492924582,41151.054423233974,1917996.2657789167,"6119 Maple St, City 1374, State 23960"
108367.49111452603,2.315340680962904,6.150869908446672,3.0097043225599127,46542.48334533721,1974615.469850393,"1153 Main St, City 1375, State 30005"
70077.4729502399,7.930469666806098,8.210126021361564,2.7733765156395633,18741.846025433766,1968844.718379777,"5891 Pine St, City 1376, State 68316"
76333.56185367212,8.620882090793227,6.268771864146585,4.40843884330769,53439.30823494867,2103521.719942491,"3908 Main St, City 1377, State 88761"
62331.00324597891,9.742916527610841,4.594605289989993,4.64627770475375,47007.11950764729,1754287.2842759737,"7748 Pine St, City 1378, State 52251"
83365.57662914347,9.118691152706486,4.395450902612804,6.7447006564213,65013.802435358615,2410891.9854648095,"2861 Pine St, City 1379, State 78998"
44717.14853265205,6.804278145651319,5.978018359794419,2.3661575213861696,15982.023120804886,1552797.658867875,"1441 Pine St, City 1380, State 64465"
65197.33829865846,6.2404187136990465,8.288462599099503,4.9993398657752355,53839.327248270696,2065159.7437852114,"8993 Oak St, City 1381, State 16227"
117247.10901017587,2.2227284101006903,7.235500396265367,4.6324926366412065,10436.800887912355,2211793.9351967196,"2661 Maple St, City 1382, State 41790"
53232.00894310148,3.9732515747582227,7.820405029303803,4.581165489679146,41744.006618663334,1823980.739568702,"234 Main St, City 1383, State 51921"
89106.2998087163,5.676918013863411,4.976284455123597,6.365796436914132,40873.184067444476,1976537.602743043,"3371 Pine St, City 1384, State 81875"
59267.10578022254,7.028031200668543,6.370047421703239,3.0276923534774323,30245.02790203814,1728328.6822192245,"5110 Oak St, City 1385, State 48859"
99612.58131179406,6.458014666547285,3.310766854785289,2.2038663717068574,59897.12459845687,2100702.123209283,"4482 Main St, City 1386, State 47227"
41778.62946465149,7.941087917453524,8.722726911706845,5.361357538170963,5284.091911090795,1605304.6710433539,"8034 Oak St, City 1387, State 27791"
117283.89405706902,4.238135447096327,9.929245135679123,3.725787320679901,38811.66112340385,2652286.3187493864,"208 Maple St, City 1388, State 99070"
70841.05872452754,6.519620861219786,5.848153438372696,2.087949581062623,19114.98073928718,1637946.0404358834,"9945 Oak St, City 1389, State 84223"
51244.541701181755,2.705137947126337,3.0767455719208034,3.256870036452069,53327.41024256814,1410652.786712958,"902 Maple St, City 1390, State 54558"
36614.70725970114,5.309324188665656,4.1885484768566315,3.5466338710840595,7799.382709896316,1111570.430114546,"7084 Oak St, City 1391, State 67803"
45278.211457878664,8.001286663636808,7.567688144252932,5.084191883921211,59051.05473180255,1939803.151724808,"4490 Main St, City 1392, State 74430"
76779.65537004158,7.547206827432352,7.284555227427014,2.8629289702463607,59475.99473595185,2107758.320396099,"6583 Maple St, City 1393, State 18030"
60330.28587881577,9.925141897377433,8.515053037098808,4.06527173976699,59136.29080622769,2145219.440567959,"4735 Oak St, City 1394, State 96585"
104599.50292943485,4.223129007902048,4.777188076727477,4.412377222089162,14916.95423762354,1819277.1238640104,"2195 Maple St, City 1395, State 92879"
68779.87712956253,5.985514393391833,8.345423408829937,4.2961869568204545,45976.42370646792,2151387.2312254217,"8586 Main St, City 1396, State 56261"
52384.28453288669,4.636243310191974,7.815888150665688,6.869703833333909,5933.8783469203245,1385270.1713590927,"4539 Maple St, City 1397, State 14842"
85543.0487943627,5.524824912473398,5.259701483996903,2.2275211889514805,60117.56843379799,1795964.7356440993,"2178 Maple St, City 1398, State 60951"
93609.94951969013,8.855601038955104,6.818417036398734,6.754840932261997,51993.387578060334,2314417.9049789063,"7571 Main St, City 1399, State 92639"
45033.77171108549,7.473672601507893,4.0309166594882875,4.909686069970166,39524.992508451425,1383575.7453430723,"1988 Oak St, City 1400, State 68218"
45085.72946594859,9.059529530780654,6.167951524049078,5.9786385748491915,52488.44315128011,1990069.2271658701,"2879 Oak St, City 1401, State 55337"
33300.428424018864,3.6280888666550917,9.168381376889487,4.151963090080377,11131.066282365195,1553861.15962366,"2421 Main St, City 1402, State 92928"
96276.18135590764,8.986888942731504,5.948339658777735,4.269189406284902,39362.62909149566,2272065.4419833575,"9332 Main St, City 1403, State 98153"
89742.40748596247,2.4780981934270754,8.876966945327954,6.396632495079118,23932.971968068952,1979269.7681021795,"8888 Pine St, City 1404, State 54807"
72716.77881748325,9.108794243497218,7.131773556817861,6.47967248145951,68220.26510949325,2422146.0715657873,"6773 Oak St, City 1405, State 49358"
105975.34040722775,4.632590235685823,4.343136991716497,3.193444407156488,60712.66679055361,1879387.5487617967,"121 Main St, City 1406, State 16281"
102510.31376550479,4.516701067312532,7.0677437128852745,2.996209392923091,52662.920229208496,2383756.8350000256,"5863 Oak St, City 1407, State 46499"
82681.8927957077,6.096708613589311,6.541883304099445,4.481175869349755,65693.59629123258,2049445.3007833983,"3592 Main St, City 1408, State 57872"
108144.41524619328,9.525521501785853,5.790489346374688,6.501385135638458,27544.814796755792,2327521.4811299895,"2415 Main St, City 1409, State 16635"
48525.70890330915,2.382250917451243,3.837413076612492,3.6117754670308813,63557.193434231776,1294567.527167267,"2806 Oak St, City 1410, State 21498"
40072.76574579551,4.817847800565962,5.916960646930608,5.260073076695656,26140.485086936173,1296170.7755663847,"6666 Oak St, City 1411, State 60617"
54277.465036529065,8.852575909466687,3.50933663367739,5.540758438703006,52631.78677992494,1888043.3759872231,"404 Oak St, City 1412, State 16570"
35137.817048038334,5.168435819483734,3.6913833597912586,5.8933733244707796,52867.09926546919,1425136.7893777888,"8605 Oak St, City 1413, State 63401"
77805.25752009288,3.593255180776536,5.911415730529012,4.819622289604816,6192.741969516075,1727728.0254257803,"6347 Main St, City 1414, State 91210"
114294.51230654653,5.398353450651294,5.137670373779246,4.012275891394848,28468.880388082685,1964222.1769765515,"9217 Oak St, City 1415, State 57606"
33540.918660165866,5.0844200119333545,9.478810281035564,6.835079943994865,6263.123706552363,1602396.809234179,"806 Oak St, City 1416, State 61968"
40989.892260902416,9.323329611733627,5.629940637661894,5.0566537665142635,69810.98114466615,1879318.041860556,"9464 Pine St, City 1417, State 17420"
70697.91254550917,8.095475005944778,8.3050068545047,5.642826058166354,12942.78951890047,2037227.8058071835,"8621 Pine St, City 1418, State 23806"
114048.75157751144,6.040924445952051,6.7117326845636995,3.724914228479392,40282.70821712711,2176595.9756710306,"4258 Maple St, City 1419, State 28696"
58454.04944790754,9.90696453377257,7.928599680496348,5.3497459050154,56386.155519571425,2264149.8524687947,"1996 Oak St, City 1420, State 80531"
75651.13278195533,5.7222202502073864,4.820811881107794,3.2889883108206295,18082.134146958007,1629522.6191564703,"1743 Maple St, City 1421, State 43923"
33741.55731453529,2.465902646562202,9.593334809868303,3.225484587643181,36528.42342620572,1412087.7414589508,"3205 Oak St, City 1422, State 98683"
43350.888086588,4.098194574519879,6.710619478400968,5.573611009047132,44482.869459874804,1379365.7914794732,"6948 Maple St, City 1423, State 73168"
118796.71106629622,5.488563841754501,8.819268498996747,4.606973681314676,15413.30903571045,2443879.1896374077,"4818 Pine St, City 1424, State 93960"
116860.6826792441,3.255220993168961,5.555319854332795,5.416383052111948,55606.104894250006,2461361.054245271,"2079 Oak St, City 1425, State 58809"
30444.598284096865,9.580521010592344,3.701479443353672,3.3471924537404583,24456.869717308746,1200765.0837030092,"5113 Oak St, City 1426, State 75410"
115663.0606880915,8.134791182542184,7.715981534045942,4.993616705283652,18716.499962024624,2441084.3947416283,"4257 Oak St, City 1427, State 19838"
87520.79440339503,4.146297603422181,3.054317538361971,4.219668248515562,41288.768518432094,1770951.845230802,"7892 Pine St, City 1428, State 69999"
108112.64650680199,6.726436268143327,6.327050835958558,4.98480143422764,31670.38579679096,2104543.090752525,"2386 Oak St, City 1429, State 86565"
70926.58700704732,7.771593256876576,4.349613318665215,3.454398661221097,64818.58640136715,1825543.8133424853,"5430 Maple St, City 1430, State 88160"
76403.64257213252,9.530231431254384,7.391628531047536,5.577254818245619,62204.07538288001,2224200.423303476,"3306 Main St, City 1431, State 32659"
73996.19222312281,9.053082793403284,9.855939111964965,6.029646830797327,36417.793120277405,2442537.2308663507,"6393 Main St, City 1432, State 98562"
90017.78317914938,6.1215378091057095,6.250820344244522,3.2995823692886184,28352.14535716384,2079620.804586225,"4915 Pine St, City 1433, State 36880"
42568.61292806816,8.19722095834414,8.722487795679665,3.5031027992782104,26158.668806032238,1785136.2553339428,"9464 Pine St, City 1434, State 24802"
32697.623088541015,6.49715803062068,6.554489308657847,5.305771348595465,22391.63550029798,1363151.1881690156,"4945 Main St, City 1435, State 73475"
57713.69474320718,6.421631120364321,6.470880217728169,5.477925871517721,40395.610491311025,1737925.6556778434,"1975 Pine St, City 1436, State 13464"
93421.26864629821,2.917935666705535,9.512964452251445,5.52049842198725,57323.609307745326,2230329.773752043,"2227 Pine St, City 1437, State 15044"
48166.81069106535,3.0091012641292165,9.22976108122677,5.413492523879184,25199.179533231254,1561177.843835487,"5626 Maple St, City 1438, State 48700"
90608.91899924257,6.2362689201796595,8.50060325631582,3.9640385847626938,17356.1158297253,2093448.813116335,"3906 Pine St, City 1439, State 55347"
117292.08414965434,4.150892359832053,5.073790273217488,3.9742683720183916,35906.44740191364,2142611.6179618514,"818 Maple St, City 1440, State 99694"
38451.06442104765,2.168295219683749,6.815058910067584,3.2740881182219073,9487.237091848325,1232814.6914488215,"8373 Main St, City 1441, State 42146"
90534.19064026137,7.782713631201698,4.567280633139795,2.7841684994818148,50583.135398430946,1995477.5341335405,"7834 Oak St, City 1442, State 42611"
69937.5197374114,2.2598927735213197,6.107416886325778,5.462886896984529,38693.28730962568,1664021.614096443,"5956 Pine St, City 1443, State 34234"
108132.80289397549,6.762214728832436,6.389491460318535,2.465943929861564,37264.36251823552,2182743.133184906,"6015 Maple St, City 1444, State 65417"
45943.48105026473,6.313550353018515,8.821480281185316,6.688961433933908,24528.949670751463,1674423.1881035457,"442 Main St, City 1445, State 69006"
92336.3357003548,9.750517524622435,9.272198557274951,6.1334315183572565,63803.77343956289,2671700.420263485,"7659 Maple St, City 1446, State 37450"
105430.37606832992,5.873705114781133,5.902340436775345,6.2875286997862805,10881.608970220925,2004847.5986636118,"3213 Main St, City 1447, State 77432"
115015.27975266209,2.508811491022379,3.1239311155126606,6.533344073075951,61538.56057765704,1894466.6644833726,"1090 Maple St, City 1448, State 10308"
91492.32254606811,6.413503742451693,9.032416878525481,4.043024853616201,29485.83815703497,2263982.2559705237,"8785 Pine St, City 1449, State 80029"
74745.72876075846,8.728769364928812,4.219950749509525,6.233503616752005,62240.52853837645,1958526.5633673752,"3262 Main St, City 1450, State 25195"
85606.25161810924,9.974794274251519,7.353173747232755,2.7903065014582467,52369.494791604935,2311388.190799944,"4291 Oak St, City 1451, State 44125"
108201.44860308465,5.44274538951258,3.174796303038918,2.1082089730411786,11771.09723303249,1815000.9966129295,"83 Maple St, City 1452, State 84821"
81354.87719749467,4.56238993997394,5.796545326823949,5.92445697331925,59049.85862310798,1883351.025320154,"5412 Pine St, City 1453, State 93328"
32734.83537271532,9.253226375615991,9.901722114807448,2.3739832399846965,49341.494190467834,1909286.538051726,"9674 Main St, City 1454, State 70555"
113785.382595628,3.529937032608971,3.704855207726622,6.942623336629608,7099.62433949765,1673473.6278281987,"9291 Pine St, City 1455, State 46496"
92057.4075928405,6.923431320263413,5.965852063997496,5.37398214800778,13690.674337128547,2126939.952248179,"5295 Main St, City 1456, State 75858"
90886.20471995219,5.245715393447582,5.150049651329665,5.767248551210527,46315.823629320184,1851841.7139723129,"2058 Main St, City 1457, State 58978"
49410.76371579454,2.3286589196444423,9.33561686371785,3.2290192813893297,48069.03268721852,1643123.7078756304,"3701 Pine St, City 1458, State 78920"
89299.69232093915,4.778307794445582,9.085380755351487,5.369326969598441,53532.343134443676,2421322.288496357,"9454 Oak St, City 1459, State 74542"
65447.796508874264,4.121828180021397,4.663891322143602,2.216099686274786,51815.95105037382,1535791.1330933147,"9726 Oak St, City 1460, State 63377"
88610.9679337343,7.488729231547895,3.5683145093530184,6.189128599618004,47868.797053547074,1851289.3762892245,"3457 Main St, City 1461, State 45864"
39593.372727719165,9.590323981535345,7.389968758427822,2.848120465157862,54805.52861351746,1897426.0072791614,"7429 Pine St, City 1462, State 83101"
89206.07741427324,4.144377499029102,5.3545809831859685,5.486790334168853,42380.570883004235,1973205.9384042702,"4660 Oak St, City 1463, State 15730"
119947.23531935998,8.491727513213455,7.704590734242442,3.122402506163642,21951.440059089568,2380536.629137501,"7164 Oak St, City 1464, State 36359"
34339.08349745004,2.442878535507276,3.2248382924747014,2.342265847130214,64304.47989249668,1062819.5479461902,"6263 Oak St, City 1465, State 86003"
117945.67657991855,6.304968080318505,3.933794646242426,4.4074683927469716,6183.912010578566,1929011.4562879982,"615 Main St, City 1466, State 80945"
66621.71646505836,2.5644005096791567,7.8046056294085036,2.8464310513639473,28826.511791646866,1627628.7349177713,"159 Main St, City 1467, State 39234"
108367.81053035332,9.472263929045114,4.486594587117485,5.647219941632748,52376.569051315615,2158221.2045385675,"548 Main St, City 1468, State 78436"
100414.69356524461,8.130810244459122,9.00311373033681,3.1878292169174243,32765.14267472883,2372254.750071704,"7675 Oak St, City 1469, State 18946"
81031.4634888001,7.263599289636739,3.410136213970948,3.712362781179144,6614.23648620093,1769138.9821722077,"735 Pine St, City 1470, State 21020"
96460.4288326194,8.591171052997314,4.508373879499022,4.837196256322365,9288.758702553856,1856795.435814751,"4318 Pine St, City 1471, State 10523"
109066.4005171213,7.180158364561305,9.98992173939548,3.424841387886558,47161.42899398876,2529068.689810481,"9703 Maple St, City 1472, State 65076"
66372.62894859296,9.75155517739433,6.031532718107549,3.8899405810498084,67716.19896134449,1970744.1117228272,"8810 Pine St, City 1473, State 91834"
59432.98454069148,7.711663582918172,7.920759644812504,6.078108855201934,40871.13632924243,2061488.9360796292,"861 Main St, City 1474, State 58951"
90083.40470072263,9.397268876657975,4.278641341999096,2.8960492478051285,37939.25817154499,2109886.302306169,"7493 Main St, City 1475, State 89114"
102706.13477471327,6.137055136085104,7.269081144898764,2.4110079474096686,25691.13884865737,2234258.312726628,"7902 Main St, City 1476, State 89637"
98605.66212989541,2.9365153038549012,8.08274247858593,3.6417889256650966,21684.893801294103,1872378.862665631,"6347 Main St, City 1477, State 61973"
101803.2283972771,6.225421771384137,5.201336451065574,4.121883835069391,6364.023814158507,1950866.095799794,"3866 Pine St, City 1478, State 21506"
69202.49833316397,3.0149826245047464,8.802279783831144,4.7132964106828386,22742.066396630627,1945440.7249884303,"6926 Maple St, City 1479, State 26169"
103605.07945575194,6.73994783341124,7.2239230493059825,3.862118480875035,34192.178656241405,2288752.78865103,"2101 Maple St, City 1480, State 68723"
40818.81498335476,5.8599444842213035,5.7238610673052115,5.9495585011140255,17866.73589818176,1474755.662287737,"437 Oak St, City 1481, State 87707"
79004.01881647645,6.980603182662254,6.90349675340211,2.1965974383423665,10677.6192512929,1763471.8491132658,"309 Main St, City 1482, State 26875"
30518.27944483094,2.0803758484386528,7.03732593205147,4.15883769099279,51652.31137154917,1377225.3314012557,"5309 Oak St, City 1483, State 72629"
59212.72469102433,3.558723933242913,4.158747048857062,3.911279573282023,63150.317489424364,1659485.000097177,"1915 Maple St, City 1484, State 12925"
62981.53813842581,5.930643455297047,5.8191265890687625,5.237892454034295,65890.18452966056,1911286.2743868192,"9561 Maple St, City 1485, State 53101"
65655.54224483299,9.604028492713079,5.404014116136452,6.83138125948698,45169.91735230431,1875041.5253180584,"3230 Maple St, City 1486, State 71473"
92592.0486020876,5.068872322841267,5.806319058053882,4.551877033144311,8430.347868953317,1776973.5097177487,"3578 Oak St, City 1487, State 78107"
64970.229114331116,5.394976208429077,8.327774119396805,6.934384234708602,53156.070947515276,2180412.866784243,"233 Maple St, City 1488, State 94572"
70382.42603602775,7.7175687120529775,6.377768852266708,3.5112469745659873,12156.194842022614,1798516.9196264655,"6251 Main St, City 1489, State 13539"
51378.971778689476,6.830342058288944,9.58221307267485,2.154340662712305,48533.62764970856,1941088.4324695498,"522 Main St, City 1490, State 86562"
63592.66124664061,4.391409200786666,5.055734893509054,2.8283158373820636,55658.779323611925,1567697.682401315,"3067 Maple St, City 1491, State 21391"
50454.26645368363,5.286531164539422,5.909925047994503,3.9756244238728367,52181.20620372073,1740697.9083916,"341 Main St, City 1492, State 54906"
36587.63313915993,3.7415983908578596,8.50869767335329,3.581669545942761,66872.4473744735,1841705.6478356319,"8251 Pine St, City 1493, State 31065"
84310.37340432401,9.728171673041668,6.822172153245251,2.4852706549168886,52979.50849038033,2341060.6643561553,"5634 Maple St, City 1494, State 16703"
90139.15186995146,3.045075052458878,6.829197024971134,4.163300538453584,50058.63556881755,2119432.389462382,"2603 Main St, City 1495, State 83854"
85754.1311408653,4.9746942765313555,3.3733811410362846,3.6905788582978136,22013.306191901655,1561059.7891499496,"4431 Oak St, City 1496, State 85159"
71714.46394205152,2.2067117777600895,5.7901976390291905,2.613096102287192,65109.96461833361,1644621.8358537483,"2169 Pine St, City 1497, State 60460"
64180.720216130685,3.774235935468371,4.895136126952128,3.4805856530595447,16670.35160162085,1394264.6993408676,"1594 Oak St, City 1498, State 25941"
107700.02846146427,8.243769107041238,9.995345859817807,6.432180276776952,63818.279745753214,2804730.539981829,"7884 Oak St, City 1499, State 65590"
76717.36066225963,3.6094018583110357,5.158485494426172,3.510244327446701,25323.065317484175,1735347.1735155892,"7109 Oak St, City 1500, State 83974"
73126.36898667578,2.640507220231725,9.191475743557044,5.569777116210258,13460.633602048469,1949592.2658062992,"1083 Pine St, City 1501, State 88656"
32307.785922579213,5.795625438756186,7.733636145283342,5.060235398288778,58734.396772626096,1730876.007323512,"9674 Maple St, City 1502, State 93926"
60712.30448635407,2.079753877876148,5.3864148643446335,4.135905812041859,5162.204484053895,1148793.4481017552,"3530 Main St, City 1503, State 24584"
64217.605690727134,2.6781292354106654,6.804740648618866,3.195128184018346,59085.740649253996,1542942.1348744466,"945 Maple St, City 1504, State 32632"
65894.05028072104,8.461006956503802,8.883751159644357,3.8450734967297273,22050.269732988432,2042340.7714509533,"2290 Pine St, City 1505, State 28950"
82215.51323045991,8.171786758876852,9.183578086216382,4.960536067355214,62506.88272911539,2514807.5333720567,"1760 Main St, City 1506, State 31547"
78024.22920541906,9.321110563239168,4.122757125043016,3.7537660737467746,49946.14684570264,1930505.4017618932,"3876 Main St, City 1507, State 74091"
84711.45835141002,8.836123487285995,5.377011988457188,3.0744821678711594,48301.916635288355,2244316.2156653916,"8460 Oak St, City 1508, State 57683"
98839.49353879155,7.465404505918545,5.346562261495002,2.5823137444581605,28745.77160571482,1902344.3075877184,"7020 Maple St, City 1509, State 21879"
103168.7164844484,2.4186628584053027,3.294313572531613,6.398834689547827,8861.193302900114,1531601.2058186538,"4478 Oak St, City 1510, State 42574"
94631.07686038449,8.26278894389326,7.187664318963276,4.2015648787595286,58954.75138336253,2288855.9671477363,"515 Pine St, City 1511, State 84657"
115997.13263594412,8.764086486724484,8.983740370945316,5.12604160871465,16108.746686474318,2480970.1407459783,"7857 Pine St, City 1512, State 26582"
31640.932440872548,8.392657166175635,5.671020714778624,4.452051805684026,29196.811723158895,1521898.0395543103,"1781 Main St, City 1513, State 40646"
47620.01871151915,6.067832282464209,8.18025161488924,6.362832591789817,44023.05455809031,1802840.995789337,"4423 Oak St, City 1514, State 97633"
30680.65874803279,3.8632147091958533,7.393902895205179,4.734674262241054,36346.49300644041,1260468.2013281023,"5744 Maple St, City 1515, State 21284"
88272.72427391427,8.762639805509814,5.629541148451006,4.403907089745567,17912.941286135672,2082062.2896832707,"3505 Main St, City 1516, State 56106"
110822.74940549882,7.817302477921108,3.9874185964460795,6.623004952108563,14140.063197348454,1911481.3776095163,"2568 Oak St, City 1517, State 31009"
51913.406691866934,9.846089395110813,7.965266969431771,5.598447980226773,13011.00769626889,1774546.5498158282,"7091 Pine St, City 1518, State 80888"
113433.1090316676,3.2455407820474633,8.981956182588682,2.5577495367342866,61095.51229744806,2235104.014541026,"1420 Oak St, City 1519, State 52290"
35424.06512606048,3.8053166644164405,7.800981446810443,2.88852230598407,7051.370688986686,1311209.6505578053,"2558 Maple St, City 1520, State 42917"
114099.24241249629,3.6943851990520216,3.1251493882437265,5.93561431469721,68505.92687399313,2114926.470163065,"9706 Pine St, City 1521, State 67247"
61646.0418515671,8.340318140970695,4.513630260736939,6.179256605899772,17904.364875051917,1861111.7010770487,"139 Main St, City 1522, State 49833"
39127.87456042949,3.4952583716009453,3.4863598941847234,4.725954145451483,12170.94929714008,1138966.4921829198,"1871 Oak St, City 1523, State 42611"
73728.45832676931,2.5332786385864487,6.992702697033588,4.772276139333196,42503.15756049168,1923213.4212763768,"8121 Oak St, City 1524, State 23830"
53109.89109484572,9.988486452685029,8.295343751882886,5.159664814257223,10199.087266145281,1928797.079621632,"8182 Main St, City 1525, State 15696"
55638.56117657306,2.198537691561193,3.774054309480616,4.195578871413197,44159.46210563367,1217208.3356637473,"743 Main St, City 1526, State 41262"
57656.09684336579,8.681952481270926,8.868364744153697,5.40099561741952,60290.731912884854,2196422.0603158595,"4182 Oak St, City 1527, State 54497"
102272.3308049397,4.922934732405222,6.888562848768382,2.5424062878320783,8113.371395382614,1996036.2189217347,"8269 Pine St, City 1528, State 31640"
78524.5149007729,8.732923678062523,7.829783084992075,6.806396211836931,56991.459294355365,2407803.900762263,"3706 Maple St, City 1529, State 83824"
58017.692924040326,6.43696392968916,9.799812940260523,5.750774118974609,30641.033663837716,1964497.3384232956,"995 Maple St, City 1530, State 66093"
84930.04049798266,9.213049835890882,3.5857669177338813,5.155871020045034,15366.891199028649,1877203.4841678157,"9225 Maple St, City 1531, State 57150"
94453.56068008742,9.409543891317014,9.308568160844525,3.5816102850474034,16446.271217384838,2256075.121788507,"9728 Oak St, City 1532, State 59664"
54536.16006601804,2.072785450246208,3.882718871911865,2.804777437283646,64719.6953401247,1263032.4233335012,"1923 Oak St, City 1533, State 87213"
67219.41913728163,2.603297407942306,5.750711646456776,4.046714819144723,12189.37387614319,1333185.8363029829,"1915 Oak St, City 1534, State 82352"
40969.748400325276,4.002869836566844,8.9600708743178,5.307883702870292,61340.881162517704,1795050.1615313962,"8839 Oak St, City 1535, State 34652"
46303.441458121226,7.354523330908013,9.343779657165078,5.168548717115555,40375.90036393495,1817415.2815253304,"6225 Main St, City 1536, State 89628"
91300.60685684846,9.106177572092047,6.544601714816017,3.9132057753278575,7538.65162306854,2004498.0767464458,"6698 Pine St, City 1537, State 58996"
46329.45129260643,5.679535610351702,7.158732467927976,5.066431969165649,35190.94947162699,1738209.2524523875,"1226 Oak St, City 1538, State 15566"
77264.70453003541,6.855784930194123,7.9570313421899,6.0687414778377375,58134.21844095954,2121819.1679173517,"9157 Pine St, City 1539, State 48690"
93814.16355501894,3.507998822364489,8.829310679169,2.1314238616880354,52203.181196541525,2094413.8494848507,"5037 Pine St, City 1540, State 12646"
39618.92307852695,8.439734671053483,3.8505781867636633,4.253105239651378,36770.85714950666,1444832.789893728,"7685 Pine St, City 1541, State 51592"
81058.09976660131,9.738624890827758,8.670485157604594,5.792776142333955,60903.24218025411,2494139.2401402844,"4695 Oak St, City 1542, State 46449"
53090.65053312274,4.14879146331678,6.368933053581317,4.730722352316886,12823.70951571493,1403971.8818510966,"415 Maple St, City 1543, State 63631"
116663.41877138219,5.958607612804371,6.1543639757571835,5.25738043964535,64146.16847050397,2514051.9488300113,"7200 Pine St, City 1544, State 75463"
73519.10820479323,2.6889288840509904,5.9672982639789875,4.58338196302671,60018.67855141767,1843661.469095163,"8679 Pine St, City 1545, State 83068"
102539.32947976423,6.473093251703747,6.564481096722298,6.959372723411555,51037.993667720344,2452163.255597732,"6408 Oak St, City 1546, State 18221"
79520.38879406356,6.0222675347734445,9.615353873762224,2.273107682445191,58162.703238368704,2216392.128810779,"8322 Oak St, City 1547, State 15189"
33907.12795693373,3.1554918732406207,6.837426409545062,4.455224108861886,40348.00794477329,1327954.8680390618,"4215 Maple St, City 1548, State 79519"
86983.62380346202,5.5365297049446,9.672242767841976,2.4570827455725883,48885.55789134835,2170319.214331915,"208 Maple St, City 1549, State 50907"
115626.30079859913,4.672837216692506,4.262030914309484,2.798927810567852,41438.874596005626,2052732.3010553753,"9174 Maple St, City 1550, State 49679"
84145.0638131698,6.174647002441515,8.068951851828432,3.9151917520913093,28102.854483016705,2015953.583096744,"6691 Pine St, City 1551, State 10111"
103726.99734841113,6.6852346834303935,8.685676770261232,2.7777004575024367,41975.95182847654,2302679.6443759063,"7154 Maple St, City 1552, State 31424"
109578.5817013567,2.067964628857676,7.753901819344033,6.8184358297832555,21735.24661457517,2087896.7755458148,"1410 Oak St, City 1553, State 48640"
50527.17947540392,8.088047863596444,7.248455961585782,6.7339488836257955,33618.14610465104,1791290.8133803278,"8133 Pine St, City 1554, State 37355"
49084.035591740394,7.7041143348939265,6.953689467603276,3.680548231103019,23250.401471915808,1678911.7956393051,"6994 Pine St, City 1555, State 91718"
84988.28899658925,4.930291089652178,9.026513378050872,5.1987385601883975,12987.706314990286,1898160.8848187684,"4858 Oak St, City 1556, State 21166"
66992.56228260342,2.423487484550546,8.751526180151501,4.6687666029689305,25921.0206653439,1791191.8221289653,"7807 Oak St, City 1557, State 17498"
105587.51725800482,8.039460318280403,3.856021048264197,6.077934902578843,60379.16918201009,2318218.641382915,"5040 Pine St, City 1558, State 62095"
111002.08110582101,9.64140128382506,8.940113599216147,5.137228049084711,29770.250091749873,2552180.141300316,"8068 Main St, City 1559, State 51128"
61807.92413724463,3.9212127681761135,5.8984803360830975,2.0012622724528106,53620.23718297649,1806361.0547170213,"6701 Main St, City 1560, State 69911"
51318.35030770338,4.588196909896303,4.775877809970675,5.815871928048694,16387.86052548048,1382841.1649360515,"8299 Main St, City 1561, State 66584"
100247.29637194757,3.4705031158545196,9.088379976097482,5.73424060648059,32587.245345896707,2081897.6642139126,"4343 Oak St, City 1562, State 77089"
54732.54319933225,6.615488986758717,6.024173597436191,4.548613527832405,12465.644506786477,1530696.106861391,"2003 Main St, City 1563, State 64101"
104035.28866623105,3.2387311571796396,8.658552831237717,6.514594866165269,14010.36911888683,2166728.9770932817,"1422 Maple St, City 1564, State 71755"
68136.44282838865,4.849551547691036,4.8438252836909115,6.542231028452008,45133.3646928545,1778178.5382385654,"5981 Oak St, City 1565, State 35117"
90079.49093623235,7.576104111474104,3.0275052499555244,4.619558383521986,44486.31813418572,1857075.8246979744,"7311 Main St, City 1566, State 54934"
38598.178245120136,6.480927864074787,6.46821435032061,5.039941155982689,18869.173978066043,1371872.4006799615,"9419 Oak St, City 1567, State 22390"
86147.33922089156,5.091700514623482,3.70159779650019,6.9826103596233615,35837.50762877191,1691354.0287814368,"6179 Pine St, City 1568, State 43299"
70659.09108635061,5.361996814460335,8.280631688674369,3.4941011740570875,61114.900853566614,1982178.8976518512,"8751 Pine St, City 1569, State 27675"
82794.76168579268,6.496887060985836,4.9325259524858724,3.623086211557387,16323.098063971387,1681924.5865207906,"3125 Main St, City 1570, State 46881"
45121.278697037706,2.0469178230972904,6.1055195262243505,2.913869513317482,6248.6846497784645,1047162.3323816808,"9320 Pine St, City 1571, State 13911"
96318.63704497639,2.628078947628879,3.6092349556408796,6.47933469578934,47379.6841431322,1741326.2597614496,"7160 Main St, City 1572, State 89261"
107651.73697889056,9.050064542104092,5.006614739130768,5.722441949746331,8477.383525764524,2209555.8045897195,"1108 Pine St, City 1573, State 64422"
49506.582008169804,2.623031912730326,8.470431702810004,2.5282142443512097,68696.11550720899,1888020.2175790446,"6497 Pine St, City 1574, State 48755"
38614.309996814554,7.654428769684041,4.061115383316237,6.908836755989828,44625.31844692727,1599691.6354190742,"4472 Pine St, City 1575, State 32065"
32127.472744170274,9.36030531287242,7.5301169278887015,5.654808540805581,35575.7629348582,1869808.5268335596,"3476 Maple St, City 1576, State 94497"
87777.43503989394,4.165468834413849,9.421980969631509,6.252610548024872,32949.515101579935,2289544.0084621683,"2533 Oak St, City 1577, State 44797"
84638.46324799026,4.963931496476114,7.758857318304042,2.240753945866005,42249.59280360054,2077073.408001849,"9336 Maple St, City 1578, State 16190"
79202.76714426631,6.55137124675773,8.677151825045588,4.524804594710838,10890.58838681397,1970185.8332538588,"7765 Maple St, City 1579, State 87471"
50875.23865043779,9.053671757108678,3.7628014051274103,5.492991433635196,65451.238823267224,1768597.1117340913,"9940 Pine St, City 1580, State 15919"
65181.53963149632,9.53524469808336,4.755122782014381,4.7147329228592065,45666.73445587206,1836701.1794998161,"8410 Pine St, City 1581, State 78346"
83502.87016675557,7.9165059848901445,9.261771965684137,5.333237328496388,16958.60234470907,2194675.173511868,"3416 Main St, City 1582, State 64585"
74709.01729732525,2.6929580868375522,8.005739295326624,6.089370317952363,41567.76849470309,1919533.882992005,"1717 Pine St, City 1583, State 99817"
118900.69681933986,7.353233244278806,7.4768767846411786,3.871685314800981,13661.672879145755,2410634.312176294,"290 Oak St, City 1584, State 58099"
42279.577730105986,5.2824297749812965,7.6463671528519,6.243343378093549,6140.926641290287,1558963.9109790472,"610 Oak St, City 1585, State 26919"
92563.00986428343,5.765607995928493,5.899403880132504,2.8145805238264536,45983.60403890987,1984035.3184577667,"3292 Oak St, City 1586, State 84484"
66388.6891293863,2.3931871227614163,3.3118964213235724,3.3544302751318735,47151.41722155831,1390441.829588734,"7158 Oak St, City 1587, State 50837"
68537.96534330533,3.5284971147708655,8.491090794495104,2.216728099636629,42940.277882222006,1865641.3725507664,"8546 Maple St, City 1588, State 54851"
94583.79890923586,8.324108860269181,7.750992653507477,3.822134056676256,16926.4082834015,2248158.3513094946,"4331 Oak St, City 1589, State 41033"
92319.25361919327,5.631670664382878,6.309631248789072,3.899547724120602,44222.94080215986,1895748.1887228992,"2996 Main St, City 1590, State 21900"
119213.03943319694,4.413297933049191,9.298317307577802,6.026352986036255,8673.211160093788,2273078.424582316,"6971 Maple St, City 1591, State 22340"
41555.48605087127,5.072152591719665,5.3531176548956925,5.26565335144828,44600.49311217495,1589115.0219846086,"9402 Pine St, City 1592, State 24687"
39369.86844457497,8.83519610660544,5.0602522096186515,4.183612790778334,41011.10624199522,1564755.6244857344,"6154 Oak St, City 1593, State 83874"
95190.49354158671,7.991992139239655,9.109574275556099,5.260569893118741,47591.56400454147,2433637.7419019095,"3549 Main St, City 1594, State 27235"
82054.82253057681,4.178523177448662,8.578913583312898,2.2639167525784556,63205.9143739056,2073384.597997511,"4524 Pine St, City 1595, State 54143"
54674.45999038253,2.9400147216989865,6.604858674538413,2.9013576800918806,60273.27684056988,1584170.613999798,"8776 Pine St, City 1596, State 39287"
37147.7432090088,4.015985773152574,3.91514317620495,5.134739276208775,68742.52245156502,1439036.7435406384,"4311 Pine St, City 1597, State 34140"
37709.24246367875,9.36605160843787,4.505500300255367,5.206834096126512,68455.66714087737,1593516.748269216,"3814 Main St, City 1598, State 40657"
110477.17871977064,6.652710702798043,7.593595932861646,5.870673293537136,55200.78006929392,2499496.8707688,"5892 Main St, City 1599, State 98114"
47268.05922468686,6.267841669958263,5.695288664882882,4.014998795268011,67167.27544155232,1722593.8829462545,"8148 Maple St, City 1600, State 59494"
59103.44059039687,6.771148797539692,8.855312341661799,5.612770483080781,61373.45258279228,2152894.0021768324,"7746 Pine St, City 1601, State 57305"
50399.07620042892,4.928226125972122,9.649685065325428,5.419901662800947,52292.85924317324,1968724.6192498535,"8338 Oak St, City 1602, State 89787"
61949.667524874356,8.456856162556102,8.639458476924428,6.816966891849245,9899.976551844087,2039095.6740766035,"9108 Pine St, City 1603, State 82183"
36248.1458471484,6.1862899944019984,5.6428179609689,3.075651132123396,8188.242737542705,1199162.52761468,"1912 Pine St, City 1604, State 73638"
76715.38118174433,2.9339832221503643,8.52080500461997,4.758397818763197,59443.971887875065,1941308.894064335,"1340 Maple St, City 1605, State 24764"
36085.13072329934,3.0325209986325037,5.460091714294784,5.0088222105523466,36827.63076166039,1529387.958758125,"6447 Oak St, City 1606, State 26881"
102032.08570401254,6.294873172020947,4.169700614359437,6.993239424671104,57949.43448436986,2138058.4514944865,"791 Main St, City 1607, State 18201"
51034.08737193897,9.492561744566714,3.2337524340610018,3.0059207108332586,25339.68759258926,1442099.767895093,"3099 Main St, City 1608, State 41330"
78601.07231440596,4.46681697340959,5.700016989327141,4.616090099836461,30847.24079099583,1825855.8476825715,"2817 Maple St, City 1609, State 92802"
109207.11788053124,8.956329350873746,9.324915125880974,3.7309265385681942,50512.136865775574,2809978.2661248255,"1672 Maple St, City 1610, State 28558"
88578.96321424747,8.112764692631036,4.672906114289735,4.629464842894999,64496.23790058606,2072172.6790135163,"5236 Pine St, City 1611, State 26161"
77966.20078962017,3.982499543255255,4.445592154508488,3.1606430105155296,10704.495841127586,1382894.600121795,"4267 Pine St, City 1612, State 40908"
59190.037780383806,2.2907259865299396,9.788745496687282,2.2380618921374404,60996.07940124941,1737443.2355565268,"2825 Pine St, City 1613, State 66021"
59970.172175237814,2.814778121139062,3.175028789954145,4.862827269488444,56545.82711715874,1582367.5068264026,"5721 Oak St, City 1614, State 12070"
90253.82596783711,7.827951470779522,8.50047505275628,3.6792715793041606,25510.052597440554,2108091.5491580735,"7347 Main St, City 1615, State 43688"
119472.54250990508,3.5973579043251735,5.249589690186093,2.9097070087421684,28089.07991855137,2019541.511733662,"6092 Maple St, City 1616, State 56611"
89565.52708644408,4.97016736404315,3.262415698087615,3.619677830390169,8019.996019424127,1456118.726718136,"6473 Maple St, City 1617, State 27827"
80200.50756330224,6.013593328051399,9.424617781467084,2.246401007238725,6023.139722586669,1809326.3015872235,"2802 Pine St, City 1618, State 83756"
95758.54592153215,7.803745347601303,3.9774963114670854,6.752211170450517,36005.398213252396,2019328.2223831625,"2293 Pine St, City 1619, State 43593"
71868.50510553463,2.905849786073003,6.862454986079868,4.905739574866303,11210.076957325186,1522417.8446438848,"7712 Pine St, City 1620, State 34714"
35412.81083407067,5.250931242219692,4.9183794520068345,6.073843406735124,17610.11793698885,1211248.0759569048,"4453 Pine St, City 1621, State 93082"
80606.71342901188,5.880583273141563,3.4563496152928375,4.115590987738652,60039.867969233135,2000881.8463906893,"3440 Maple St, City 1622, State 45301"
116186.27560548422,6.326616511772317,3.3494573996436534,6.516573337830929,42116.84543127941,2194721.2113235155,"5613 Pine St, City 1623, State 28609"
45777.264812189365,8.546885131161734,3.8088968918543715,4.416591107761267,46186.10842229737,1646403.883328054,"3673 Main St, City 1624, State 67626"
92100.44017385991,3.3734255603457353,3.4995690972256606,4.8697266110033475,17186.156504074803,1684129.7446693387,"9332 Pine St, City 1625, State 11797"
48084.031979315085,8.462651614612978,8.32390680863946,4.458969900313284,58863.01728953727,1987883.536364139,"9383 Maple St, City 1626, State 33453"
78224.49160257731,7.543027421573218,6.398963415984005,5.666391479338258,61418.68520858359,2104426.694868458,"7894 Main St, City 1627, State 11930"
38700.88046820476,6.446966513591675,5.400244639442858,4.833280388010312,39016.29359134782,1506350.0423002199,"2519 Maple St, City 1628, State 10047"
70533.38426323666,7.596222963220575,5.92858237092405,3.357994617901989,64316.25517211289,1998597.771858193,"134 Maple St, City 1629, State 97595"
98054.69960057214,5.296141911613251,9.502627149008363,2.7276976566132314,59913.86062204781,2330083.954599158,"2365 Oak St, City 1630, State 38082"
61281.43718150839,3.1071806877449966,9.37526268916703,5.0306219444148885,52536.071483838474,1944778.2201340212,"7154 Maple St, City 1631, State 61689"
89842.05520384962,7.326121922122939,8.009735360858038,4.445899807735181,52714.93452008586,2231824.173176142,"7997 Main St, City 1632, State 45239"
101590.49647107563,6.197378453484978,9.192776641951815,2.4798784834805647,11850.575806806115,2177699.4592155144,"2435 Oak St, City 1633, State 79871"
113446.00375315074,7.114998404342204,5.237536193113374,3.978087328966342,22604.342450218275,2108048.837866035,"3523 Oak St, City 1634, State 97207"
51117.787366990815,4.70399024822792,5.66776528205798,4.573882110002268,9345.069288148943,1256853.1591261774,"664 Oak St, City 1635, State 82979"
65938.43242283774,9.254932618718687,7.295985272979596,6.13446616912795,5564.278599710063,1682549.3337638513,"5945 Maple St, City 1636, State 74880"
43717.44119973757,6.6989589486046155,7.365381631080849,2.3805052791668118,15290.119539954158,1415312.3209948796,"7775 Oak St, City 1637, State 46968"
119323.51519425376,2.6832198743269906,6.3718988660863864,3.7424767412300146,62231.6668720511,2440991.1580015845,"7098 Maple St, City 1638, State 62644"
113430.08711318657,5.598431925635429,5.804604939065673,6.113280613551927,20591.813837343347,2133980.171928493,"5469 Pine St, City 1639, State 19145"
78596.14172525036,8.050848437949075,9.903262181260866,5.242119658857893,68060.00756846191,2555925.257348513,"1674 Maple St, City 1640, State 70835"
105782.99649387792,8.353076493858179,8.74786538282407,3.449791609018934,43823.9149714784,2285481.8290762375,"8432 Main St, City 1641, State 32954"
76886.2179544838,5.95677642211007,6.044861385216317,6.226675610113212,20421.80169625487,1738370.581455885,"3050 Pine St, City 1642, State 96167"
86122.71192024837,9.157980566650409,8.09104734067698,4.466467902813462,37313.502226473836,2151522.521269701,"6575 Oak St, City 1643, State 36039"
38021.1988904415,4.1413474975543805,4.8869318527672165,4.491759456552303,19241.1634755075,1188962.5120689063,"5332 Pine St, City 1644, State 40412"
97974.33784471272,5.284789577906133,3.7011852836613093,6.882936696001922,68958.2812818543,2333552.7353781923,"1938 Main St, City 1645, State 27458"
41494.21352717113,9.18877528455176,5.467017178869185,6.735582516181892,60072.22395382265,1860194.7633861958,"2574 Oak St, City 1646, State 68425"
104346.08672272756,9.170053731772631,5.820809600863759,3.7926634168492193,6705.521270851392,2284497.0840725503,"419 Main St, City 1647, State 92559"
100382.52789033474,7.485702150597447,3.1157598719246957,2.7028956433154114,66605.44204538563,2016041.5829450195,"2085 Oak St, City 1648, State 92278"
93787.02279686788,8.871844376977762,8.703544011451273,3.6283336613904704,51869.231974687675,2582429.0748343286,"1804 Main St, City 1649, State 50657"
33254.43424722859,2.7101861356498613,5.51435381672427,2.15241630155694,10354.78138138309,1232874.0212146332,"539 Pine St, City 1650, State 66040"
57281.55203507957,8.91995980966221,7.0629271604610295,2.103839433551956,48591.45351121896,1878983.227592396,"9906 Oak St, City 1651, State 36926"
53680.13129197586,4.564959252401814,3.5177423108966916,3.977610681257096,47050.23536776956,1347121.6865654087,"8968 Main St, City 1652, State 54228"
62412.27667243672,3.4266520994257306,4.224977801254088,6.70509911348617,19221.268477492922,1298931.8178890152,"4672 Pine St, City 1653, State 60187"
37887.84720874547,3.9149586907363707,9.22785607729292,6.356786706161039,54299.03550049241,1744147.645637303,"8553 Pine St, City 1654, State 34871"
114326.20407279565,5.343748064111097,7.260812695179606,4.557214169588115,10659.205715342861,2189516.5807323167,"1427 Oak St, City 1655, State 74140"
79842.20166411386,4.009536036835738,9.651988351193399,4.826131905854154,36813.93678003111,2303006.8893890926,"693 Pine St, City 1656, State 66745"
57497.18795922212,4.564540688131992,9.99125024073922,2.0296674837302824,5645.008465600715,1562116.6026882618,"1068 Main St, City 1657, State 68465"
65728.3365366855,3.0798278885731367,5.60302080733166,3.0775057791688276,67967.93677815852,1697647.4710175998,"7613 Main St, City 1658, State 19433"
70248.22864543521,4.369414124471988,5.091621448582922,2.1238706346719187,53851.63606549911,1479826.1957932767,"947 Pine St, City 1659, State 11615"
84053.49000245555,6.578270516336009,9.008492386113677,5.772697663476938,15325.384950377642,2097259.388502789,"8255 Pine St, City 1660, State 65221"
76411.14849268479,5.534829664728512,9.990279989262179,2.7282289801324886,27208.812596833395,2089105.8354335912,"394 Maple St, City 1661, State 99454"
112745.27758929756,4.773750089887289,7.407488639627202,6.345235512384084,15436.554557531459,2277537.524985552,"9694 Maple St, City 1662, State 90690"
74726.71346152472,7.971617030856912,8.565985057580656,5.216621568378941,54830.13516840545,2320678.421622133,"389 Pine St, City 1663, State 89437"
119294.22133409814,9.148079771146543,8.472221011706921,3.147093382578567,8828.261152801486,2506418.3933649105,"7670 Pine St, City 1664, State 67623"
106628.24619705862,8.054313783219175,5.487377957536829,2.7886015854162487,59626.43261164142,2347820.792364809,"6709 Main St, City 1665, State 70816"
48765.946292160224,4.6560056169414334,7.01989266179961,5.138123504615265,66242.76202432244,1771982.584872979,"8997 Maple St, City 1666, State 62137"
113753.56931795247,7.9555373427004294,8.831398588849495,6.504184901411618,48980.81628240949,2577067.4452780047,"710 Maple St, City 1667, State 31014"
40472.97580969285,3.2158414597924097,7.8167971338273885,5.591801094571908,18842.75425009322,1267667.7095123578,"1431 Oak St, City 1668, State 39925"
103570.47376420724,3.0425439047303273,3.148146697874268,3.742733258016888,28405.856227880802,1639326.1654147194,"4992 Pine St, City 1669, State 28422"
64256.096412892206,4.7650162962892715,5.356939682282734,4.936917976343236,36020.591862580535,1624115.9088228813,"4134 Pine St, City 1670, State 38514"
109017.68884005626,8.461618952352456,4.011329876162238,3.5538084768621068,44300.610193146495,2287674.711100308,"2216 Main St, City 1671, State 26486"
108125.10210967054,3.970785977938415,4.630805484546274,6.995747833893295,48463.10083775968,2092382.5304473066,"8337 Maple St, City 1672, State 22249"
102533.2860105859,2.5060272711894367,9.33842634243928,5.744195942309256,41023.95649572738,2255497.0883867186,"6804 Oak St, City 1673, State 49064"
101102.73926763552,3.0536762816508407,3.258253022375377,5.071908198783769,27835.404853420623,1754258.4314637217,"6566 Maple St, City 1674, State 52790"
57421.12251882367,8.869959748236642,4.538604983733466,4.116295713829146,62909.6232367187,1791833.4001520935,"83 Main St, City 1675, State 52271"
37282.735474612695,7.070266277978301,5.16698546566762,5.090761451297786,10290.483771167284,1424928.9681879156,"7964 Maple St, City 1676, State 70683"
66268.21608886453,4.025609306959813,7.318188503764764,3.7080803123366737,35306.64352582718,1935126.6953754409,"5753 Maple St, City 1677, State 70791"
45617.20634878578,6.442366602625451,6.7387118306010585,2.1443241972901537,55411.714500386246,1877854.1899089208,"3669 Pine St, City 1678, State 96166"
92545.59800122154,6.220636979402803,4.527886379973703,3.9754426117831643,8956.723243941058,1772469.6966779009,"2063 Main St, City 1679, State 51739"
61148.97538840069,7.24348782752529,4.149687470562081,6.652404097899335,50846.78909273458,1793134.4477754359,"7556 Maple St, City 1680, State 45166"
117804.91807739234,3.8655004353729305,4.657586242172831,5.131505473869329,58281.25547896612,2347168.1555646555,"2331 Main St, City 1681, State 60911"
87687.48696107988,8.915223897555181,6.517707386911589,2.419778515354508,47954.0344042584,2141419.980633785,"428 Oak St, City 1682, State 64181"
104023.25072709248,4.474948496640103,4.898244499978424,6.424968066975129,5840.89799789814,1945712.2382923663,"3877 Maple St, City 1683, State 74631"
41927.22054676636,7.553053231809895,9.633217511254056,3.344374246707574,16708.906763593404,1637942.0162090943,"2117 Oak St, City 1684, State 59711"
107581.30340453603,2.128997170977719,6.247056550001933,3.218847465413637,27237.3501279768,1883695.6763691942,"5442 Main St, City 1685, State 61769"
113048.14714620549,4.981257039153178,3.4115721158124597,3.485454843901604,20189.852316472985,1973594.4612486544,"590 Maple St, City 1686, State 65499"
73835.57269370423,4.813678543670466,8.104864840856433,4.8860111806297875,67572.38911478278,2040051.5590031256,"7905 Maple St, City 1687, State 19324"
84562.76439758798,6.347875428664116,5.3019170174629275,4.723440467169883,47353.604417396586,1952840.8950352313,"7433 Main St, City 1688, State 30867"
98832.88208126959,2.581890094217572,7.574422524407733,4.4570687731144085,24303.11222785207,1821183.7872486738,"8608 Main St, City 1689, State 44359"
45735.47645343713,8.321050989808867,4.957160593662624,5.587684317563135,65430.33741325396,1965339.207561952,"4408 Pine St, City 1690, State 60759"
75230.94688170982,3.7422464141405483,6.995206192133239,3.582688656674795,53138.62296595215,1998514.8664064796,"3725 Pine St, City 1691, State 63006"
65879.67249950819,7.416302519056082,8.405067533652254,5.910322607862156,23499.468768757728,2015634.2323349945,"8302 Oak St, City 1692, State 40291"
43173.65929460242,8.425696985952746,9.496061192421877,2.8766083918929954,29627.3020111271,1897892.38665807,"769 Main St, City 1693, State 75674"
63078.09800623783,6.495015649932105,4.827890011031539,5.913103945385046,17962.87578975719,1648560.271446181,"221 Main St, City 1694, State 63079"
36135.507844694424,7.927065653775884,5.343998656992868,5.319050526251415,68119.80988727842,1823829.994222181,"2388 Oak St, City 1695, State 19637"
32323.071625453827,7.294882497720044,6.249864942001578,5.416041547737932,38624.27223285476,1491686.6398599413,"6957 Oak St, City 1696, State 90069"
42164.966023934045,4.844238377216061,9.490223864151922,4.4077669856363,63243.684687369,1944757.6832310543,"5444 Pine St, City 1697, State 70207"
116680.36004302565,8.470868312268522,9.3097079976746,5.3350076634043235,27522.4851160951,2740527.961225473,"5985 Main St, City 1698, State 27753"
79457.65823055152,4.357610959084224,3.6291479607044663,2.398985232797287,60954.704201335924,1801064.6421543276,"3572 Maple St, City 1699, State 43256"
116923.9945037898,6.569703342012137,3.923508780276676,6.257755585246836,8502.645147765657,1815914.6194737025,"3541 Pine St, City 1700, State 86595"
68924.80904971188,7.963181913132316,6.468564241314468,2.27773616743823,68835.87063907873,1957476.315850918,"9057 Pine St, City 1701, State 28564"
58063.451977673365,5.031647278500061,3.7463349096379646,2.743707549357487,64282.23385716467,1433729.0101091312,"3329 Maple St, City 1702, State 65138"
75552.76765562197,4.4221408609394,5.419066113440882,4.8839485424861815,28608.19141048257,1714678.2505625272,"9572 Pine St, City 1703, State 91567"
69556.05197696191,5.674768081382582,4.038697647522344,5.697057277283458,55356.94074544753,1548488.1357348498,"989 Maple St, City 1704, State 19006"
39509.82158355695,8.543707954793229,7.452282485923201,2.381257821731267,53896.76522079869,1554825.484110458,"9882 Main St, City 1705, State 81165"
87674.36832211856,9.439374105165317,9.646468022174133,6.603824070611599,63581.56181169056,2853461.860617809,"2487 Oak St, City 1706, State 20827"
49443.43642586397,6.360667302879121,9.97713639206067,6.868038244003493,24971.573773372722,2003306.5957807517,"3987 Maple St, City 1707, State 77359"
85762.91594080467,7.291729642589215,5.626687927478404,5.029750865038555,35258.80034541972,2011638.127733916,"5829 Maple St, City 1708, State 97256"
88518.0983158338,9.226188977911313,7.193088459802286,4.406217276884183,61224.97481939345,2396616.166025478,"4089 Maple St, City 1709, State 46636"
43682.23678157833,2.788374811303539,8.99387357466857,5.7069748613987485,55607.66451878904,1759632.6551652718,"4326 Main St, City 1710, State 96355"
35521.46643996013,3.8566286229293203,3.822234509574688,3.641786761636027,30575.336718118146,1215690.2084068663,"2164 Maple St, City 1711, State 60901"
100268.54274615958,7.67120005001266,7.826950877363755,4.466322170525532,59972.140139287934,2383007.4467571364,"4946 Main St, City 1712, State 56676"
71382.03813923881,8.589955695298396,5.861905632075478,6.580755134072007,8052.0125501060975,1868614.816103394,"342 Maple St, City 1713, State 96603"
35234.74159549282,8.856232226644623,4.443023121961149,6.7782771262076675,55833.00969259436,1655856.3660870246,"3832 Pine St, City 1714, State 32489"
119537.96854527904,5.320857414839461,5.8192753312320935,6.635345580255925,18439.780863190543,2113538.058571128,"3870 Maple St, City 1715, State 58071"
35200.250489672995,2.7147192183349347,3.531722008754418,3.312240334819201,23597.859008546166,1115331.0375074423,"6069 Oak St, City 1716, State 37849"
92553.17059726978,5.502251818396959,7.86785004012514,3.162345201083817,37058.96483371359,2065669.8063134982,"2440 Oak St, City 1717, State 34290"
118531.10327370722,3.8458767216564302,4.769198681239171,3.488322529646571,34232.7425695483,2136696.3190370565,"7858 Oak St, City 1718, State 48197"
51526.209379433305,4.329571639972993,5.179839515314146,4.2065555619423005,38837.05694654226,1478001.0612462426,"472 Pine St, City 1719, State 99979"
42802.44318184766,8.178140454700046,3.847569087690239,3.570837063959818,40410.41371868155,1617272.645321806,"3766 Oak St, City 1720, State 99832"
40924.6445480186,2.604216688207095,9.052613797229242,3.8710639786952896,26549.2999170473,1408406.8937628227,"8846 Pine St, City 1721, State 93093"
57294.7632810836,8.620649739845618,6.45410995497917,5.103184760603797,16389.78834610695,1646877.520599054,"1668 Maple St, City 1722, State 56963"
39094.1229909582,5.421352686593353,7.005028144504802,5.812628385469879,54951.27990367489,1580976.8077816735,"3322 Pine St, City 1723, State 79662"
92294.52075247187,6.768511448804761,6.986028781663983,5.6777909913395845,30998.449690664234,2158908.6157430215,"2794 Pine St, City 1724, State 56051"
35606.26183170564,2.717217849885432,5.873451801789392,6.07211783539576,37879.65605983884,1487508.3098933669,"6186 Oak St, City 1725, State 69778"
75847.99153348108,4.698872626858237,4.347709408066976,2.160922016077011,46905.28669282267,1799903.7550860292,"1621 Pine St, City 1726, State 83993"
119702.71684676791,2.7176073521187663,8.2159292394888,2.2386689483937805,64126.46494993264,2146977.4083903534,"22 Maple St, City 1727, State 77659"
103257.3242555417,9.692349783048876,3.8893938575037206,5.946914803443146,50990.93402411429,2286675.0706542777,"1511 Main St, City 1728, State 63927"
85369.74944079097,8.458093194610004,3.7271165319516735,4.66539411162316,7954.849663374993,1433212.1873086113,"7009 Maple St, City 1729, State 18431"
57562.82587079505,5.677062034851682,7.971015263175524,4.890703368810602,59506.423620871145,2020918.9800517536,"8243 Pine St, City 1730, State 67819"
86150.62526624746,3.788820386589369,4.4618591431638865,2.262934301071885,69308.07598328874,1934141.353883175,"157 Maple St, City 1731, State 83134"
77433.73175204865,9.467640841998819,5.147409259469827,3.2765690058563544,35711.526649139836,1932342.3763301848,"4762 Oak St, City 1732, State 86511"
68347.50455013342,4.756772765815774,6.326592269012181,5.191771524427389,68023.37186954904,1931709.2281431397,"2020 Oak St, City 1733, State 96090"
41763.93390661795,3.287875453498998,6.145459217106824,6.29590945055338,40576.36825230471,1472792.863181824,"5048 Main St, City 1734, State 58112"
109794.379371642,6.505315107631639,7.960053875454994,6.584916985907013,34875.039731676734,2353492.375495871,"2415 Pine St, City 1735, State 21441"
70480.61839391902,9.55019296275853,7.364022554103527,4.502097479175409,26541.309707284578,2082377.687849232,"2156 Maple St, City 1736, State 57792"
47516.026063868856,2.0306423240025806,7.51077313597306,4.727371163690988,47741.06692916702,1534939.8971079018,"3758 Main St, City 1737, State 22468"
63098.34157895607,3.90499874603199,7.998380314588201,6.165248155344955,19938.3273341279,1843782.030518166,"8863 Pine St, City 1738, State 65123"
67271.67772760344,9.507581123283261,5.048289091964257,4.688123003736774,11820.72420343628,1740343.5784746998,"1603 Pine St, City 1739, State 69116"
104478.41060101868,3.3686877348572963,5.256333182603315,4.584292627686587,6770.411667973915,1719003.6738829582,"1311 Pine St, City 1740, State 73798"
96025.29425052619,2.905947613118559,6.065984235268878,6.525420188804769,24004.707326492146,1753028.737192753,"6247 Maple St, City 1741, State 30162"
99237.44042772058,6.561497726398436,5.152235211234682,5.949663605279401,30725.104090857487,1878337.0536030005,"1587 Oak St, City 1742, State 29679"
30992.81379857825,8.89475058635864,9.894565082796044,6.545362631806473,40884.98525828111,2078267.613568441,"8906 Pine St, City 1743, State 57770"
67453.85983617854,5.816878541551409,8.698363484950008,3.091235273905769,24028.738637155417,1828353.4203524047,"8930 Main St, City 1744, State 70490"
73320.97364717913,9.956514053476198,4.152582817792207,4.621877433276784,68963.87220505172,2080575.1676007048,"1864 Main St, City 1745, State 59643"
31727.304914075103,7.433373596303943,3.0391590911730866,6.2123606429667895,23963.435935675894,1416585.4443916301,"8114 Main St, City 1746, State 21805"
53383.18878705308,2.592599257683582,3.299482877730875,2.5557391373355447,33663.400249016566,1116129.22320854,"9722 Maple St, City 1747, State 17731"
98426.08408099215,9.942657053455804,4.708444157300477,5.973310771469809,11712.950759573521,2033085.5545705962,"946 Main St, City 1748, State 61907"
42339.873515609914,5.2631538942415235,3.800039000857996,2.914866917074347,21940.72336690992,1174492.9990480626,"7629 Main St, City 1749, State 21294"
78177.91183073324,4.29922027076386,6.733366804248005,6.040593774926606,8141.589086284421,1760278.5049065857,"7818 Oak St, City 1750, State 13033"
49368.16848155137,6.463033468623085,9.00596655909151,5.060004687784341,41368.06117342632,2084706.2645002352,"390 Maple St, City 1751, State 40995"
31090.869717950394,4.4344607345669145,8.157251546392592,2.9661799574243357,53819.20440360806,1699875.337769439,"9436 Pine St, City 1752, State 10011"
51708.13118395873,2.6916600569612186,4.509263441575333,4.366770896664006,17721.137931844416,1294101.748163492,"9709 Main St, City 1753, State 32537"
117828.63794190485,2.0114267446334138,5.795094792180501,5.409525832303858,28914.210958044598,2194263.506684185,"8179 Main St, City 1754, State 18511"
102138.34006946906,5.596666823362098,6.555259466718944,5.169264504417712,6080.054737265436,1993293.8067623843,"1928 Oak St, City 1755, State 78368"
116361.897988893,8.694907377812738,8.671440946523349,4.136235981158522,59568.93362194378,2743927.828764757,"6979 Main St, City 1756, State 10015"
73906.86395337262,6.578521485040612,8.873851221743154,6.496832644604635,55697.62912055852,2221144.5720122713,"3867 Maple St, City 1757, State 12345"
39876.25788097532,9.993658391547527,9.368028183354433,4.596317072439222,9111.512006829005,1702297.987004842,"9133 Maple St, City 1758, State 25349"
79316.35400763236,4.2947731651776,6.564716753520126,4.529336492643441,28716.394605826736,1932929.0806046103,"1064 Pine St, City 1759, State 53751"
70893.96011039648,4.243640518080443,7.859923225051041,2.3112529497072716,67093.6299002172,2007891.0964033606,"2567 Maple St, City 1760, State 90476"
105992.13744656544,3.2779956818715537,3.78260259863756,6.610601948988186,30481.75864513351,1878963.565487916,"3583 Pine St, City 1761, State 18066"
38827.43227058201,3.3125087061226814,6.957022719677875,2.885582843391865,39203.56398706105,1392800.095892028,"9749 Main St, City 1762, State 76015"
73941.70233196003,4.2814927680803825,4.7408426662979455,4.641723467182771,28090.785965673087,1461843.2217806526,"4510 Maple St, City 1763, State 77024"
43504.379822458584,8.342720362188217,6.022018195186278,6.017838007001551,43748.54022833702,1635471.5799853588,"8153 Main St, City 1764, State 94012"
59220.833420105395,9.246054325091583,7.4383535581470355,3.0772663847782167,68580.19691639344,2118413.6282441122,"830 Maple St, City 1765, State 38946"
96362.13696490196,9.80069735766145,4.798901564976468,4.636866449854205,69837.6627262778,2272951.4031297737,"7656 Main St, City 1766, State 29188"
72841.63164318899,3.858317232771621,3.365295404577328,3.2034245461167044,55356.47357072742,1541669.6105520464,"7991 Main St, City 1767, State 18975"
63829.94566311924,9.050380364912733,3.0716369948613025,5.798474988999558,31280.221371328553,1656439.1845144525,"6017 Oak St, City 1768, State 81997"
65502.865071303175,4.626040714218696,3.155116748811651,4.8217058393657535,37138.09305388424,1400834.7898775812,"7559 Maple St, City 1769, State 18732"
71350.2091565388,2.9027243561350753,3.0584481625963877,6.2798793019757175,28187.536327299855,1335856.3910732185,"7376 Main St, City 1770, State 34273"
100651.48894533512,8.960199404161326,3.7724853959051283,6.472790014386915,69062.35094378251,2134583.3833918106,"413 Main St, City 1771, State 65020"
110287.6220046211,7.088845077148949,4.676421001990909,5.243667412226991,51004.41987865124,2229112.447921843,"9976 Oak St, City 1772, State 81263"
115980.12178535355,3.317847168648494,4.548550599276094,5.626956230794722,34180.54395317823,2091149.885678809,"1428 Maple St, City 1773, State 29780"
100821.30476297656,5.43865006010402,9.907576159259278,4.746100499434318,5787.492557124152,2079708.706922364,"4678 Oak St, City 1774, State 56548"
58386.62061732115,4.298061559016541,5.142042736462603,3.9221436653369146,38831.421935385646,1519549.3401680999,"7123 Maple St, City 1775, State 11294"
91932.1235477888,7.894356549681576,3.891945483515794,5.240589615104173,68955.33311060516,2155503.3809185373,"9775 Maple St, City 1776, State 50555"
69384.28116498527,5.6273298449941445,6.818937809174306,6.5414431174366445,38998.959083248374,1813004.3771999313,"8556 Main St, City 1777, State 20547"
52920.35598414461,9.91423956085108,9.005702187782559,4.08340190215719,16857.73455679239,2094376.6239100911,"2562 Maple St, City 1778, State 48807"
105678.44214833304,2.437959858076761,7.746422637513726,3.5720501318689766,6436.093561810365,1899166.6602495469,"7401 Main St, City 1779, State 41086"
33458.37140660925,4.840122129089973,5.072574623948152,3.9421846927628703,28055.74427807359,1230814.0837640464,"6266 Maple St, City 1780, State 49488"
111158.57929218812,5.855201336879819,6.931313118540185,4.176988151057998,64684.82362027945,2391457.7218224257,"4021 Pine St, City 1781, State 11172"
71532.97181622608,6.025068437986558,8.003991819402863,2.367805144888581,69776.01703143226,1899739.282858531,"9977 Maple St, City 1782, State 97515"
87348.13291274523,4.527486579085094,8.096731446574196,4.492209202174972,66448.91836278017,2315480.2488551973,"4675 Oak St, City 1783, State 38544"
89341.85299852045,7.833921992780544,7.665769187083822,4.471571240250299,52412.29956152669,2199032.9227641565,"7739 Maple St, City 1784, State 53635"
110560.59666358828,8.997976587911797,9.095672973429327,4.942219138202615,41279.277348642594,2614169.5432545366,"8305 Main St, City 1785, State 82078"
87300.27139504865,9.509754415822904,9.09073820840873,3.8141001523566573,43394.599514846384,2466911.593687061,"8984 Pine St, City 1786, State 36939"
85254.02262840557,8.440747014396209,7.052555915849023,5.0655379797779485,40034.48059097746,2337010.935234467,"3234 Oak St, City 1787, State 91301"
35998.683650462095,8.804641578452795,6.008994583778486,6.391081551371015,50958.204819994244,1619468.7245809576,"144 Pine St, City 1788, State 81337"
76656.72197506836,6.404362404959964,7.490992068955698,6.777354952475822,32226.75973519791,2005870.7942059592,"5253 Maple St, City 1789, State 96405"
43515.210073533744,8.607105811414517,8.727484009593242,4.9180610807052485,48498.260322124755,2091981.1091060194,"7338 Pine St, City 1790, State 52980"
96369.0391849337,4.428031273183618,3.039564733888293,2.2129547698515655,12904.787472218068,1605541.1026037636,"8117 Maple St, City 1791, State 68092"
76099.97287314071,5.187830096873715,9.943979063103958,6.846179986335545,22270.194926496446,2199763.068751119,"9067 Maple St, City 1792, State 62096"
91220.5001287518,4.5353041105483545,4.280256406304394,5.529310304481282,59340.19752256091,1838857.8424889136,"4804 Main St, City 1793, State 62885"
33750.56105421459,5.7390986835834035,6.291742899619834,3.6798182427682606,63743.68049832042,1518991.973472897,"214 Oak St, City 1794, State 24905"
37631.28144412229,4.284636929909091,9.104208143900067,2.735788504818617,40035.53544141948,1584349.1015622956,"6567 Maple St, City 1795, State 79030"
94469.10492564141,9.692891538035575,4.575282793309396,2.717093061181375,7056.315118840606,1826363.1413182917,"486 Main St, City 1796, State 94935"
36487.59023988061,4.502757024045345,6.337566567302682,2.8387220306980137,65253.28210146493,1340990.1878461621,"3480 Oak St, City 1797, State 55174"
36413.10549887327,2.7843563048875186,3.9280752612682543,2.2278626080691017,50634.17677177362,1086551.7973591506,"6415 Pine St, City 1798, State 55967"
31089.76277113987,6.214537328403307,5.765534277717348,6.510770943264558,31911.81504409845,1573178.259825824,"5217 Oak St, City 1799, State 60175"
116085.1258469532,2.456792627561411,4.239948183551018,4.703841164136682,43894.63130796726,1989392.4825516704,"6317 Maple St, City 1800, State 75772"
96375.75235131063,2.884345330468644,5.545394241398099,5.499797063569186,32935.364238688795,2018706.1538062438,"6687 Main St, City 1801, State 95263"
61792.62676518578,3.7551151135699703,5.614249517549054,6.140542546341537,35247.049737583315,1633175.6012353955,"6551 Oak St, City 1802, State 62369"
56688.20231588897,5.7148019990571335,9.95219552718833,5.957705031666001,62642.64126786111,2064271.3496173022,"1956 Pine St, City 1803, State 67079"
61473.29067712646,5.466007458472223,9.963691205126405,6.413028118644208,15470.47604961225,2082633.7012355477,"229 Maple St, City 1804, State 96980"
99718.81780630637,8.397534896022329,3.803503950624287,6.83627311262476,11738.49380634539,2006358.5153913826,"6816 Main St, City 1805, State 22451"
89523.3549963373,7.915797231072907,8.08178145529843,4.195353073709698,5177.368393346023,2185497.2453616536,"6875 Oak St, City 1806, State 72885"
46667.601108072115,5.4105463519256105,3.362218357683708,6.751677333341952,25410.024414788233,1228948.4222538408,"7606 Pine St, City 1807, State 78525"
45669.84018006759,4.669633660605039,3.21134410736032,5.6164497417140815,14581.89482148778,1292366.2087400653,"9279 Maple St, City 1808, State 44761"
38855.60847420576,4.531750272491989,3.7373372597147503,2.3533409515403925,19299.057183977224,1188115.0211643549,"3046 Oak St, City 1809, State 26157"
89427.24477312043,8.191960698352073,9.758399599055538,5.408915606061727,5730.5338732495,2304439.302557004,"3306 Main St, City 1810, State 95519"
98793.53959995623,2.416579249770158,9.586044835262882,5.433583298024243,19767.701954700708,2056801.7454423537,"3588 Oak St, City 1811, State 74156"
53854.17854925036,2.1025731960848466,4.357494741964763,6.529302818962636,26626.252825604304,1316679.4904795664,"6364 Maple St, City 1812, State 14459"
31885.046492782152,8.364355135413184,4.131706348875981,3.8646606623504605,7051.887266642287,1279933.100536109,"5088 Pine St, City 1813, State 24898"
37395.45007287846,5.817171007912394,4.683745605611629,4.924557501359089,44513.7680793146,1433275.2670043337,"8234 Maple St, City 1814, State 57238"
117107.40313605274,3.0470491084286078,6.608828958525995,2.0609377550587125,41972.02267744427,2183929.3233137964,"1283 Maple St, City 1815, State 57851"
56590.02997296782,3.88452747675601,6.9879324242478695,3.66037621090668,11307.32560314513,1586733.7726155247,"6110 Main St, City 1816, State 23893"
99230.08330543202,9.46003162477906,4.551154013076132,2.3112186307939044,43675.635538696064,2052264.8066194688,"4497 Maple St, City 1817, State 41712"
86219.72119688374,8.876023804999184,8.296359516629616,4.609364863824485,69912.50470957704,2342043.0709157716,"5307 Oak St, City 1818, State 34107"
64374.567568760634,7.67828040179178,5.166872185818555,6.087238252534766,66390.48193275015,1951825.147745249,"5879 Oak St, City 1819, State 24914"
48511.853597599955,5.8578018426986125,9.454919278705873,3.0322134606453446,5173.614568898114,1618262.3311842643,"5010 Maple St, City 1820, State 59280"
40924.77763434658,6.162589009531086,7.597058945197114,4.637205227788892,56699.59023647338,1826340.6917674378,"1346 Main St, City 1821, State 49900"
85351.16712349799,9.801956282271668,6.054458360125282,3.0200431825538354,27984.342955371587,1951039.3254461777,"4643 Main St, City 1822, State 39289"
99717.04025740092,9.726163551074297,8.529384011919918,2.603442339231202,9137.339071750783,2391657.4540347755,"3224 Main St, City 1823, State 29860"
87951.38281870176,3.7221523662866742,8.725402382326653,4.554983959671713,24238.908891553525,2156858.9112900794,"5098 Maple St, City 1824, State 70198"
77727.19199242425,8.488836530442544,5.033371239262605,2.395743104748638,25912.87356034255,1805850.6029577788,"9628 Pine St, City 1825, State 32106"
33775.610108847264,3.5779413293361344,5.37800180685259,4.936773155689947,39010.87555508869,1296124.497107759,"9946 Maple St, City 1826, State 40384"
117163.98998349454,3.708299823071611,9.551686076100225,2.1566873033836313,47970.44487247555,2348987.970417415,"3412 Pine St, City 1827, State 41288"
101884.2772489117,7.408744273316614,4.153187268542903,2.5335748593418774,53688.61479354652,2011719.1974889622,"3612 Oak St, City 1828, State 85720"
56353.983303086825,5.240008788700387,3.2950529187405393,4.749987427436789,20983.697766612335,1295728.949556728,"5112 Maple St, City 1829, State 81655"
118197.32964229656,9.452355256852162,6.178387258266844,4.957037064494569,25915.087066152304,2571442.593976313,"2395 Main St, City 1830, State 72662"
84169.34306726899,2.7120778791680706,8.608469301705401,2.1449346504687905,25044.81094588279,1848359.8844299256,"7844 Oak St, City 1831, State 18431"
82418.03923865219,6.092205126475944,8.40167674417522,4.866883940007792,28577.89642785697,1957603.4929198544,"6054 Oak St, City 1832, State 38836"
97326.5861486579,9.348172243544969,9.436714402389828,6.192512626618185,69977.66008216201,2756810.7392755696,"4159 Maple St, City 1833, State 14146"
103059.28092811238,9.23290928383604,6.732404650583282,5.61158088646977,55566.31468378268,2559638.6579948226,"2632 Maple St, City 1834, State 53970"
89083.07465983524,3.2522337073259298,3.7004527009657333,2.655925519603993,68374.3802424653,1768487.1779101943,"5441 Oak St, City 1835, State 58343"
41528.617172958,4.933101600771652,7.120822820352113,4.962373237818074,50052.21887055872,1777660.7128563665,"9407 Oak St, City 1836, State 29945"
60444.075539504855,6.95297120037357,8.448769300472481,5.361262500371067,31407.59560707348,2023617.5792246147,"6234 Oak St, City 1837, State 17658"
113527.52762934448,3.2751590781712174,3.6532968418887846,2.1861560087614587,30333.37193575337,1703635.6445059336,"8808 Maple St, City 1838, State 82957"
50215.405065946674,9.74417737636591,4.208601807683128,6.276738343418113,36757.77442337794,1642998.805272205,"9323 Oak St, City 1839, State 32014"
63495.0321453762,9.317994629821282,3.0860346280896964,6.531336986449151,32096.535918688427,1726778.2405213795,"5356 Oak St, City 1840, State 74322"
68886.91946497763,3.3356014322757535,7.155568056127673,6.252261366811293,58841.205996028475,1743249.6579355984,"8013 Pine St, City 1841, State 54939"
69546.44907250069,2.9692436900878834,9.20714074362133,6.123157339945566,35225.13084673503,1973953.9828982113,"1516 Pine St, City 1842, State 41860"
85164.5624245073,2.6832678624661224,7.694643212014697,5.724825992304466,24214.93341370499,1718041.6784417492,"8559 Oak St, City 1843, State 36622"
114876.82539702368,9.275549312293048,9.874280613136875,5.167160156409801,55365.91746528237,2936675.906210996,"8651 Pine St, City 1844, State 62436"
51662.34406492545,3.5489904783636863,3.441235567498331,5.39313502494126,60537.32660979065,1524579.8622436672,"7909 Maple St, City 1845, State 73109"
40935.12386708263,5.330279428354838,9.321007596060474,6.031976466674915,32327.882149129342,1814622.6586108075,"4460 Oak St, City 1846, State 77504"
47772.34408739436,5.590810925216024,8.698478011706765,5.312492291806523,48407.55717385958,1786966.9462595487,"2532 Pine St, City 1847, State 61081"
109823.24101883426,6.79208835370854,5.199690643496535,3.638634783410355,8822.29470273981,2024102.8788308562,"1944 Pine St, City 1848, State 64428"
88122.97313896855,2.5738827499793997,9.814685862860763,3.8798055108067695,39415.21537814533,2057231.2313809812,"5726 Pine St, City 1849, State 41084"
55731.611031524415,3.8140689392041276,5.015564237199905,6.4852873418614605,7923.773953458023,1280360.6585295703,"902 Oak St, City 1850, State 48733"
103435.22450717555,9.451923095351408,9.225133066797529,2.0856104289858095,6897.404632140425,2308140.0800362634,"3257 Maple St, City 1851, State 40999"
107523.29967270924,9.267280858148556,9.165240039519325,5.494102906221411,44840.11528397804,2730666.4600518085,"8934 Oak St, City 1852, State 66584"
106186.29048212503,8.250325179245538,8.303603316220808,6.773887762126077,24716.799855674166,2469849.480506521,"1694 Pine St, City 1853, State 44897"
112703.38802755991,2.1552099649457235,6.944293316689963,5.531140849789868,53264.91555960525,2367667.6395632466,"4012 Main St, City 1854, State 11365"
52701.69181560254,4.616054147968817,3.8400192473182164,6.96955994115891,63245.366441118495,1666912.8497283107,"8388 Pine St, City 1855, State 42918"
97953.77358716505,7.023669882743262,6.723802141475488,5.437724527641654,14060.426292472795,2167928.3500090283,"5181 Maple St, City 1856, State 66246"
71448.5547546726,4.2015216941878055,5.497573789584542,2.171815146084305,52093.98450763005,1529099.2573989988,"331 Maple St, City 1857, State 62476"
105779.86976010553,9.276693560430218,8.545519232087463,6.135049408234618,38443.79988874231,2553029.5428647855,"9082 Maple St, City 1858, State 54649"
95564.16094454519,7.071115694659535,8.306904445477915,3.4231495596965953,12287.751260575425,2031445.7518670168,"7401 Oak St, City 1859, State 53908"
99880.27018497522,2.575253738531565,9.374287551608237,4.230286128322205,47353.5194212471,2222884.2858985006,"6361 Pine St, City 1860, State 44812"
89054.56539129643,9.272044710685623,3.103811137021955,3.5604595795354106,44615.342201920736,1863015.6664123524,"5646 Maple St, City 1861, State 29983"
45968.58925227362,9.66213326540978,8.663722517761322,3.342770531048397,38516.72138105087,1890996.5847450434,"6875 Oak St, City 1862, State 15010"
79052.42270072445,2.621699347133804,9.569234371872682,4.157028518348927,65220.62829637777,2244078.2143834904,"3991 Main St, City 1863, State 97565"
118620.27655720574,6.258881878890519,8.52510314375705,3.893757242203369,38870.180246761076,2539843.7224176372,"1576 Pine St, City 1864, State 81290"
114364.92598474071,4.4269142577133636,3.911361219092567,5.166692909212947,69383.48250426381,2280533.5129563515,"2214 Maple St, City 1865, State 19855"
33885.63622173105,5.142712611851219,3.568953733886214,6.065756004937553,38099.872900127215,1093912.0252679326,"8556 Pine St, City 1866, State 15544"
44833.333415649344,3.437209743642735,3.1459166786539057,3.485443265936204,12530.382489588894,1044879.8357185397,"4754 Main St, City 1867, State 81124"
41855.589610910574,6.6245768160993,7.401216580796497,3.068605764110087,35580.63131987698,1708513.8910401382,"6659 Maple St, City 1868, State 74588"
95338.1918986766,9.663834825991124,7.407708563019211,5.334476354351711,16851.36956607963,2424111.0752775245,"9638 Pine St, City 1869, State 48906"
103600.67968712506,6.024580802172872,9.908395999527485,5.351600329153908,43813.67653913277,2354715.070543125,"5980 Maple St, City 1870, State 89075"
49216.02296796047,2.6633166511558493,5.78630221872867,6.505656196430859,50053.59138758408,1498519.5189504197,"9202 Maple St, City 1871, State 91130"
75526.74236566461,6.960010667819267,5.323343994282477,2.0797284322665543,35448.29311596109,1872191.462538486,"5288 Pine St, City 1872, State 58033"
105663.272521008,4.721783955610056,7.370974490290747,6.2652033105825495,11350.692899404636,2107881.6147471974,"9921 Pine St, City 1873, State 14617"
95952.13902896256,8.847401516730383,8.779260707553158,4.605010864741785,35461.69090793094,2328649.3357953336,"2385 Maple St, City 1874, State 52342"
78801.34849426635,5.477425186531762,9.557417646661012,5.106510445860494,10294.523957736026,1876146.171317027,"6797 Oak St, City 1875, State 69191"
83131.29214128957,3.542716871537965,8.621869163253269,2.4568572028070736,49338.18710792471,1923724.7962075744,"7034 Main St, City 1876, State 16747"
75752.44922246519,3.5288449815291596,5.986717864310633,4.163074664360228,56373.93461623069,1650775.9166015477,"8845 Main St, City 1877, State 42293"
56779.360618693856,8.150113445769282,7.444399647184449,3.136512036192619,67554.72126975755,2008566.2633681272,"759 Pine St, City 1878, State 22696"
80851.97935731144,4.124700786458879,8.994095287012819,3.271125150412545,14672.136963349667,1995407.9137640747,"6229 Main St, City 1879, State 58056"
91999.67718450815,8.137867153273785,6.434267818182176,4.520475573380137,39607.32180966477,2049184.9553222125,"7717 Oak St, City 1880, State 72136"
108599.06242747269,3.647098486132795,4.516806505937749,6.062279752015562,41889.92888980221,2046781.0801869698,"4194 Oak St, City 1881, State 95890"
87266.22185813232,4.573490949610475,4.188064078235111,5.718904650724281,64960.97469576368,2017281.0082657896,"1527 Maple St, City 1882, State 42958"
98500.93833388422,5.723895779517595,3.001104212046397,4.954999795429769,45772.981638773424,1888536.578650359,"1874 Maple St, City 1883, State 86743"
44406.447145911574,9.545566797547606,8.02766596486899,4.6970909637673355,14458.12696694587,1615690.02278204,"7369 Oak St, City 1884, State 34833"
71540.17269778109,9.453851398030597,3.7776804619219337,4.136530216172449,33362.8360576073,1819839.9760725559,"8347 Pine St, City 1885, State 48374"
30839.845784438396,3.6549750033783024,4.706873697871583,6.863549867806932,47559.56435290628,1305936.7271653179,"3903 Pine St, City 1886, State 49428"
52201.09780694607,4.865752329944582,5.085134320659554,4.800962771171166,50518.48808450433,1553080.1989170252,"8086 Oak St, City 1887, State 28796"
95381.55436017044,3.1951951076301786,6.922659020957378,3.2698319915611105,61099.80990838728,2016298.3053725266,"24 Maple St, City 1888, State 57566"
119262.89562144272,6.079880634507977,5.785700941070385,3.1504539602001977,16732.962789885816,2146336.238608296,"6625 Oak St, City 1889, State 78696"
38926.028962849436,5.684660405557333,7.722717944162133,5.056765153875709,66850.2395391074,1828246.6885958358,"3372 Pine St, City 1890, State 52020"
66134.48842751594,9.20608129960586,3.389470615300919,4.614137636554643,8844.061781013497,1814515.8499148176,"3352 Main St, City 1891, State 77653"
102006.38718292436,9.440043022328581,3.8675743598510763,2.038489014773564,68944.53874697864,2218582.54275058,"6357 Maple St, City 1892, State 42839"
48363.2071166009,5.068539128058337,6.494480524732867,6.150326860978897,60754.86103631655,1896015.696559772,"6352 Main St, City 1893, State 10706"
79957.64543720576,5.9339035441519155,5.358753514927809,5.520611771162173,47917.73087954113,1965954.4286491366,"1929 Pine St, City 1894, State 12798"
95976.41664267074,9.169889993169065,5.070693539259518,5.309146448390518,52774.7075171874,2237109.247498799,"9370 Oak St, City 1895, State 59181"
85438.69052341612,8.45366246196049,3.469196553262659,2.3439032884882947,9724.980384721768,1688402.5059425854,"5072 Pine St, City 1896, State 71170"
46922.22611538746,2.029250490757194,9.27003422323601,3.810279250862457,7696.191088139405,1342903.219547935,"6788 Maple St, City 1897, State 61026"
61984.61118171655,4.56047651346866,7.842730102875356,6.676911303663931,11614.77677583876,1764255.5957849424,"8429 Maple St, City 1898, State 22917"
100541.26060368575,5.374193935489007,3.8513270977375456,6.312946206706819,10678.387953168956,1625802.2901152233,"8810 Pine St, City 1899, State 66365"
79880.38627188149,3.8377302694658537,3.455321704159984,3.4277146893476673,40579.78017551328,1486579.8182940497,"2438 Pine St, City 1900, State 71799"
30470.665218862145,3.59657292716751,9.824107734018702,2.7852944204956938,19003.859162266293,1460026.3550080762,"582 Maple St, City 1901, State 84706"
98489.16840252845,2.3022760527654373,7.768207853076534,4.245439785842885,60913.366418437225,2272790.3678950365,"8707 Oak St, City 1902, State 27193"
33178.02194462152,7.146957800558084,5.922192497656191,3.7791518933383044,33973.66049942469,1589208.8082837265,"2486 Maple St, City 1903, State 93366"
97116.0404458109,4.100082323865325,7.912117285290494,5.411131883529955,50208.18096978787,2198854.106865359,"469 Oak St, City 1904, State 95302"
48223.25041487136,2.4187774274505047,8.294322505361114,6.832174050421598,47436.75104306039,1724437.884631122,"6539 Oak St, City 1905, State 60377"
116226.61321074422,3.847834484224509,8.459735416721456,3.8150072499128074,25790.447530431153,2373275.3917641267,"5484 Maple St, City 1906, State 93536"
63114.6676171876,8.415311622689012,6.345141139571403,2.31112086326121,20805.89227917239,1599937.2785464455,"3318 Pine St, City 1907, State 99500"
59423.84547042712,8.811913453172373,6.009179306873936,6.488070041711926,27259.658544281287,1886983.616417119,"6417 Main St, City 1908, State 15733"
43399.92452992002,5.864529961546421,3.0771965898823024,2.189748651199354,56782.79430023944,1240218.6148677021,"5619 Oak St, City 1909, State 88601"
57504.37939411934,5.328565363269489,9.485899805992865,6.763829485766665,43107.9951472752,2001616.4024258011,"2538 Maple St, City 1910, State 95094"
108898.56856453804,9.822829548014255,7.223155148722602,5.322897140045199,21480.013063746395,2379164.2294145576,"7975 Oak St, City 1911, State 94142"
119670.09038645226,3.6045172767045592,4.422077560329777,6.708446042209745,58160.018798927966,2266282.2604918797,"8022 Pine St, City 1912, State 94264"
63147.85774561635,3.722874262836868,9.437223935950056,2.998298433244891,8559.360097169938,1760376.326358117,"5065 Maple St, City 1913, State 97750"
70374.95678590883,4.334937416291198,9.404523312392074,2.2034989762690382,50446.9193743692,2080305.7375646709,"4696 Maple St, City 1914, State 21300"
94986.38443824634,3.3820585462486985,9.924289150562672,4.441049891382459,33541.552373705206,2248669.0451963567,"1659 Main St, City 1915, State 38133"
109757.62024185671,5.034924785633493,9.118395941972853,4.2531170728506265,52533.87509428274,2486222.381711892,"9079 Oak St, City 1916, State 86530"
83373.99007681057,9.28667381591803,9.984490714740453,3.657461366274414,65284.983215822744,2718383.9858544497,"5622 Maple St, City 1917, State 10635"
65237.31283600464,6.922782725028594,4.712803316862908,6.788282371943487,53752.21636654875,1695510.1759318395,"6422 Maple St, City 1918, State 35632"
67135.96567637613,5.295572388898109,8.89574709639464,6.112918660807161,33727.748095239855,2169385.330233576,"9941 Maple St, City 1919, State 21660"
92605.63318471261,9.475286356569718,8.761198161570352,5.307910106877967,14813.419298402248,2305038.7114127507,"8760 Maple St, City 1920, State 48924"
30289.64372438508,2.3877138598065786,4.6165825145451365,2.8142914581891385,57412.81342735319,1220190.7009170612,"9976 Main St, City 1921, State 58097"
85763.04037138566,3.682209423214891,3.689062843006935,5.671617041092624,34945.85924988915,1649177.7417380204,"7708 Pine St, City 1922, State 82545"
61994.37093972217,6.527108840814072,9.855943595743199,5.63506227349862,9895.301024713437,1883048.8494707444,"2144 Maple St, City 1923, State 49767"
101477.75981493758,6.924420985545433,5.072171860644272,4.125340868080038,51738.60085549629,2197683.345877495,"1475 Main St, City 1924, State 99168"
38369.1575840819,2.316460052500905,9.096242533274642,6.623929548570068,23970.37778457833,1649996.5873692736,"4103 Oak St, City 1925, State 22370"
82938.20402535514,5.224310063257057,3.0288900827222274,2.834889411145052,8177.7349178370405,1506144.90245446,"2674 Maple St, City 1926, State 48000"
73287.56008975115,7.193231718646982,3.1471736505372157,3.3366878120583214,63678.81597331505,1708594.2144328747,"6584 Oak St, City 1927, State 99941"
87809.29733147047,7.584564371227213,6.261099160874579,2.3161216962531683,36401.570986104154,2370835.6368457144,"8954 Pine St, City 1928, State 77216"
35836.82350346715,7.105119220130154,4.671002787545445,5.977254790887938,23262.468456246403,1502791.7721393104,"5952 Main St, City 1929, State 82402"
82198.54086853183,4.564505794887396,7.82888898405175,5.108796930476986,51565.126262519254,2180945.5868014595,"9096 Oak St, City 1930, State 93045"
80533.61291635713,2.748160988783276,6.9589502789756805,3.5747015284062478,62583.65454936664,1884323.0964455898,"2040 Main St, City 1931, State 45617"
80459.40849745538,5.416899571354673,3.54240058215344,2.8190683179715768,5019.959877194106,1405986.3802107768,"3367 Pine St, City 1932, State 88597"
84313.88999368093,3.030035498944444,4.13839807421002,2.200738850143702,49710.392027739996,1612302.73887955,"2592 Pine St, City 1933, State 69527"
90882.1143503726,9.580989268165336,5.7163448904089,2.833727843129683,54855.76011119739,2312609.48843383,"4262 Main St, City 1934, State 66286"
102449.00997126928,5.801366928181026,4.299228447688032,4.266423231688291,18645.282773167044,1780655.3990456876,"245 Maple St, City 1935, State 15128"
54283.864811539286,4.5380733948549405,8.5455564307075,3.2358848450530306,36825.54904166133,1627770.7397292058,"9372 Oak St, City 1936, State 65983"
104254.44691620559,8.1304325689512,5.91249164887296,3.2949108871598334,10803.583429665829,2128885.4266186785,"1779 Maple St, City 1937, State 18628"
74843.01140371083,5.983588740658111,3.6540230678974948,6.377881833338572,53538.74236349759,1830881.2077836706,"6335 Maple St, City 1938, State 69168"
36935.24512208981,4.4802721920996005,6.3904003159048735,4.575688367305503,60084.64120661791,1465260.5893614332,"8986 Main St, City 1939, State 36314"
35269.58363195813,8.495741939126415,3.6358672674298993,5.646259865642073,12032.13272610294,1188780.4164285483,"8642 Main St, City 1940, State 77490"
60081.44868264547,8.937217208008976,3.9025611379387204,2.1785547451407155,58069.91647313425,1859376.1623187368,"8807 Oak St, City 1941, State 28015"
100640.72794003208,7.384065330309416,4.677268824197437,3.8258167783901436,55152.061081494685,2176027.303140721,"5037 Pine St, City 1942, State 74544"
93691.28412668241,2.3757153792613384,9.016693936732429,4.395846736977209,27549.365824108325,1910302.7700255401,"3666 Main St, City 1943, State 85602"
100975.34682051658,6.530583041332257,9.472287726330803,2.9320842760509236,49868.819445682915,2302009.7102799555,"6875 Pine St, City 1944, State 92789"
76554.21507974484,8.106359295978253,8.783804105324483,2.6009577072276935,5003.128053130264,1940457.618259755,"9586 Maple St, City 1945, State 24125"
69617.90981599415,3.0920240966686574,5.338540521924931,6.351518892499213,65566.8475402899,1869527.5299235582,"3192 Pine St, City 1946, State 91234"
43270.72740356556,3.829366011076827,4.9071250877618215,6.697158135498983,40774.91029504423,1481035.7573614614,"7253 Oak St, City 1947, State 25271"
59537.34782483804,9.059960840545092,6.844089835531674,2.394033490227037,45322.026164029965,2007497.6963452518,"377 Main St, City 1948, State 28325"
69061.74295564878,2.1609737748245923,8.052972123731786,3.7450935627122153,48202.86188004141,1647236.0237317542,"205 Main St, City 1949, State 86864"
37974.03867116555,8.021817102607809,9.953609517121224,6.791428140722369,41488.98611919384,2010692.4470073497,"7055 Main St, City 1950, State 36125"
49855.07574400901,5.790186340115383,3.9209949831524833,2.4158086656623246,60689.6526900651,1620253.2297503892,"4421 Oak St, City 1951, State 37440"
83840.27646573649,5.574177270716855,3.345043993166631,5.218206864393631,44630.619089850356,1897694.6220752085,"3974 Main St, City 1952, State 27054"
96209.68028152708,2.0567722599590974,7.860491222966897,6.861106854835028,64004.399430630714,2255520.914590051,"3418 Oak St, City 1953, State 44495"
119851.27602536547,8.555185847731941,8.82558048452734,6.891118342906873,42851.55544521058,2988111.6697810856,"5977 Maple St, City 1954, State 30410"
113980.19982092018,4.878599205092532,8.924441459064962,4.356116654518717,16122.957428736829,2369914.073609857,"7863 Main St, City 1955, State 91273"
87830.86795816725,6.326125050404343,7.749244843540125,2.813745538911903,64381.56612955469,2325149.3796843644,"6065 Maple St, City 1956, State 77239"
67912.32479646648,7.418405490685275,9.67811062883431,3.0104215748871943,49305.787393385486,2165578.748896767,"7622 Main St, City 1957, State 23544"
87255.96282374093,7.621036611503326,6.577033344812108,6.448006975621973,50450.53463831115,2147369.47957333,"7431 Oak St, City 1958, State 59843"
100708.64562722087,9.647840470608578,9.396703588353487,6.558415021648679,69056.31378715411,2695727.866378273,"6067 Pine St, City 1959, State 53489"
40650.257183104855,6.250719625892873,9.77468495894066,5.039398219367774,9887.776023622646,1719795.6980195337,"5795 Oak St, City 1960, State 41180"
66891.44007266595,5.197756407795421,8.930102199021754,5.8308819973495565,32858.51946118614,1961279.2535795672,"9354 Maple St, City 1961, State 56403"
105582.20570720555,9.629629011933662,5.168309942810344,5.699656257352041,20541.200544129988,2047605.4265434293,"8665 Main St, City 1962, State 93946"
64544.96567397396,7.136881880204169,4.373509558192067,5.3091079899455345,45977.72020638771,1638756.9976430438,"9830 Main St, City 1963, State 58669"
81468.5044104468,4.385202850212445,6.836840454872728,6.136384774359695,57442.75944362467,2020357.4060484134,"906 Main St, City 1964, State 57275"
82899.24247759784,3.011713963228569,6.171103252661319,5.427033115201605,67810.19607800682,2047856.2945901107,"1184 Pine St, City 1965, State 72526"
46602.86278202754,8.74043601172145,9.144308395349132,4.670011528737497,34548.746952056805,1945831.7920404798,"1089 Main St, City 1966, State 15387"
62601.189748705954,4.8974528223532126,3.700221697470076,3.184781812940784,56104.184991769274,1535760.2326993449,"3452 Oak St, City 1967, State 43099"
60106.01598677389,7.283757770915449,4.80418042918063,5.719440720593095,64608.35348262467,1745516.2090785461,"9404 Main St, City 1968, State 22280"
32357.703767885832,5.766531354927185,8.26259261163096,4.3671893391913725,49416.15311483251,1653324.068111808,"2276 Oak St, City 1969, State 16385"
32177.258750221972,3.5914382383603067,3.664906514841185,3.4739584200375466,20777.61590923513,1134553.955499431,"1635 Oak St, City 1970, State 83184"
104852.73393081961,6.813492868963721,5.2453508981519015,6.009731378708877,44510.51982200644,2227232.1063556885,"503 Oak St, City 1971, State 35910"
54576.37289755311,2.4854645516054585,5.710087758377882,5.483568001765142,68046.88310811712,1480854.0746713884,"4648 Maple St, City 1972, State 79752"
76627.0889614934,5.306739678969538,7.35815657593883,6.6866978156235,69190.99887600174,2041664.0490567777,"5892 Oak St, City 1973, State 71398"
56885.30162298957,6.372919517309368,4.106928520035552,2.827208200094389,46753.388541590575,1593515.3501313082,"5232 Maple St, City 1974, State 41600"
114661.13206038065,5.4883757929486325,9.024231432447966,5.245946423182466,62654.204261679304,2591186.491328684,"8215 Main St, City 1975, State 36425"
53336.70829791964,7.989377402007927,6.13279564826392,3.22119734044088,18022.708650159184,1602751.0453943773,"7432 Pine St, City 1976, State 76015"
68669.11314650415,8.6233996363625,9.419151983163896,6.517914926508208,20995.10932189409,2110632.8488395195,"2355 Maple St, City 1977, State 53499"
108545.72254361416,8.169944592265423,6.275089395437521,2.497497071283078,66937.69483751588,2455916.2142304773,"4865 Pine St, City 1978, State 64235"
105774.02101126278,2.310503582494417,4.925281812585133,5.280809032224386,13790.299407162514,1764571.9309221688,"7953 Maple St, City 1979, State 72821"
46749.127606164955,3.5530301635677777,3.9928018008137243,5.955428607640149,17421.91847607613,1211678.0567418612,"5272 Oak St, City 1980, State 31828"
102237.89788161394,6.2928600741101945,3.0262156629789936,3.774589201823536,32335.658942803362,1768912.8671623787,"6068 Maple St, City 1981, State 66565"
71236.81980641035,9.47857632355041,6.725102394893849,6.770690396919046,43322.978703967776,2236209.9410748193,"8192 Oak St, City 1982, State 37962"
73467.19848768198,8.679654200416934,3.750096878488464,6.253653422930187,44248.11923293766,1855399.3648676954,"5036 Main St, City 1983, State 12209"
42013.19751743494,8.740276066814413,5.742094345418248,3.473091498424517,23978.440563261684,1601386.3072295499,"9585 Main St, City 1984, State 77495"
37254.13623814122,4.425665550077399,7.124902328659607,2.0377054635799934,64839.90336677263,1429788.3505159118,"276 Main St, City 1985, State 31008"
95514.53762763887,5.4355831766296205,4.929801278318902,3.483285880590304,64481.49399451108,2221602.997601507,"9652 Pine St, City 1986, State 68302"
74681.50371197698,5.765647578527499,4.226570046562807,3.406552352353713,30484.42344840421,1755579.111435124,"1842 Oak St, City 1987, State 87787"
69316.56323536616,3.2589726667992833,8.423051358265392,6.449823037504545,33228.96501296932,1698618.1235789473,"4146 Pine St, City 1988, State 89082"
95655.7405787157,2.2485450419556505,9.627538205971344,6.835605891273738,50662.31259355427,2217373.706562259,"5676 Oak St, City 1989, State 21569"
98896.16090919988,9.575223195684135,3.703082925033762,2.352199929851302,48094.73326592855,2122772.506205077,"488 Pine St, City 1990, State 48173"
44301.73509024182,3.925700685308054,4.089132270695055,4.356474142666584,29849.305972462553,1114400.8553508352,"6705 Oak St, City 1991, State 48365"
84920.26345298771,3.9195912297890505,9.720088600769031,4.741659992648978,31925.876348865222,2111509.057388315,"1941 Oak St, City 1992, State 38590"
42181.867404991695,2.6670324301500763,3.264489552685724,2.4645583066485166,27622.53132240003,1071042.0441814142,"7736 Maple St, City 1993, State 43727"
97623.7577426141,9.428062015550228,9.843426355853305,3.8874885456876127,20300.02545196501,2434766.9791044216,"6631 Main St, City 1994, State 45331"
89125.96406404255,6.637896919518176,3.0325113815949214,3.585412086964753,34778.993590069076,1801096.5980569257,"464 Pine St, City 1995, State 20128"
116095.31589751122,7.336294857002831,9.11568058955932,4.680281771635436,49618.21857366513,2576188.9045472,"7672 Pine St, City 1996, State 67359"
36206.22147207791,9.29261509810442,5.1512762669142464,5.30595449865969,53227.83584542904,1439694.7309492633,"919 Pine St, City 1997, State 77149"
35134.92490361289,4.764961351206316,9.570122007241075,5.517425552482833,55626.78713663757,1897075.3106499098,"9015 Main St, City 1998, State 13391"
55396.83672238801,6.972058489104673,5.2186170204490985,2.683775118066938,29357.580874452895,1644943.2765895673,"1882 Pine St, City 1999, State 33746"
53553.51153623154,2.3103956378310997,7.580144250738392,6.064738509723107,54701.33962852329,1963278.9549760846,"5002 Maple St, City 2000, State 50024"
52228.091916479985,3.4941802258490346,3.5602279883615564,5.392710148953794,5423.560519971893,949988.6248012178,"3844 Oak St, City 2001, State 16129"
111562.9122468933,8.64996644071954,4.696308680176173,6.445374583733598,36008.245951597346,2372317.81712368,"3211 Maple St, City 2002, State 85505"
52459.15798645555,8.134146850706685,8.415755425354755,4.24668029717717,56603.786008624906,1818110.4815783713,"5517 Main St, City 2003, State 20626"
54475.475351576795,4.805141531657175,6.700800975751738,6.469448813610958,45952.90684168797,1920573.234943066,"5488 Oak St, City 2004, State 30937"
98345.84361761673,5.0144850221937,9.495783432509313,6.328870611780377,35814.103070043,2411568.678959825,"2280 Maple St, City 2005, State 85095"
70476.5858205486,6.268435468428636,6.00125985838948,4.192046661796348,46901.730429412695,1763365.587531405,"7306 Oak St, City 2006, State 31940"
99903.95012596631,2.0019280374810764,9.088686560697461,3.905716576464893,63951.490204663154,2341182.02376692,"155 Maple St, City 2007, State 54146"
35882.95418079467,3.929954688304223,6.142688062347663,6.6640600748512835,41814.81703966348,1400433.707883133,"9308 Oak St, City 2008, State 93034"
73881.4074306046,3.6658544688657155,9.854737950913897,5.575823672692188,56986.1024449069,2192732.6661828705,"700 Oak St, City 2009, State 17109"
33025.224016495435,4.003863573998108,9.718840669792137,6.641226732190378,68748.27713963785,1871526.9317330397,"8788 Oak St, City 2010, State 35115"
35638.78831098191,8.44724674026753,5.303956938892562,5.984873894479065,50861.93313491184,1811339.471358261,"12 Pine St, City 2011, State 30843"
111579.37080099699,4.237390852371545,9.201465692917623,5.046487196457072,42266.17465278913,2607998.5862282664,"662 Oak St, City 2012, State 82917"
42532.083400583564,3.5321705764011853,8.933279619509545,2.5792638850188228,7436.586563147117,1371426.0444256081,"5575 Maple St, City 2013, State 81407"
77917.86140476953,6.034107686344252,4.47476278129294,3.4574033628954925,29341.06338654819,1795103.0004875523,"9438 Pine St, City 2014, State 59647"
66998.60423406359,8.925160290981855,7.370032805482888,6.844212035491958,41753.77767848269,2155425.9463425614,"4226 Maple St, City 2015, State 88615"
61260.899363295845,3.930797630699999,3.508776209128704,3.597110493571022,56818.42716089211,1340588.2158091548,"5935 Maple St, City 2016, State 77672"
110985.00111185452,2.6282899423423896,8.856975044084232,2.466274348926854,33476.81132709246,2121571.960828453,"5064 Pine St, City 2017, State 99217"
31964.105709794054,4.851237886797318,4.221821184524476,5.537766779596598,67403.78792471028,1636715.1991711762,"207 Pine St, City 2018, State 45898"
89741.07175580302,7.9812145965198225,3.4957029097003516,5.670021272718421,22666.593920538868,1895346.728054762,"1855 Oak St, City 2019, State 64730"
116705.49907921953,6.405524357558357,5.801533668771678,3.427288601435754,53396.86768867057,2421234.8566100253,"5265 Oak St, City 2020, State 28044"
80415.13651156577,8.53434695659478,7.038454970197504,3.488359896731519,32237.042110468286,2038576.686778785,"8085 Oak St, City 2021, State 25712"
114314.02158297827,9.676737180873872,8.984418709918398,4.344464927543919,36589.25214678388,2605016.5887552504,"4980 Maple St, City 2022, State 84012"
34703.20913574214,8.341299814012936,9.819697678652155,2.1089447488112776,57162.63220125362,1901480.8505842942,"719 Main St, City 2023, State 26641"
67691.39871667454,6.830424630750027,6.076447587989046,5.946615051805818,24253.99200736086,1777609.0318097274,"4906 Pine St, City 2024, State 94517"
53414.2011865846,5.946732704419044,3.4231284608968915,3.585443936370628,11292.783678684304,1120030.86733993,"8013 Pine St, City 2025, State 58573"
95773.88684826568,2.3205526907861334,8.243809053181096,6.268815510009888,38816.61299987276,2015086.211830708,"6799 Oak St, City 2026, State 64376"
118316.7381447522,9.874575830512331,6.956212793567563,6.013152108000169,39371.64976724367,2681434.4599759905,"4618 Main St, City 2027, State 89601"
53087.7056199823,5.06784898060034,6.135239413911242,5.3070101655939155,56815.90519464929,1680309.420373562,"888 Maple St, City 2028, State 99201"
88875.7141326667,3.2178257113349344,5.164882151545328,3.6243743354964435,67940.7484050866,1913844.4593101572,"745 Main St, City 2029, State 29820"
47828.78694837661,7.333670843171654,6.51678969490475,4.58158280830585,8594.544611342646,1570227.0995903388,"5164 Main St, City 2030, State 67554"
80879.7229114449,4.274306312763675,5.370757231199216,4.224146287989795,43459.81579330208,1827501.5957366463,"4065 Maple St, City 2031, State 61108"
71753.92380195027,6.686226167448381,8.299083074231522,3.694409431243371,49283.10447046199,2187682.9037515917,"1703 Main St, City 2032, State 14214"
117480.47966683834,6.69414326275673,6.8072558754484875,6.240681446515891,69077.08779865391,2476828.730723992,"8678 Main St, City 2033, State 87038"
84767.45454268198,5.565838567222953,9.137934419078784,4.417535372888326,66268.36392799925,2377894.3804952786,"5128 Pine St, City 2034, State 52026"
61455.57348781369,8.688948924360341,6.8048074025460945,6.163615488985732,51309.29970627854,2110345.5158527712,"6538 Oak St, City 2035, State 59349"
40268.62063991401,4.119736492443544,4.66783689337951,2.5260923707091214,38916.31173089028,1351049.4901675538,"7632 Main St, City 2036, State 37947"
43612.21458614411,5.589060732941873,8.957643175625012,2.705123943001679,15499.054949451982,1449543.8696543588,"4964 Main St, City 2037, State 57197"
50278.52369561116,6.301537028727772,6.900533314510307,6.886601525564884,29971.47608828713,1751842.1015964067,"1316 Main St, City 2038, State 69916"
52586.99952062682,7.308997766138397,4.447887267004929,4.938842313030448,43032.95112871503,1782088.4845479229,"8103 Maple St, City 2039, State 31246"
106555.4452057024,8.271774804044716,7.364554669693555,4.5488483674952445,52138.025778724,2455551.0938375588,"9374 Oak St, City 2040, State 17747"
80510.05094542724,5.1584582630260485,5.504017354596993,4.615780315720558,46300.97123614229,1921672.5468220913,"8449 Main St, City 2041, State 91132"
77105.18202369298,7.168375552772768,8.91083928604446,3.0763438701642993,51417.98211880318,2269757.526916588,"1668 Maple St, City 2042, State 81949"
40329.19846822957,3.204887624548153,6.173098170525799,5.593519747509865,32894.912795873344,1287117.391516604,"2649 Maple St, City 2043, State 51596"
107412.57240144914,9.46118480433983,8.085089506751917,2.423903118648772,52295.77388711559,2711570.5606666747,"8200 Pine St, City 2044, State 33999"
95053.28728876353,5.064470451368028,3.66875345345366,4.866618565515116,14343.181641281748,1764921.2166010824,"135 Pine St, City 2045, State 74303"
36090.152571000144,7.8361713758115075,5.772170424116423,4.853843982929507,15568.110264602381,1489889.8806601304,"4121 Main St, City 2046, State 65257"
93705.15875067918,2.162728655057421,9.88269005530679,6.570942120667555,15584.089478915083,1944649.1978977546,"6848 Main St, City 2047, State 65697"
78918.43956083815,3.641497143238456,8.65922202634004,4.630914050524302,62906.222207325445,2196910.027251195,"6033 Maple St, City 2048, State 54917"
37355.28111721004,5.896660354588624,4.1195856165685,2.6853134798708975,9942.214115061242,1178864.1873363585,"1233 Main St, City 2049, State 69024"
71247.05773757907,9.026019741858772,4.944348346340785,4.863766296240813,57098.04422767593,2153141.7749738023,"5654 Maple St, City 2050, State 65078"
73622.66584170423,6.218041199605417,5.308710661994528,2.456638221826662,20182.108373037914,1615308.7384464296,"4090 Maple St, City 2051, State 75519"
44919.70861469481,9.438963858351032,7.55255892346812,3.0189691764996085,35447.9461321913,1694392.9659380498,"7780 Pine St, City 2052, State 53748"
115112.83323002541,5.870375172662371,8.298963316427589,2.155542920937081,64537.17870526907,2427692.4379246044,"7091 Oak St, City 2053, State 61996"
106497.78343325958,5.9235927738875995,8.246686261655368,4.566467912297492,43085.91992968794,2322818.18747604,"4302 Maple St, City 2054, State 55638"
90212.01035961974,2.957974308004255,6.5691183941448195,2.422663076467862,18657.64960510331,1629631.7790344106,"8889 Pine St, City 2055, State 37980"
71606.60049005464,8.421249953217758,8.675743764867057,4.346971892656645,23465.853920722464,2207942.43251071,"4304 Main St, City 2056, State 37011"
67058.89874260576,3.9757232997365,6.059546579302325,6.6647251766207205,64829.03055322607,2010995.573114987,"9703 Oak St, City 2057, State 80498"
88587.61204358588,9.19689991497852,3.867163957068933,5.59880706509666,32764.355132148594,1967301.0502499368,"858 Oak St, City 2058, State 75158"
79088.86824662148,9.286593762643168,6.9510928915766925,2.3870583711264652,43154.056395441316,2059411.8428270896,"2393 Main St, City 2059, State 73636"
35604.57952936971,9.546480894993199,9.666109692207748,3.121049061044216,34895.59278065027,1693219.8598226234,"6772 Pine St, City 2060, State 63434"
76125.23838932985,6.16184391282472,8.550955559747578,5.368312099467171,29598.475723149222,2132058.8914444624,"20 Oak St, City 2061, State 12420"
102576.32555095556,7.416750278269155,7.050904533845697,6.473509305120919,19513.143250606125,2417788.1384199113,"7924 Maple St, City 2062, State 40134"
71331.58898372622,8.228127040493309,7.527639622443679,2.164592933819769,49602.447531499136,1976163.9656035553,"3134 Oak St, City 2063, State 75370"
34676.09197988416,3.048116949203725,9.513934189249008,6.06225565860297,51685.731707687824,1688899.378117837,"6766 Pine St, City 2064, State 91671"
100765.03794456298,6.807657559979978,5.998399561044724,4.809069401691543,22867.530954480968,2129944.1052829307,"1419 Maple St, City 2065, State 55231"
48122.7403922377,2.2743832104264934,5.3197589725984615,4.730456626481963,56285.70479856397,1616311.341099848,"359 Maple St, City 2066, State 11562"
53275.87513992349,5.980528667109807,9.840690955003144,6.789065913766789,60544.788019609165,2145414.000849536,"4387 Oak St, City 2067, State 62962"
44823.57180890663,3.2387414529618193,9.044101934572334,5.738223062983865,64843.88125557597,1849610.0352729913,"479 Pine St, City 2068, State 10263"
59719.35583843478,3.4633834076966776,5.2613050923302165,6.25059434028056,15478.806904694045,1474110.8510034664,"7103 Pine St, City 2069, State 16646"
98107.63551197715,4.920380533540812,6.246464181526459,3.7699778477233337,24755.039434862316,1821183.7982345733,"9754 Main St, City 2070, State 36012"
76744.72735535436,5.459497333732024,5.905546903054594,4.771820204142049,60922.96758774022,1815956.271164488,"2006 Oak St, City 2071, State 62292"
48439.314673564135,6.985379396257498,4.043669750700038,5.077028387138854,17905.113183813108,1318192.5972262633,"9100 Oak St, City 2072, State 51897"
109004.70703368368,2.5954273475081253,9.704735266692813,3.6079197018123255,5225.449850827199,2231851.1567599108,"3719 Maple St, City 2073, State 81385"
109162.36694563762,6.029534089899557,5.830187018538312,4.851240624736997,61603.775166356245,2279535.722953711,"5607 Maple St, City 2074, State 23807"
108352.05825414062,3.461001042024809,9.127303578465355,3.183276897398569,26219.21371383901,2160388.891530798,"5306 Main St, City 2075, State 56062"
51491.659024338536,6.591801400253935,4.325493593764655,2.7168783553411977,31942.33913403175,1377046.7336732724,"8899 Maple St, City 2076, State 82111"
70611.54097628893,7.099236898089468,6.835095674460538,3.8698512963866634,34011.71167184147,1880273.3180277452,"4132 Maple St, City 2077, State 98080"
118649.06905267875,6.453674052422831,3.167729695869889,5.696448143732185,60137.84904336985,2404386.251756499,"6658 Main St, City 2078, State 49260"
99481.12286789913,7.906364083826461,8.34954338689616,6.580935740369438,26962.989398574926,2375216.1844562525,"5500 Pine St, City 2079, State 39317"
32445.067910300382,4.684873953927211,7.066397287723949,4.288570257491163,62998.19258067131,1489024.4899078857,"3940 Pine St, City 2080, State 91242"
35868.413213444284,8.120852733065046,7.379127084288269,5.214118441377158,45101.04397312312,1739510.2715458504,"3675 Pine St, City 2081, State 68357"
71753.82391310995,5.462136653665549,3.3620461778825743,2.5151856548755025,39273.637062189475,1706940.8815783495,"9155 Main St, City 2082, State 98601"
111829.81852754041,5.873475986580774,4.477268311460308,6.522318792761643,26164.94296328506,2046365.2562269804,"6000 Maple St, City 2083, State 22034"
78483.16181574427,7.184817018088571,3.520316106475061,4.843021067849672,20841.260258277078,1557094.1900636572,"816 Main St, City 2084, State 49735"
74803.12572308612,2.1468670719937917,5.0224002106266825,5.901691238125785,45563.798780527664,1611937.2317540555,"1211 Maple St, City 2085, State 64607"
39492.632996096756,7.231953771361987,7.392073053775057,5.972206004606969,34048.12040367744,1710173.0186225113,"555 Main St, City 2086, State 97785"
89110.20942518646,6.948681192576923,6.963301890221627,3.2824026318405295,64183.54064558041,2283814.1823640927,"6219 Main St, City 2087, State 39496"
103989.2844540203,4.478776934026239,7.285048751293732,4.645872265909247,36956.51654741324,2271482.6999275815,"4303 Main St, City 2088, State 17852"
64237.800675680606,2.686354279195916,6.84475889964526,6.8023987578048875,38266.66958557742,1615110.0159540235,"1265 Pine St, City 2089, State 57678"
99805.06658327948,2.727483599304329,4.911201569731015,2.448172724104139,32087.01327384005,1666116.6860229096,"9086 Maple St, City 2090, State 20364"
116802.89885107304,9.385789975881828,4.711552481410976,5.415249490147817,56302.094804433524,2425884.418605553,"2305 Pine St, City 2091, State 72176"
48338.981321492014,7.514234569806697,3.9594177847560688,6.81132039017586,32614.547877102577,1611716.6180462185,"3959 Maple St, City 2092, State 48304"
77099.66680752672,3.016820910165923,8.943496124324444,3.502885540270111,22507.22998373407,1728939.3298910672,"9431 Oak St, City 2093, State 90509"
55842.4162276118,4.853785354471251,7.315355509788711,6.3072396070217405,61032.006829078135,1819986.4020970508,"1818 Maple St, City 2094, State 59724"
101356.89771304555,6.739863951212771,4.305577087528418,6.668287727041358,43793.834388740615,2054751.7725071164,"4464 Main St, City 2095, State 48088"
81983.40292930417,8.68457364072519,4.240465658748676,5.735431046974125,43448.16428498511,2076778.6023997816,"7749 Main St, City 2096, State 59902"
87112.41757952733,2.3492874297040682,9.111249210682956,3.1566415615347916,44703.443465655226,2088531.0243758769,"2812 Main St, City 2097, State 33738"
101812.27436543046,3.893065051760071,8.199116046343235,3.6700035941329694,51724.58363336834,2327800.1420455896,"3555 Maple St, City 2098, State 78524"
65637.34253962093,9.11799192236304,7.615793559337599,2.1790464720886535,25349.419305316846,2047522.7943739183,"855 Maple St, City 2099, State 78915"
112358.10615663389,2.073324401470532,5.848048752775099,6.157266171226776,7199.884104145185,1885243.5780104944,"194 Main St, City 2100, State 35322"
77972.5980521526,3.611192822351099,4.8338289499496225,6.2480559325554,57688.55545700563,1704135.7774113729,"4962 Pine St, City 2101, State 32016"
44215.93405518132,9.672193407783727,9.856155341789766,5.163551549830963,13378.828502306433,1817965.76550594,"8342 Pine St, City 2102, State 32137"
92630.92063519222,6.907214772177369,8.580677025159602,3.7626392563192566,51918.28291868537,2146783.9427506793,"4898 Oak St, City 2103, State 31716"
101393.5215394429,4.093370933100052,5.112454561953935,2.384055138199603,10350.494388676369,1704997.5701284972,"6535 Main St, City 2104, State 48558"
58508.5509360774,2.535928755166781,8.932953573949462,5.765288049574547,29395.009731851987,1708029.6616983924,"674 Oak St, City 2105, State 93280"
107146.13312988776,2.2255307235777773,8.312523640302771,5.6326309680496145,9096.694539049986,2140957.501119232,"3068 Maple St, City 2106, State 44212"
111552.89292891897,3.957960637095418,5.0795638491459885,6.563012608694505,38943.8891758021,2113093.3149331454,"5488 Pine St, City 2107, State 78889"
54921.4038640028,9.051886556711285,5.985869979691477,5.652660105026811,47453.82523080238,1838494.0497214657,"6381 Oak St, City 2108, State 97980"
118516.93254436998,5.327309234380076,4.301674117737186,6.143474711220009,16143.15417658224,2049088.8561851315,"7213 Pine St, City 2109, State 65012"
42664.03752438826,7.762666953327944,3.7773671106467654,5.729773089519997,29155.795198496136,1330737.9120686254,"1771 Maple St, City 2110, State 88272"
48181.4101562241,9.346280283039661,8.059334229877877,5.1534359415615825,65465.56691779848,2178346.424015423,"9895 Maple St, City 2111, State 89532"
46580.23553142235,5.264323692822533,4.872583001477066,4.134831970955046,33755.29261198469,1333055.0459811394,"8767 Oak St, City 2112, State 65006"
110459.07390070833,3.5302189682991765,8.740415560223775,6.510586543211389,57165.331983476186,2347486.061260077,"5915 Main St, City 2113, State 47411"
88886.32970924657,6.136943446855356,9.969260980600982,5.254842859537349,65267.00842891359,2559019.872484747,"8581 Maple St, City 2114, State 23746"
43689.385490004555,9.264669496478835,3.536338697507541,3.9917766098295453,68332.47862352362,1701866.5377734802,"1753 Pine St, City 2115, State 43428"
69629.10765315141,8.434995313101606,6.311245875585902,2.417346475909786,63390.931279939,1840047.025054554,"5616 Main St, City 2116, State 74712"
85376.82225628218,2.5266387469052303,8.614437915175621,3.4535242795219103,25631.346395332992,1986517.8169554772,"8489 Oak St, City 2117, State 33354"
37511.767649044494,7.5405824006206545,8.522656275788634,4.718633674150824,67567.23760047754,1839195.2329020752,"6871 Maple St, City 2118, State 16777"
109417.47315666049,6.57518017967163,8.31998010831678,3.3781768500809726,57805.69071349305,2441495.455529032,"9477 Maple St, City 2119, State 66067"
102324.31818973817,9.259705410771403,5.442964547113377,3.1061767395895106,59416.4129365667,2330634.9938449347,"9067 Maple St, City 2120, State 23029"
75468.60962189744,2.979851334802378,6.176972789795366,4.636967570439236,5986.2439711692605,1625539.2213734284,"6114 Oak St, City 2121, State 12940"
117041.39537332534,6.272288905637253,7.164778501390292,2.849101729478673,67025.52611568908,2522359.2790578976,"6290 Maple St, City 2122, State 74556"
67598.48813475898,9.035701548095139,9.8175840850128,6.0020503166255175,55575.864550168146,2366135.684712377,"6406 Maple St, City 2123, State 27886"
118569.9287132848,5.280190293933944,5.29283089656945,4.42184075671329,54917.8872730135,2237915.5997299766,"746 Main St, City 2124, State 11508"
90112.79989232644,5.8559593418629365,9.462007214018005,4.869313869813251,10299.107510358106,2189683.5661405846,"1771 Pine St, City 2125, State 44729"
87120.41459285474,2.5636854213356663,4.8854984272634585,2.7369163379867425,20116.95516976653,1561081.7734304194,"9788 Main St, City 2126, State 50519"
44935.94057662065,4.225149123591287,9.923521258315933,3.622881678146837,67547.00823396345,2081455.5000378601,"3659 Oak St, City 2127, State 98529"
109373.49824741796,4.596053193351579,7.691845807793142,4.050448416305764,37544.00986235596,2306759.709563153,"466 Oak St, City 2128, State 35808"
68474.07191285536,9.560979589959096,6.244580362509857,6.041064152582515,30860.771185421647,1905550.3456328455,"8337 Pine St, City 2129, State 50284"
44601.00652042314,4.261338884329272,7.293732996445234,5.850797615430762,59596.153114549394,1668320.3480346184,"3049 Maple St, City 2130, State 96059"
31134.676797818312,5.686949882157216,4.907718183281448,3.114887373938407,10677.126917406382,1139963.1902797264,"4203 Main St, City 2131, State 55205"
80378.01152745442,7.370435388514238,4.919217002580266,5.080895408035039,32101.231057618854,2008715.3839428683,"7774 Pine St, City 2132, State 18301"
77465.96599104087,3.297466979263019,3.7948818069044568,3.217281788859988,29420.550337435434,1627855.2596901066,"7504 Maple St, City 2133, State 42629"
94741.82601322427,5.891539097134996,3.7983520839377913,6.941235778451227,27740.34015697553,1853188.683805874,"4820 Maple St, City 2134, State 38999"
110123.2247716022,7.908312315807261,5.433702190282379,6.7606193906543535,24999.995837449755,2165799.1779769105,"862 Oak St, City 2135, State 84188"
37146.59261787266,8.934841704216527,8.339988345274602,4.816323602603102,18654.872191355073,1617021.3839257706,"1105 Maple St, City 2136, State 92663"
95834.68413063261,7.010074197299414,7.255798173187138,5.494512859470715,16239.202194383943,2160588.677503887,"2411 Main St, City 2137, State 56536"
46867.0749687824,7.352428122535583,3.7180919223171456,6.007151911043225,46626.397599778815,1777464.485851915,"4994 Maple St, City 2138, State 11833"
107235.93478414476,3.0102677806765517,8.965655674831376,5.6049921002245195,64760.6646785641,2485987.6876868517,"886 Pine St, City 2139, State 13604"
103715.71624754905,9.566211977970777,7.2095733889304645,5.499143455412105,38075.356941242295,2288193.46818864,"5358 Oak St, City 2140, State 38932"
78671.437948699,3.060592619875859,9.72598903749346,6.792770039747641,24368.345902531877,1970847.5538607482,"7090 Oak St, City 2141, State 11596"
93921.85187609804,8.197383497454386,7.691298271878453,4.982280531536416,15345.412851944711,2128195.6154053006,"9864 Pine St, City 2142, State 40733"
58291.51018653736,4.1185305742265506,4.226224045929267,5.181513359095279,58959.31872841863,1494981.296654503,"9727 Oak St, City 2143, State 19142"
72405.11090395332,9.468745149610012,6.316483536154756,6.2463437521909055,68146.9836707589,2192142.897838514,"2493 Oak St, City 2144, State 68075"
103947.32079394245,7.759676314955836,7.539483182830429,5.349454339292034,27695.10109541037,2366514.300071458,"4334 Maple St, City 2145, State 59920"
71333.86774558926,8.03050970382695,3.197852907349844,5.664663110087613,23911.77766088838,1728389.2937745627,"2857 Oak St, City 2146, State 66057"
62201.843879289765,3.7524733844790665,3.1043718490836554,3.1708434309832123,44097.04194337119,1482778.7176815602,"2122 Oak St, City 2147, State 91193"
74479.12025252699,5.5443198130812865,3.9058210041899755,3.8563346205753546,55396.38376197267,1779565.088246374,"9927 Pine St, City 2148, State 75549"
104542.43271934966,6.942505556714291,4.761651045318295,2.736506728559465,34601.182230728184,1833167.7776322155,"4708 Maple St, City 2149, State 15993"
60168.72426337855,8.159788945652807,6.006843864644729,4.528827211674027,45954.7547409617,1750132.3303899022,"2865 Main St, City 2150, State 42137"
45638.54338221694,2.8316750072991166,6.412083316318519,4.278637003401231,51575.68942151397,1481364.0030162944,"7606 Maple St, City 2151, State 11104"
94081.26182977027,9.698922531636228,3.9661932625652776,6.985814071397284,67438.49871065165,2304549.1071566613,"2813 Pine St, City 2152, State 59803"
104338.03914372736,9.121765364436449,7.713741053810816,5.056043264077712,15727.42648380542,2433028.210292945,"6629 Main St, City 2153, State 72774"
39057.373067118,4.162788723964675,7.172966431875744,5.932224115972117,69829.86209864901,1703984.9330135593,"7832 Oak St, City 2154, State 63696"
51588.670148035024,8.582081944258656,5.061248691888121,3.670073353788271,30490.18259067987,1617514.5329977477,"6429 Oak St, City 2155, State 20313"
42777.47907848945,6.1465913843185875,3.095619184047044,6.157726656713983,52008.009277225996,1451305.4771260428,"4141 Main St, City 2156, State 12792"
61314.727042394996,5.694451852496149,3.543535407473035,5.075424832438417,42206.93456824482,1519147.9395828566,"2724 Main St, City 2157, State 77558"
70531.58810148714,4.515472846491243,5.741863428575876,5.4849616579921925,36633.4601055746,1746843.2618809238,"4671 Maple St, City 2158, State 41041"
97394.37032669758,6.64774869305274,4.077820458159787,3.472153889747272,50374.89896755312,2101179.1040037544,"604 Main St, City 2159, State 17150"
88603.28263935067,7.839112941628782,5.6377372430357955,4.743191958477886,30724.000264533683,2016532.1231164143,"6897 Maple St, City 2160, State 32346"
85883.5710730588,5.287463239702066,7.397278231572486,5.170184867068043,13197.148786892416,1933061.1485095653,"7979 Pine St, City 2161, State 13639"
61713.7451948689,7.033753544066337,6.830661995154985,4.945473379082905,36778.06990288058,1844174.0991745756,"8783 Maple St, City 2162, State 76386"
105730.2797776284,7.59450336924243,4.618231181961759,6.575968557122833,38924.53159435071,2328165.5568599016,"440 Main St, City 2163, State 82111"
72415.84506583482,7.688974536122287,5.406757438811267,6.491363322462767,18123.63997099605,1715701.5394152831,"9858 Main St, City 2164, State 40249"
118119.4444213639,2.415728785049442,7.298218389140555,6.854920289384353,65815.25816136271,2598146.943564819,"5194 Oak St, City 2165, State 27928"
87072.79244661631,8.877982445480535,9.025985196304141,5.337140030034947,19785.917032008932,2178111.463054063,"1906 Maple St, City 2166, State 54639"
41363.82674080525,5.6660265181203835,8.27249407117214,6.859570650628423,31599.79361546635,1657103.1804712513,"1816 Main St, City 2167, State 70660"
90855.98058678905,4.0993286535697155,6.873800187833904,6.162390000159545,15070.429644907015,1998127.9287739422,"1451 Oak St, City 2168, State 81384"
59259.36138885291,3.9341160598374527,5.536050988215403,3.3541607016997963,39826.78200215137,1634973.896546752,"8366 Maple St, City 2169, State 93042"
91769.44770174877,5.864112902751604,5.555358942792639,4.137178347756485,24996.444526505828,1764076.508943854,"7285 Maple St, City 2170, State 54738"
36267.70333461652,9.094652315751674,9.155921171850773,3.191962210945049,36802.71379844546,1720385.5918776807,"5353 Main St, City 2171, State 86149"
45739.32934583635,5.026780653461175,3.274705032283825,2.020985804152826,19600.099569783124,1157123.0816348135,"4838 Oak St, City 2172, State 65463"
107016.35330152076,7.9978059742683465,9.915878510941827,2.940243765734543,8495.383316666524,2628450.280935719,"9885 Maple St, City 2173, State 54891"
50446.16013211634,2.774549847897749,7.650627875960936,2.0203029314343786,55649.73232034659,1718723.351437558,"7509 Maple St, City 2174, State 81129"
105333.7012718646,5.808453617208494,7.767963893506733,5.59919230675245,46670.60845737779,2341715.911585891,"5311 Main St, City 2175, State 84295"
55134.847960896936,9.933489123141886,3.265984861133195,4.127671488605998,27148.058121215836,1326959.2461134028,"5639 Maple St, City 2176, State 94958"
87859.37190528368,8.163502422338695,7.238704924238905,3.562873635389291,8087.124604350945,2021351.3396344332,"2304 Main St, City 2177, State 61290"
92473.55161588479,3.684227907524904,6.393446420633129,5.8086044554759395,61262.37907531286,2137222.3345912416,"2197 Oak St, City 2178, State 10461"
76138.92778305477,6.011531789583286,3.740452348258469,6.162433873098225,16036.675320819157,1587988.9338591516,"3821 Pine St, City 2179, State 14732"
57477.96090270582,3.8689981091885324,4.945454075385514,6.8764976932494,65498.24418829282,1612579.5932016121,"646 Oak St, City 2180, State 32398"
49137.99387339865,5.276487418100074,9.232201193495559,5.210067923376206,36108.6996087373,1846542.4668957463,"9589 Main St, City 2181, State 55245"
32987.04191061836,8.240672189879717,6.84991891106167,4.307644792700259,27125.136144051445,1460526.4465969722,"7916 Maple St, City 2182, State 85298"
57355.17611166515,8.16979852232323,5.8939160262173615,3.5263215080371797,53214.36599791265,2012661.310641753,"816 Oak St, City 2183, State 18040"
88784.65114781547,3.824803023219081,3.5087750908856767,3.1115910460711316,61994.561394887074,1914783.6880199139,"4899 Main St, City 2184, State 43897"
114447.43366036344,9.37778654523888,7.9988506918161395,3.064629752413006,29096.381636971197,2556483.783127392,"1798 Maple St, City 2185, State 28868"
108408.40340367469,6.7405454621186145,7.9199557637722275,4.045946873598994,31477.34389106217,2342443.950819669,"6224 Pine St, City 2186, State 27072"
98945.82988817724,5.039394327696116,7.298305248807945,6.958931776439649,33155.28425756782,2133820.4010908864,"8768 Pine St, City 2187, State 32815"
100960.26089279688,6.015484646246885,6.571838523544544,2.0042684871870162,64950.998996113485,2218928.2543309643,"6002 Pine St, City 2188, State 38897"
89848.64131283958,6.84057002750195,6.036490815451609,2.986029486155004,50016.65944843162,2227028.075087158,"6422 Maple St, City 2189, State 54830"
53425.81718094027,6.479124254766283,7.152897650915946,2.9419649120178692,21096.99760796761,1711055.5378650296,"2840 Maple St, City 2190, State 78061"
111647.55276352468,5.891240284289426,4.633768162098847,5.585597427661462,17024.98033762866,2054801.047183259,"2018 Maple St, City 2191, State 54568"
90365.90807152507,6.039462432715201,9.588813449243535,3.762423637990309,19973.898122613045,2277876.911460028,"9244 Main St, City 2192, State 73607"
80439.6567882396,3.4112952834230894,7.121561704261607,4.2863040229591025,22131.652797058632,1838494.719406628,"7525 Main St, City 2193, State 24350"
39989.052229213296,8.501863234437435,5.178347110480636,2.743120652349525,19961.9269367101,1460982.461095179,"6449 Oak St, City 2194, State 82302"
70234.9989425783,6.334082559528123,6.1477589561961015,4.024985194384739,47802.91906750575,1968695.3109661017,"8712 Maple St, City 2195, State 17353"
71432.24440817337,3.0486388936376247,8.639793522138246,2.51599905952918,12535.678192737912,1747798.9977667157,"8579 Main St, City 2196, State 83203"
107810.7248570403,8.129256812662224,4.131312425112082,4.665216439442916,30178.30183101745,2191778.2325611934,"14 Oak St, City 2197, State 30570"
79198.33981690096,9.459551827018807,5.049849357221823,2.48969182691428,45628.48224307382,1987920.8090839444,"3476 Main St, City 2198, State 59155"
64236.04940733687,9.578455193895696,7.756556159155888,5.952541905865781,23905.898306290506,2014500.9128890403,"3291 Pine St, City 2199, State 71282"
117912.02956595934,4.952141859289382,5.2084244453755675,4.833008587702448,9242.835005607772,1979789.489019205,"7931 Maple St, City 2200, State 89581"
39964.85339936841,3.0841349884860323,8.547511773030262,5.619839368867584,10318.554984987939,1391113.2207042782,"4827 Main St, City 2201, State 79509"
68029.35854807502,6.147197013064521,3.913174410241526,4.0925819332634195,13187.84045980461,1328907.0050060707,"9835 Oak St, City 2202, State 98507"
33782.22076542648,2.9008738347937655,8.33880319318226,3.9074564662111366,59329.79661643009,1472648.8372358517,"6378 Oak St, City 2203, State 69039"
96591.37086902373,9.471899348100937,3.4784620039539638,2.491044445244318,47761.12786432303,1937237.2561323277,"1387 Pine St, City 2204, State 63944"
112626.88969792356,3.468637018841168,3.0881482886724636,4.619278035214113,9193.95672134691,1680566.2160798453,"1198 Oak St, City 2205, State 91058"
55203.35965954405,4.022126879609313,9.287564631825134,4.57251082428546,30419.47714484229,1941642.2426385214,"9180 Oak St, City 2206, State 29343"
107250.75091192088,5.253092215079763,7.06937451852609,4.340510222248026,23108.036235059266,2130711.373642644,"1262 Oak St, City 2207, State 27924"
56299.640741570794,5.065315748473006,5.462788279607681,5.702591823412247,42572.60725587201,1661402.7371781312,"7898 Oak St, City 2208, State 74407"
111969.31454795237,8.357303139183113,4.628162458746953,6.162522000161772,38982.386728700374,2314930.857237983,"5664 Maple St, City 2209, State 81856"
97856.57132371055,5.650534564407699,7.318200482825713,5.75394837474254,36273.06151903147,2359290.330205218,"7668 Main St, City 2210, State 51573"
102441.60991572948,3.366146080026695,6.563015284757167,2.7193287140342193,25443.304074219854,1869002.4623467997,"4235 Pine St, City 2211, State 62625"
31620.590004040903,4.137679163888593,9.941184428709896,5.110297546410541,13956.985182859398,1519226.2568124374,"1290 Main St, City 2212, State 88395"
116652.93213666233,6.072907081500176,9.88251190657622,2.401615528447667,53254.46488672147,2588476.481077349,"5680 Main St, City 2213, State 23096"
95400.3892863291,3.179631339409079,7.445171962991267,5.473111437202382,62190.68997477253,2297399.4954404575,"9179 Maple St, City 2214, State 76559"
57427.598584752,6.893245405168113,6.1000935427412335,3.9091954828056332,66369.80910013313,1990481.2188855046,"1544 Main St, City 2215, State 35848"
104645.51983729622,6.525978452409167,6.437986783942635,2.662494781331433,8810.23308988273,2059177.4545675823,"1780 Main St, City 2216, State 58548"
55336.9078573437,7.717618531058061,7.7773534636580335,6.310254284880639,53094.06625327739,2139507.179437977,"8000 Maple St, City 2217, State 22536"
108547.84556095152,9.50163692303494,3.7110218096476695,5.070041695194687,52222.72486145256,2288423.021343078,"3984 Oak St, City 2218, State 90117"
40132.23513707433,9.298036488809245,5.298464516675027,3.7736248397376375,66562.1249194633,1718860.382172971,"7386 Maple St, City 2219, State 32542"
93331.73797147162,9.56860494455065,3.526905687025227,2.1536358982524977,21439.448642354753,1983578.8107221778,"3840 Oak St, City 2220, State 45504"
78662.86289804193,3.9577247761896075,3.513525316618437,4.686551295018052,53241.63748918517,1721163.386939222,"3407 Maple St, City 2221, State 63784"
38688.10231758967,3.052522453114837,4.370874693259636,6.616129392431163,8550.708769821496,1056861.4803236937,"8684 Pine St, City 2222, State 53299"
51770.44454329551,4.418213603971588,6.396772782152588,4.981899163511828,46030.971849505244,1729710.8761690578,"8784 Maple St, City 2223, State 66039"
31116.36326495833,9.160681382130516,8.493420248139525,6.858253023097466,27805.108563391685,1772595.1920151254,"1493 Pine St, City 2224, State 10682"
72189.11689180552,9.776427796987907,6.3984712381611075,2.6822555913522925,54979.11357058588,2044871.141141417,"8821 Pine St, City 2225, State 30866"
57113.87346840004,8.874599608563809,5.348336273926089,4.841525522974184,61114.778618300574,1982855.7126269774,"4748 Main St, City 2226, State 54714"
83852.1735867983,2.880141769020349,3.576470932357307,5.990625240032148,28713.367744138555,1583048.8807447508,"101 Oak St, City 2227, State 89021"
56751.40269377555,9.579423984478346,6.852068662281907,4.627703655628581,39163.096025454535,1968193.1625443844,"3773 Main St, City 2228, State 15334"
56992.72003562862,5.386864218806288,4.898880105382237,2.455331779937363,12631.264053633993,1434191.0518005504,"537 Main St, City 2229, State 84046"
96887.3878858443,2.0744823260988294,7.304539245420032,4.9144300077360885,32098.95273952598,1886594.4907994613,"7517 Pine St, City 2230, State 66660"
34332.85523805181,5.539149925985549,9.840314173926927,5.058689529212359,28452.025561846,1740017.0527477707,"1528 Maple St, City 2231, State 64400"
111260.54956727885,2.3685533574037407,3.7792002503428512,5.643546242376763,16903.02488599365,1922138.0057978372,"444 Oak St, City 2232, State 72038"
106703.74869520633,6.35102336928894,4.484877791053579,5.80605757582737,63141.110609840434,2137619.444650859,"8579 Oak St, City 2233, State 81210"
90102.42149037658,4.7084322194964106,6.311661766695623,5.853863441053036,14625.709472610415,1935114.1066920022,"5196 Oak St, City 2234, State 63800"
83389.94130966459,5.78747946875239,9.780296707421506,5.31722196819483,46323.05823946217,2213882.2999131125,"280 Maple St, City 2235, State 97482"
110307.2248325687,6.905362885944936,8.40266843388997,3.079055932093291,62859.2718261927,2629361.6728119333,"954 Main St, City 2236, State 11559"
46679.7161575843,8.950408766542562,9.28760435213981,4.021178779197397,64277.95769110967,2200541.6582806036,"3447 Pine St, City 2237, State 16982"
37107.22459717457,7.295212611775429,5.336003939330551,5.880649863071993,56560.580489636945,1586503.3560223961,"2441 Main St, City 2238, State 19147"
51555.91529185843,5.4723909478254456,9.944269316450162,6.767134917004066,16449.17370182148,2090943.0268641852,"7079 Main St, City 2239, State 95409"
101512.04508301712,8.555422829362922,3.7198297124491018,2.39473482418311,58133.04159890153,2213647.752927975,"318 Main St, City 2240, State 47212"
33120.324005383496,9.244657100585059,3.370810342322706,4.677683388985974,22976.7128070156,1389007.8866871786,"2075 Oak St, City 2241, State 55456"
82452.61515751407,2.9580797314575777,8.989218389378197,3.5626113566215323,64955.871783113085,2188286.3985231,"5679 Pine St, City 2242, State 87716"
119589.37645721789,6.255463820422332,9.490854091448902,3.126969471584149,51090.634292550225,2715590.2294401056,"6980 Maple St, City 2243, State 37578"
107012.64844537855,4.276095677939553,3.634097502822712,4.5290534175985755,56042.391465577624,1891178.3877080095,"1566 Main St, City 2244, State 46969"
76930.11201392305,2.376489583015579,3.7939919872208905,5.030446702782683,10527.10947762592,1414654.6665853935,"8757 Oak St, City 2245, State 58424"
35727.68183579781,7.348373560911883,3.232219104290417,2.0488611570974062,42879.73237383039,1297456.5598666125,"9495 Main St, City 2246, State 36326"
104823.61629471388,8.902166219673806,3.7315529384990684,5.901032861005955,58374.23824841417,2220757.279752748,"2591 Oak St, City 2247, State 43025"
83908.06573594894,3.3032212358191524,4.465938717601967,6.0994106562972386,61003.372930212456,1895995.5278429803,"9788 Oak St, City 2248, State 11046"
40343.96973536102,8.499309260991204,9.790536332370007,6.827554122839665,6861.060807686698,1973949.424759795,"6647 Main St, City 2249, State 69938"
38447.15563410206,8.827165868295534,7.6750215556777635,2.903218666123475,66045.35011608276,1814977.9759975458,"4078 Main St, City 2250, State 68984"
111866.41374929332,9.314723541331869,8.449871178629795,4.97276281180474,7817.017664661182,2443215.5514902277,"9904 Main St, City 2251, State 30125"
90228.02366442706,4.122280712688419,8.432975825840655,4.133126867381972,44943.71417886524,2049686.185676335,"2069 Pine St, City 2252, State 81359"
104635.81193850799,9.231624521519114,6.745516248454503,3.674139257776753,50070.18929499529,2229456.8685645955,"9642 Main St, City 2253, State 46020"
109108.10102540406,4.565302037891458,8.58242284399112,4.828167257187523,11977.443925914136,2288565.39506515,"352 Main St, City 2254, State 30421"
81459.51168434901,6.4187041076440225,7.170652726729788,5.911915466117751,8120.771264597524,1924570.4811866698,"8426 Oak St, City 2255, State 27241"
76570.17165795372,2.404059766658257,5.2018226832235035,2.1152639172260503,56019.2900392974,1650362.8289988772,"8691 Main St, City 2256, State 74729"
68738.46692888912,2.351048706949949,6.927770761378805,6.847000562830933,30003.59061183321,1615909.3736734344,"4195 Main St, City 2257, State 89235"
58525.19290120073,7.762985701857623,6.734560102941594,6.049407928528554,11962.313495483038,1734909.4747698684,"2393 Main St, City 2258, State 53911"
69113.63647728406,5.555839823822328,8.764171376315245,5.755768518227892,54573.40806519673,2225261.540860209,"6262 Pine St, City 2259, State 96871"
99649.16901571407,4.0503390029537405,9.872090521671613,5.801936910902517,60195.59955933534,2463894.120840255,"1433 Main St, City 2260, State 78506"
84173.10879136184,3.5233079681992816,5.877297957946514,3.945303548093263,43180.10239932248,1825258.3172042551,"1666 Main St, City 2261, State 62406"
110327.09609593615,7.359627926873745,8.343734749089517,5.758102754224069,15480.392548251964,2409649.010384535,"8609 Maple St, City 2262, State 10944"
69904.20129412689,2.003212352202719,3.6983410282669347,3.933851043014788,5989.460646946903,1119394.5344972922,"2053 Maple St, City 2263, State 68323"
84638.06208468786,8.447129353574834,8.43781958613802,6.493534147873966,50552.16128462635,2453821.5326862484,"7704 Main St, City 2264, State 69998"
86817.67977827898,2.6339968490394305,5.599918383952625,2.8861119165323483,40759.07886364559,1612729.0512735867,"1452 Pine St, City 2265, State 53743"
83252.7446075693,3.5319169192649555,3.2757311402278066,3.4617371210757573,47301.81421180517,1517581.4098205613,"7919 Maple St, City 2266, State 23965"
93237.03957769647,5.089891162392717,5.542723249935241,4.75668771349538,57857.003562973725,1957346.986210433,"4004 Maple St, City 2267, State 59541"
51369.01215373256,5.878869917728829,7.274499256451513,3.5960551794363624,33224.80550454318,1646076.7441826405,"3729 Oak St, City 2268, State 99927"
76112.73997912116,4.839960926511535,3.834751173770266,4.121186226476367,13093.505474185327,1463763.3838298414,"9011 Pine St, City 2269, State 87835"
39380.23225275129,4.565697319874351,9.468241447011781,4.462113446992973,66098.91355040373,1843781.9716131552,"6481 Maple St, City 2270, State 57232"
64606.01948803313,9.711328096585508,3.54370689290987,6.281766744067543,40442.03827104573,1715260.728842007,"4107 Oak St, City 2271, State 94239"
73890.03617591379,7.132637449947154,9.510047038832163,4.615961268043464,44994.117740755115,2320334.956138786,"6153 Maple St, City 2272, State 78041"
88700.18335909252,2.1874636429391057,7.949962625549805,3.812299243072802,65671.74292086382,2158502.474551001,"7080 Maple St, City 2273, State 83334"
115547.79473275831,5.4414072675545055,5.307985227899425,3.238680820175579,65552.9376601671,2259730.890554193,"7870 Maple St, City 2274, State 19003"
84058.59598935203,9.00006959795176,5.735252433963653,4.043379893960986,42186.14943733128,2033805.1068548928,"56 Pine St, City 2275, State 24714"
96923.45245589038,4.411649491285344,8.185665553129208,4.578680522071849,24344.742606892698,2045818.6227356067,"1010 Maple St, City 2276, State 13316"
75563.94535456825,2.756450758195106,7.2102977061684514,5.730574286016182,69812.38621082806,1960250.468082472,"3490 Maple St, City 2277, State 64433"
87069.36282386981,8.067078172719341,7.701500450184616,2.6052438808616936,49253.110846979835,2074565.9206750668,"9593 Oak St, City 2278, State 27577"
36383.89945203961,6.84811065548865,5.72415231559436,3.1080459411957544,31548.383997983674,1319199.2795469842,"4995 Maple St, City 2279, State 67121"
52895.24227576623,6.562500062612031,6.414694372653193,3.898270079343366,41389.39218548333,1780160.0782067333,"1498 Maple St, City 2280, State 68216"
62566.77838846248,2.4286124768592634,9.929072388265254,3.801992025597573,32029.21326742193,1845811.2745014317,"2411 Maple St, City 2281, State 36154"
72524.40195058622,3.1239920783641386,4.497460093498024,3.9587404380260587,62739.83489928208,1837129.2671387563,"8667 Maple St, City 2282, State 31515"
34108.38709521454,6.98039516970491,5.92499330565492,5.967606323201623,36362.4593662735,1495024.0654002686,"3567 Maple St, City 2283, State 95968"
42602.168779798594,3.6625907316706865,5.0427623130177714,3.6207720148108655,58529.34443878107,1377690.7693504866,"6928 Oak St, City 2284, State 31008"
54913.287701217516,6.032560637987395,8.355780573078949,4.509490902013323,59611.45935849526,1911775.486156372,"8463 Oak St, City 2285, State 48785"
117437.94218109456,6.359053488235148,8.348088379660044,5.119535164289482,58581.60195279115,2574756.7829663297,"6801 Main St, City 2286, State 17005"
59821.23063927457,4.268057522167515,5.047118226981771,3.1608927509180256,51942.25981091884,1503927.3209271384,"3552 Oak St, City 2287, State 63737"
73383.69523008743,9.587401244331943,3.5697322164308805,5.593476935737694,60567.05159249282,1996523.9793352569,"4458 Pine St, City 2288, State 84722"
47648.794146455366,8.739712854684601,3.080028736705428,4.735556598691405,30169.922675493,1455702.601188266,"769 Maple St, City 2289, State 35120"
84970.20639681915,7.778988061062388,5.992153732697398,4.2339058151568905,12453.108399227422,1856315.0319041193,"5075 Pine St, City 2290, State 34666"
55261.48939643768,2.6239509312752727,5.872363160350396,6.048920133691569,59759.52328421344,1758981.6050898763,"4334 Oak St, City 2291, State 29352"
48629.33205945841,2.8490401544721555,9.918729150479042,3.21747629592591,37380.94701967744,1895330.9765813102,"2660 Oak St, City 2292, State 25716"
76491.5365601381,5.942250766919646,6.288614529883757,6.4158798530716155,13279.442114310315,1940648.3930591037,"3229 Main St, City 2293, State 27632"
30495.521924437875,3.2857067935278854,4.794928587027945,4.805243676833519,12495.313941830516,1115281.1272055064,"983 Maple St, City 2294, State 95770"
30689.762938430278,9.826123708235793,9.238606087220273,5.0458743968982915,15350.755610643026,1841599.2843602556,"4759 Oak St, City 2295, State 77152"
49716.192819167205,3.2681618722192756,6.437475647575049,6.375294820844714,53813.26187836188,1821534.779408424,"7022 Main St, City 2296, State 19622"
33304.9226250739,5.899742683711792,7.194229446474044,6.08791343924668,51205.68377530827,1718272.4697841362,"1636 Main St, City 2297, State 49163"
39722.31787176222,4.912968454732043,3.669680972997489,5.007810344109502,18248.21421201741,1119402.8754174672,"5219 Oak St, City 2298, State 89112"
60497.458440487644,7.115091371632784,5.680414851308418,5.765938519240871,60050.02217713669,1927617.8602191533,"5252 Maple St, City 2299, State 33419"
102232.71116218316,3.0322912711153993,9.609565721316507,4.166597451164485,23284.161709335916,2246750.0915708686,"2790 Oak St, City 2300, State 32645"
81484.37790323707,5.442531424339127,7.126537689227978,4.736888767498732,56544.062915471586,1982448.6155862932,"8682 Main St, City 2301, State 42636"
76140.09533607747,4.197640262457149,5.4115129859972315,2.3103506835425556,36772.38400277123,1628883.3640192258,"7524 Pine St, City 2302, State 90608"
56413.99408873095,9.102012197373504,7.379670264421152,2.4492895900002343,52550.66436500679,2055885.3638402645,"3592 Oak St, City 2303, State 79655"
113857.83474895348,2.3246856970775607,9.372877627046812,6.14712702093166,29790.19809978178,2155658.370129058,"5312 Main St, City 2304, State 13048"
65731.35371134724,9.309819952051674,4.91793420330813,2.298358278412483,27564.13881116044,1597967.858884824,"4445 Main St, City 2305, State 87189"
37838.34901161944,8.663953108424003,6.535817029294721,2.8469956281630364,59688.373932356604,1700657.5410248137,"1015 Maple St, City 2306, State 85496"
85535.98645060213,4.380565731526524,9.710834577382286,5.979163294752208,7294.6465434145275,2102471.0083831395,"4897 Oak St, City 2307, State 35534"
40245.45541289412,8.314325237416838,4.206773003089168,2.0057297531412814,68357.90157173798,1420910.8122049542,"1592 Oak St, City 2308, State 23339"
61070.08285215229,2.2497084827099805,8.03764747917698,3.4120216442293216,47131.67128724927,1691538.131587712,"2589 Maple St, City 2309, State 90359"
75667.0744846028,9.734924402347149,7.301367057420876,4.920193289133109,33111.420232963734,2256066.083304724,"8983 Pine St, City 2310, State 81717"
108680.02722166582,6.212759540718315,7.757725917984444,4.9772496573464835,45823.54452477764,2403356.6807430405,"4395 Oak St, City 2311, State 67991"
74419.19223061067,4.426248208523562,5.458537414672987,5.885764541147368,12978.161519833884,1737559.9641028272,"5877 Pine St, City 2312, State 89316"
93203.28894284979,4.900665700757417,5.197155614386355,4.529631272460852,38413.40959408059,1861583.1976280054,"5205 Oak St, City 2313, State 36636"
119353.51550991634,2.531242827683979,7.789467694118593,4.547009347654852,69031.20901708685,2343829.351849011,"7738 Maple St, City 2314, State 68467"
41834.020790818344,9.914796112336314,4.508802995731817,5.626552877703502,20292.513460035945,1629930.7898433341,"8808 Main St, City 2315, State 36901"
54725.837296756756,2.3143355612055396,5.937583214013036,4.493122316331418,51948.07643736271,1569442.4132912625,"3673 Pine St, City 2316, State 93543"
65511.846803788176,7.239256985182872,4.317222522370426,5.042455432818084,33273.13942906054,1561538.878439059,"5637 Pine St, City 2317, State 19332"
67964.53606849482,5.5418874216516665,3.058133887863308,6.4888703412752555,47409.779651716985,1553021.3596771602,"2831 Maple St, City 2318, State 90076"
66991.89677389912,9.591329745509722,9.790401520266485,4.00725503806186,18317.669864965406,2300981.7012082203,"4683 Pine St, City 2319, State 10613"
111684.99023008994,3.9679979224543613,6.021920850594933,3.925625354596111,35580.22387014415,2000217.8245128845,"644 Main St, City 2320, State 71497"
94262.93800201708,6.256694591504091,9.785447300938777,2.0177449593238563,68706.02640085289,2535795.249127057,"1136 Main St, City 2321, State 26202"
84711.46926816335,5.858849668662024,3.9822646383747826,5.067131307606159,17693.664816040622,1651301.9407697355,"3700 Maple St, City 2322, State 20013"
57843.54460765039,7.622931552400811,7.111567456202402,2.14885953703566,46368.926810169214,1824500.2546779395,"6070 Pine St, City 2323, State 37341"
104141.13457991653,2.544081855619364,4.406818229538677,4.520742448641581,42413.8536698417,1898311.7008460208,"3403 Pine St, City 2324, State 46761"
115955.446033649,3.550313040186839,8.530518888742924,6.021168945161133,41728.35310887622,2198690.336294521,"4856 Oak St, City 2325, State 10056"
103907.84542952038,3.7165185607427986,8.485920921326827,4.749605352598316,44983.01382735511,2124909.5522104846,"5285 Oak St, City 2326, State 36920"
30140.85946723256,7.9052060387335175,3.7882500432751827,3.34818082608338,37645.468289734825,1297034.968180908,"4903 Main St, City 2327, State 43387"
87276.12331650662,3.5131095706139206,9.384451170134724,5.930842107246857,6100.49876674777,1935169.8059792968,"4875 Maple St, City 2328, State 12613"
34602.18432978907,6.587934111127813,4.362407530422573,3.348585020412694,63506.292745102655,1542058.2951534435,"7142 Oak St, City 2329, State 97293"
53184.64983003496,3.7219505640076296,7.2908413911255225,5.665158904729493,58753.623786462005,1604322.1357781552,"2836 Oak St, City 2330, State 79093"
35357.22303129945,8.892999600671828,9.899435340613929,5.051292275951156,16320.899259872887,1879845.8077993977,"4172 Maple St, City 2331, State 89068"
84341.5907654449,9.53748363591711,9.176775743364548,2.849981483740006,31862.756529626487,2161623.2540393686,"6926 Oak St, City 2332, State 92554"
91793.09221433461,6.147943799537924,9.695947499928183,6.525669374220929,55085.683745081915,2436991.912652091,"3609 Maple St, City 2333, State 58562"
40303.88742593146,4.818471073673426,5.398191398526836,3.0032184147859784,68704.05050017349,1402996.7683457832,"5738 Maple St, City 2334, State 99865"
64545.499474048156,3.872462200139993,3.7390294955362435,6.947935370703349,66823.90801871612,1871001.0536521818,"2574 Main St, City 2335, State 74074"
71061.28580599878,2.39824801218435,4.318428113026151,2.036552443274704,63458.34797895132,1420438.6046072913,"3869 Maple St, City 2336, State 27151"
63214.771958482495,4.148000609579963,6.503464265536296,3.317416885714515,15294.303324444078,1523612.94496348,"8607 Maple St, City 2337, State 87011"
40892.25004366737,7.233886239562543,8.552607747913255,2.999301486370994,64440.88189058531,1694325.2714899024,"2887 Main St, City 2338, State 76397"
67705.30111687278,6.268935450473687,4.051075509287127,2.069967050852313,62098.91934182016,1847136.4448771116,"4915 Oak St, City 2339, State 48998"
97606.02430275764,9.55233022624742,7.6181207258253,5.661839500736578,29501.74422581532,2420618.560174866,"6284 Pine St, City 2340, State 67369"
36390.68980799299,5.170218099933605,5.265043228276583,5.467129010497981,30643.968644857032,1374552.2838378283,"1651 Main St, City 2341, State 96377"
37216.20126737131,7.550906738627156,5.388414506745074,5.961754821774653,34894.07992708545,1681534.8483625161,"5991 Maple St, City 2342, State 88183"
61929.41626523858,5.914581979800971,7.633424111105485,3.2834927323228262,47651.4160128171,1877201.296706905,"1967 Maple St, City 2343, State 60147"
114755.31404570326,6.100609727393693,6.268995936732542,4.22167583541485,21954.315038896024,2212482.2876363536,"8269 Maple St, City 2344, State 37620"
90171.53820506227,4.14219451683294,8.684233051181957,5.295567608107737,6491.647913596405,2008061.5486045554,"218 Maple St, City 2345, State 98115"
91080.29610053083,5.6396062147359975,4.091429567639789,4.198842519440718,14179.919098820747,1773325.9407749288,"1468 Maple St, City 2346, State 29256"
62572.79917540785,5.766279976101658,8.529637888369269,5.486628851589579,33607.53399249029,1879805.4187467154,"33 Pine St, City 2347, State 29871"
83429.47120876846,7.6531401739914715,3.449646736401946,5.169867042202211,23330.167012703118,1743241.5752926625,"6788 Main St, City 2348, State 96802"
30911.806562496902,9.52511999348891,4.358377161719234,2.5732390151108824,54693.57646734857,1565742.753872767,"3079 Maple St, City 2349, State 47630"
87248.6441768588,4.634570219860034,7.593048001522158,5.90521560538484,11934.85458570264,1976226.829129209,"1818 Pine St, City 2350, State 87654"
112195.82528186131,2.3376037486503876,8.984479595577499,5.6033817954625915,64635.239661062245,2437450.0686563086,"5474 Maple St, City 2351, State 90567"
85131.61215103373,5.970361004005118,4.768757394175443,5.279171938087027,63196.26669635422,1865639.0157659394,"4295 Maple St, City 2352, State 90306"
108632.87341197106,6.355690657193349,5.290341240802391,2.7754680313550115,64069.19310066373,2380755.601141198,"3208 Main St, City 2353, State 47151"
95157.57499194844,3.347524409055322,6.75984523800718,3.3399822439768183,53074.649909216234,1959166.8952831335,"2025 Oak St, City 2354, State 54689"
40850.257476332124,8.083716850208534,4.481009645425116,3.9658851579380023,11954.998146433954,1448644.4582199927,"6863 Maple St, City 2355, State 76346"
111220.79765572575,9.879432867531932,8.67809383111254,3.399648108282217,33478.94213902184,2587386.645535242,"2031 Main St, City 2356, State 16033"
35979.94599201974,9.566197736067688,8.415456515040326,3.1390514533806573,13541.349167355143,1543879.1050920163,"9978 Main St, City 2357, State 76360"
78057.07252929875,3.5768483105892175,4.017041983760471,6.026788350808879,69200.44752947037,1932809.9354479655,"1728 Pine St, City 2358, State 28616"
42792.34114141119,9.002905919206086,6.246808122716425,5.191161231801011,26647.497520913763,1692239.7463902836,"5681 Oak St, City 2359, State 17605"
31053.594965781365,7.635949091293478,8.42379436658235,4.827360657751251,43046.48522285403,1859824.7350695874,"763 Oak St, City 2360, State 90348"
67983.08341148752,5.630772510455293,5.361306717723903,3.1297635542662694,55660.548525874416,1744228.7762393202,"4562 Main St, City 2361, State 13305"
56553.66368887406,6.324887954597832,7.431747759024121,6.590382811343207,64840.04547466696,2068637.6900508981,"7771 Maple St, City 2362, State 64044"
73740.04444178427,8.796801399859664,3.351491850203009,2.955915195486581,54110.6021796884,1628337.6180556044,"9734 Pine St, City 2363, State 18612"
81947.98980610957,5.841079517106985,7.260821323705226,5.9747546641233855,48842.74561980544,2065834.3614762165,"4437 Oak St, City 2364, State 36559"
33936.51650780526,4.985658952841015,4.0685708600042485,6.833363333526465,35288.815832479835,1168279.4274655094,"6815 Maple St, City 2365, State 51393"
41070.296561137104,5.9459799442078864,8.81408327580116,5.63546364612118,44351.00869378406,1766469.1927345747,"6332 Oak St, City 2366, State 14165"
80277.81568053828,6.633038432280393,5.48814624506335,6.964293875923149,11120.647575433937,1885195.006129949,"3483 Oak St, City 2367, State 61790"
60885.06178553924,3.5126212302267907,4.97087703909737,5.255255584889733,62454.96522748206,1591626.3274132092,"3878 Oak St, City 2368, State 90308"
95625.61387945032,9.207261842135924,8.886222836980394,3.087301718019475,40345.52507459255,2508247.944137156,"1616 Oak St, City 2369, State 32388"
88706.24837327457,7.393495590636911,3.3510081615026714,3.0190974685825567,7608.778278271275,1567773.4672786372,"3809 Maple St, City 2370, State 56461"
106104.39266909161,7.066151338699911,5.776261595340413,3.622821421277382,64793.63816789334,2397628.9160959306,"536 Maple St, City 2371, State 63517"
92324.35440023028,2.795969809445105,5.5900247840252195,2.0356501011050305,36804.62829939646,1886312.3783141125,"7090 Oak St, City 2372, State 89639"
68693.79696511333,6.833391505380734,4.993602619746856,5.408492350414173,61458.29420146511,1998994.6095287674,"3535 Main St, City 2373, State 92578"
90566.99601549891,2.9676852979079387,9.382280324010338,3.3433389231391377,60697.717023348196,2174006.498599151,"7219 Maple St, City 2374, State 89330"
54784.305682987666,2.6295814015631924,8.256498754617056,6.0759161614637645,58023.85318471246,1599693.4182504616,"8209 Pine St, City 2375, State 60764"
57568.21489003914,6.2184871651391465,3.4474621493435715,3.7958632527965013,8991.196254198145,1379452.0576334554,"5398 Maple St, City 2376, State 74949"
101008.6643928714,5.22228427237196,8.002812146044679,4.399782467316563,21059.33195257358,2136192.491541721,"8628 Pine St, City 2377, State 78269"
70177.75647614239,6.710482161249786,6.691093931901557,6.828444582801846,61910.611710253,1989156.2893986227,"5252 Maple St, City 2378, State 32425"
101854.23064665172,2.7137773444579087,9.306075260811054,3.2108606152363857,63434.4186433861,2256587.199741278,"6352 Pine St, City 2379, State 61664"
104018.01363014505,5.447864502778067,5.1906193214385095,5.606270487148698,34774.476053972394,2213325.9336842378,"358 Pine St, City 2380, State 45169"
107180.61038951554,3.3982937203612638,7.0191339972670805,5.775588946527086,33602.695397523144,2030798.635016998,"1275 Pine St, City 2381, State 43756"
112497.17122570866,9.896800687392933,6.505286923186902,3.104990787618176,16384.141202599734,2362136.0476853503,"18 Maple St, City 2382, State 16628"
68788.66984619666,6.489201699481395,6.42692634359324,4.504984183060978,67946.70126492484,2023179.7403036891,"5122 Oak St, City 2383, State 60065"
58698.013648902495,7.4994948875269385,6.192737796620488,3.7510096265648416,18854.000898337807,1628435.4314173218,"8758 Oak St, City 2384, State 42398"
82397.88719347025,4.6033462454608625,4.439406328725969,5.859531217000446,17410.890982799763,1736592.35066114,"1472 Pine St, City 2385, State 58647"
63405.51810938648,2.757911318234753,8.289969457446748,5.112416595145187,47947.38305969633,1991482.2426440662,"5372 Oak St, City 2386, State 20601"
84096.67501202098,9.806966902268293,6.1593522291750205,4.379915274302736,20784.8796950291,2029787.9798832338,"4018 Oak St, City 2387, State 42850"
93502.72763794422,4.290072283065466,9.709613925018239,5.896816325238591,66020.15471593534,2408987.173063299,"1790 Pine St, City 2388, State 52010"
91956.45166429231,5.390465481388594,4.825658990349434,3.1757778500420852,5708.954695656664,1761165.1094188734,"5709 Oak St, City 2389, State 39913"
63709.75983181092,7.1989113736206,7.779206877389288,5.768109402921795,5373.962051014585,1911117.0916765095,"5527 Oak St, City 2390, State 76333"
45017.41815288775,2.1975783814888903,9.585019557473759,6.326871560464122,37816.99209331397,1692975.0517668526,"2527 Maple St, City 2391, State 31135"
68747.64046159867,8.482073044138296,7.644208261112648,6.393107984037862,36724.05989437568,2067992.8830955627,"7732 Maple St, City 2392, State 51577"
42833.47296737179,6.292625520228962,9.098910353321763,5.918367965098019,15618.66142355918,1504758.5279496673,"4807 Main St, City 2393, State 30247"
110108.73316654275,4.225737496550577,8.792366718299043,4.040070834991344,37143.77159306849,2244883.635735307,"3687 Maple St, City 2394, State 75025"
61128.971466407165,2.492863882339754,5.520824008423027,6.909040113589135,31757.971836049117,1429728.724836066,"768 Pine St, City 2395, State 41104"
43901.37725009914,3.2999873237955315,7.200867579576475,3.897968219112199,62871.41914725397,1679841.186997711,"5602 Maple St, City 2396, State 45953"
32290.29839151758,9.160270870827496,4.093829378679489,5.193126995512128,5601.5048141026255,1267833.9168267027,"9213 Oak St, City 2397, State 70837"
88124.01476578359,7.488193791487128,6.748681178869196,2.8053708903473433,68457.5373271419,2193690.984333965,"1078 Pine St, City 2398, State 87338"
87321.20857092689,3.9992137730951187,4.6129538027003605,6.902244493181963,45585.52967922976,1876298.4354093634,"9968 Pine St, City 2399, State 23501"
60654.374992316254,2.5248061195602363,8.20615770466712,5.5199296093233166,14869.823966942917,1542206.033376418,"1891 Maple St, City 2400, State 87346"
36454.06999628859,7.5249224990930905,6.696408953244872,5.766887726231841,8039.400897725805,1645027.89612159,"6647 Main St, City 2401, State 40460"
66866.60054057089,6.579261807742121,5.878591538421624,2.328883517055723,39976.86780635007,1867486.6545796283,"1572 Oak St, City 2402, State 69970"
58009.57455570542,5.23615619566588,4.881579673168843,5.817089071103359,20267.860788168306,1670092.5835725665,"5433 Main St, City 2403, State 74286"
90940.85757615084,4.908891593520511,9.990889372889008,5.8736171461030064,24575.75990508185,2321553.342301043,"4774 Main St, City 2404, State 55977"
84520.13245074212,3.7345142074328663,3.5019736461945286,5.358863631811149,20933.590714243386,1574570.9775979845,"9321 Maple St, City 2405, State 52075"
62813.4355377786,7.356890052300141,3.30492476400694,3.459548068951718,47261.2003822132,1761938.2133936542,"4809 Main St, City 2406, State 20100"
49610.32988294911,9.765344222350965,4.520801803457052,4.448450210804408,40979.382537548685,1616288.3896441811,"3753 Main St, City 2407, State 79659"
118923.23695400327,3.405721966694607,9.797507210394738,2.5521718565435823,10068.337528917747,2183104.9901439366,"1312 Maple St, City 2408, State 87766"
70860.14590765034,6.776932960124027,9.854667178239891,4.357935332295763,39224.2246563864,2102529.5131157152,"2726 Pine St, City 2409, State 44951"
91944.68122022133,5.39348044596781,7.584494143404951,3.2191192630020242,56427.3347616145,2226877.744362563,"154 Maple St, City 2410, State 73813"
42649.767082052465,5.573509773957319,9.160746670444833,3.7454849324704105,10277.64840332108,1525575.1638059276,"816 Pine St, City 2411, State 70612"
73703.07296934581,4.033178241022515,4.497732115885568,2.813002042018493,62833.033454977296,1681526.1407290706,"2156 Oak St, City 2412, State 76745"
32478.304788251895,8.601079005291353,9.804294659236366,3.150271838734485,42589.932214102395,1686452.8577300648,"8646 Maple St, City 2413, State 98348"
75490.96061194049,5.882044833177929,3.9994939509769525,2.382843209100581,66790.59050257059,1822519.3791851522,"1107 Oak St, City 2414, State 40022"
116761.56664059321,6.347246817586113,3.707876317271608,6.599506832184606,14629.179151954417,1901028.8766739657,"4417 Main St, City 2415, State 88101"
64578.60416872202,4.438087302378606,3.7854807747309103,4.652053439877017,69581.72495796549,1564782.9912842251,"1038 Oak St, City 2416, State 92333"
33509.64113174204,3.454467725335598,7.011895462907953,3.9837098563136983,46877.736288028995,1544388.125236057,"7905 Pine St, City 2417, State 92575"
32786.021182740915,2.687283105622564,8.466820805026366,4.675146063843919,41887.12296626908,1607291.8599559204,"7458 Main St, City 2418, State 28863"
64918.80839521826,7.712953127399327,5.566670245122432,5.141466142407763,38493.17556728555,1864310.5309952542,"5640 Oak St, City 2419, State 32305"
44402.24428168747,3.569874253502845,9.845271914502884,6.609393966846746,6537.534251390329,1668673.7570881248,"9509 Main St, City 2420, State 46374"
32101.688669536732,7.520602833510382,6.040940966828306,2.8934647614315665,66076.54745072257,1544413.021098285,"5204 Maple St, City 2421, State 41767"
98059.22525551592,5.123011568375631,4.053139855412514,3.4777624931760878,46859.64073552289,1822334.7315056187,"4059 Main St, City 2422, State 65620"
71267.07079937015,5.326198407917212,6.261767237302957,6.878946681720573,10955.72149245393,1704844.8455119478,"8016 Pine St, City 2423, State 42293"
56032.029477538905,5.753419968742174,7.7532601579570795,3.855964933242622,6361.891069144118,1464375.0917458315,"6064 Main St, City 2424, State 32425"
111007.48647148327,4.9416680650203455,8.82558046353065,2.112808253786638,8300.936550388837,2193338.490909212,"2262 Pine St, City 2425, State 92764"
40452.506418047305,2.8049598177807207,6.21137802969615,2.7382174631857943,44610.724623095644,1351766.556937094,"1515 Main St, City 2426, State 97043"
116032.69460597873,4.477054480022766,7.155247782344173,2.13169350874276,44911.00196814804,2151763.181080456,"1731 Oak St, City 2427, State 27622"
58257.00456396175,7.309874885551507,4.871412985111974,6.949615712103642,37478.37396579367,1890525.3618023642,"5456 Main St, City 2428, State 16796"
109956.33050778131,7.326275211750968,7.521415684838598,3.3943542449561153,24939.778342441852,2354811.210542047,"9383 Maple St, City 2429, State 32423"
84264.85888315154,4.289794457919955,9.901803607652406,6.61771378468113,39563.27755495169,2314814.5820557834,"3567 Pine St, City 2430, State 58121"
104403.66237673388,5.680821012461504,3.343375008114557,6.979431378798579,38559.61835695676,1948994.715584403,"1457 Oak St, City 2431, State 89445"
118561.18468894178,3.5475778240955,9.205714694936175,4.999206105715571,6262.0113919767655,2280601.1460178057,"1931 Pine St, City 2432, State 37692"
55956.48940368711,3.682976652238686,6.93597751937266,2.165981575327809,23360.499971287372,1543111.1423336316,"623 Oak St, City 2433, State 85658"
116502.19368668337,2.1843767072528593,4.764690616936099,2.407958151934635,8457.047195364717,1785218.2388292511,"1259 Main St, City 2434, State 14501"
65053.37054121783,9.173972399261956,9.684227970064805,4.407945275539388,63510.058844097606,2493949.2939441176,"7841 Main St, City 2435, State 17289"
64696.07142632301,3.6856533205992497,6.383480121412292,4.03086006455743,52139.5055810338,1703166.3629063924,"2024 Main St, City 2436, State 17190"
60634.83938290551,3.8202710154917066,5.3218317617137,5.030886528908838,69747.4860625393,1672316.4584970872,"2527 Main St, City 2437, State 46440"
78726.68466128266,4.236811461161055,4.270483397895888,4.1942390485568195,24641.132114843713,1653204.2111806162,"1914 Oak St, City 2438, State 18976"
43873.05388606384,3.019264573563432,4.711165471796635,6.670384246357422,62101.58010419917,1350741.705965608,"1488 Pine St, City 2439, State 64386"
79834.03368222101,7.1141030654509025,8.829943291140097,4.673698577067555,44198.527415611316,2314074.2410068572,"450 Pine St, City 2440, State 44195"
78753.43311690036,2.6011436254206926,7.300870065220161,5.4686303073122104,34453.15144873432,1707914.6040614909,"2596 Main St, City 2441, State 81301"
98571.1631344383,3.073619410610802,9.392719336418212,6.482426363212483,19467.252233761283,2246477.6674594167,"8436 Main St, City 2442, State 54268"
105028.4965743827,7.158053812720743,4.623779165104501,2.7343593791660368,52995.490743599286,2060270.8692639356,"9138 Pine St, City 2443, State 92946"
69639.72152811816,4.717284963851542,3.8479700169423103,3.148673270592643,63769.1486787795,1701063.4210391596,"9716 Main St, City 2444, State 79228"
57209.99244163444,7.663582613609512,3.04261271682913,2.5365933023700755,20295.0458748991,1466995.39549485,"3050 Oak St, City 2445, State 65298"
53340.1407585385,6.459397957361136,6.555034263311956,2.6981919961495615,16400.371773284816,1559063.7848197012,"7585 Maple St, City 2446, State 58378"
47516.145303438476,4.0481693844921045,9.988148512673916,4.562919834671166,50254.42447531635,1744819.4255255521,"5880 Pine St, City 2447, State 34636"
35188.28239791224,7.2066236039146245,7.8647568817304725,3.6058962948373203,68503.25557715874,1702410.1969934897,"5054 Maple St, City 2448, State 29990"
60820.318095124196,2.9301894423430452,5.1587621437560225,4.115864197633774,53747.08157176507,1486759.0442533363,"6670 Oak St, City 2449, State 25648"
54322.29229177049,6.291283064640243,9.138010081183202,6.912449158970309,23497.74803809718,1724189.408244191,"4617 Pine St, City 2450, State 75788"
116977.56472797666,5.497184840360277,8.472055861915717,2.7835217389797404,32297.102569606068,2480138.3091416536,"8053 Maple St, City 2451, State 52674"
80193.79436250395,4.142988662539526,3.107906162535775,4.7040603539903785,29980.64630479416,1559755.6704741928,"696 Oak St, City 2452, State 97843"
61254.93351274568,6.832039981916001,8.718023363787157,2.4943557752682546,60386.17617305795,1914802.9529306674,"4749 Main St, City 2453, State 17865"
82242.08408943264,8.97066873872226,5.103687300669472,3.592481566319393,55139.10062669455,2208286.6977528874,"1506 Main St, City 2454, State 22705"
42527.703121112594,9.991237598104615,4.047714252085208,4.637629618372993,43283.40325949881,1534069.146118041,"2744 Maple St, City 2455, State 88754"
69963.93742819826,6.862102149947396,4.584315878159522,6.733158729826688,22872.34217579871,1750903.4737133957,"7890 Maple St, City 2456, State 39792"
86361.08892789575,5.237646994633361,6.280058630625973,3.956141106417415,65969.25430193366,1993901.379643274,"3869 Pine St, City 2457, State 85992"
74000.80486132062,3.801656801729613,5.974075489476077,2.324533481073349,47465.48960999453,1513254.3650070434,"7601 Pine St, City 2458, State 42244"
66160.09205888919,4.056768715160894,5.022211095619587,3.9408072398015848,68080.98201871586,1588401.3153990044,"7201 Main St, City 2459, State 42983"
119446.35500097284,5.835639825198125,4.205528255449229,2.7287058793698886,42707.607147732,2073237.9707386864,"6245 Oak St, City 2460, State 42947"
109228.32859340344,4.938221610245674,8.335615527495186,3.1499480664572266,58377.529293634914,2482259.384228429,"2687 Main St, City 2461, State 64731"
86106.53623434961,9.310516180999553,9.93076848614442,5.0904531158249515,57851.84966064424,2597678.806744921,"377 Main St, City 2462, State 83581"
81243.96250640546,4.946363741245676,8.444541062937834,2.3371193310184086,26926.370494183484,1954087.0421799591,"1828 Main St, City 2463, State 33961"
85859.44318421256,4.987556729163484,5.071558773700788,4.323618781250187,67661.34699221983,1780709.5063204796,"2328 Maple St, City 2464, State 89046"
48118.08970401899,5.068276099471816,4.713662729884934,5.047307930053822,6426.195393841659,1422246.5500434078,"8945 Main St, City 2465, State 34825"
65562.39689378868,8.692961682941265,4.523661132461568,4.109291961837485,54966.20906988192,1872642.7175359654,"7273 Main St, City 2466, State 47504"
33551.35796018094,7.206306566775215,3.956865521423254,2.095631753118652,67761.21057466285,1402111.3881320881,"6471 Oak St, City 2467, State 56883"
72799.1433738144,6.913350802551141,6.859313847846108,6.927596784514327,27029.033213441984,2078619.4622949194,"6521 Pine St, City 2468, State 54046"
78872.21255618968,4.673144179070897,7.237802603673409,3.8355788367026764,47127.18820641318,2076856.5212992884,"2744 Main St, City 2469, State 17183"
50497.47624928886,8.543233414659515,7.938518624641961,5.892885934666335,41544.51123987369,2067186.0821974985,"9949 Oak St, City 2470, State 86350"
116762.59624489624,2.306910890845609,7.761493596535676,3.6282324609372663,54497.97512897404,2260519.1945167566,"9969 Main St, City 2471, State 58406"
111850.91498435178,8.966377378704905,5.046333178983677,4.375083784967094,61301.564906928405,2307947.3551026923,"6401 Main St, City 2472, State 99675"
94992.89119103152,6.101999198351437,5.312177037777926,3.9423182130549828,44197.897004470615,2118154.357978331,"3097 Oak St, City 2473, State 11085"
78004.79658888263,5.186001878907303,7.770601748096365,3.7126961475480385,58033.7981147947,1926040.6303752735,"3730 Main St, City 2474, State 11487"
108297.22436829165,5.977338245741485,5.446133485485398,2.1092568860388936,25298.562432801587,2202026.027420426,"8541 Oak St, City 2475, State 34989"
41758.71094411166,7.339324244270649,4.488362327335191,3.8001046892725174,19858.158815813098,1359716.1971181617,"7338 Oak St, City 2476, State 17102"
101145.88148473964,2.102123412143179,5.620353075877177,6.44744995199765,32993.39981963461,1818495.3036128737,"1010 Maple St, City 2477, State 73794"
41233.87325701635,8.972414851665981,4.9045891030458435,5.451966692968418,49052.878972750914,1538963.143634276,"6706 Oak St, City 2478, State 13079"
101478.95962944649,5.573916202491143,3.6181890485300445,2.7271142954771994,17171.051681017037,1622848.735165221,"4453 Main St, City 2479, State 22167"
54819.081142622126,4.7437321576006255,8.810972315936574,4.955775023113696,49222.892489872946,1899079.2083960385,"2187 Maple St, City 2480, State 54279"
108938.152291637,3.105964525072457,8.971779724099253,6.461154299744358,30616.087157184375,2308697.9598702067,"9399 Main St, City 2481, State 14518"
114963.7884442858,5.515722994867537,4.5382521011681565,5.500170204824277,56712.39280302107,2113459.0550886015,"305 Maple St, City 2482, State 46222"
43391.63724646041,5.970582170275031,3.453405396676412,2.7434219617834836,7394.328111714714,1092346.6334689565,"6083 Oak St, City 2483, State 32111"
71640.80445588542,5.229173555947822,8.171792061458255,6.339162483672483,48418.87145891064,1927085.7804684993,"8687 Pine St, City 2484, State 61826"
118288.86403464167,7.429280750615177,4.480700381043896,3.507720066444327,47238.4518822479,2313162.750359674,"3431 Pine St, City 2485, State 83076"
73506.6692375832,5.367172230073808,5.754048426058022,4.270380721561709,66160.80594814543,1917205.3027404712,"3150 Maple St, City 2486, State 13347"
107719.27702630906,9.691340622772586,3.448946765661683,4.630713798445732,51368.890981664576,2195601.1609246046,"3950 Oak St, City 2487, State 26888"
82985.8369918188,6.794220142588735,4.5838870933090465,6.252533021890976,56759.62326751328,1878843.3784998916,"7766 Main St, City 2488, State 46174"
63779.691712764165,8.45982348521527,8.55031594830745,6.658037475738305,63798.41603045594,2233531.0116551532,"3518 Main St, City 2489, State 53664"
55720.519997328316,2.8748472248758308,8.630775128406412,6.64826438895278,48878.37468897921,1793776.5884684345,"5413 Maple St, City 2490, State 80793"
48290.078197747855,5.178330343567246,4.449593774213973,2.039770906392703,23859.98627239835,1310050.5297676912,"1580 Oak St, City 2491, State 48291"
98561.83722399276,4.694781611577222,5.351396915746827,6.609442427927286,61535.29697292893,2171130.7615926936,"9911 Main St, City 2492, State 30883"
64788.645614072506,6.555859105092734,3.939668933656205,2.2719348300078614,53592.57776593838,1706179.87002572,"4575 Oak St, City 2493, State 99647"
76014.7915980676,8.888908160491404,3.5192084119944567,3.328868284087177,32588.444260058077,1700480.6124372024,"9016 Pine St, City 2494, State 64467"
74309.29320010637,2.6267057420960533,9.945202001138867,4.574939273639165,51184.39622224753,1877173.388297739,"4780 Main St, City 2495, State 74456"
81955.1126309818,2.5805983843576863,7.589157658713875,4.39962844502197,61399.777016774235,2093810.6843191467,"5807 Oak St, City 2496, State 37679"
107901.9431062097,8.80254166526079,6.794675564388231,5.02354896943696,68417.38854043264,2461910.719956649,"1760 Oak St, City 2497, State 65718"
118266.54092250865,3.7028006883068594,8.358489502837097,4.397231143685029,66902.8477573386,2392224.0716631156,"7866 Pine St, City 2498, State 28665"
66682.57877164352,7.35002603559851,8.880540117814068,6.671878398202104,26146.3087396692,2071346.54005452,"5230 Maple St, City 2499, State 57982"
104476.70298956727,6.343025058886441,8.647003376313092,3.202744241072935,32410.091391681814,2342038.388431091,"1124 Pine St, City 2500, State 11234"
98807.50151892459,8.663148759097837,3.115776145029136,3.3701234701924294,12119.879323529134,1779114.0048984187,"6877 Maple St, City 2501, State 15956"
81617.60563100158,3.0007112786912282,4.307655287333489,6.6036896784652805,21090.378656172987,1560517.358719267,"675 Oak St, City 2502, State 28689"
116044.24292507398,3.03826372578089,7.584337114824818,2.383697568726281,62357.37855165177,2263297.7727692616,"1269 Oak St, City 2503, State 95141"
48042.70639755625,6.4545468822264604,5.63031543462774,5.04780410952405,28455.245208158332,1688944.0272829323,"4720 Maple St, City 2504, State 38370"
39833.778927865926,9.571029226866967,9.877378557427749,5.408679760328054,45335.92280866727,2055751.7333135924,"1250 Oak St, City 2505, State 78396"
106856.577025988,5.319982066966034,7.657833548467778,4.527708617148697,48287.765189957165,2227665.358003671,"3514 Pine St, City 2506, State 51138"
69523.48349703735,4.61553680203756,9.695842361104447,5.471159394115686,55818.902884315285,2049130.0245153573,"2200 Maple St, City 2507, State 14677"
106227.19687863544,6.853514585583087,4.410125371520557,2.863773230059835,16882.00196596601,1902992.5165605415,"5473 Main St, City 2508, State 99761"
110378.11846758734,9.44358880436025,9.047699196805162,6.263161163857699,24812.853749938306,2635521.457706522,"7831 Oak St, City 2509, State 88019"
35621.18342571643,8.69542266275699,5.249466140706577,2.700128447349428,34141.86219478174,1511051.4392425504,"2530 Pine St, City 2510, State 84663"
109511.82866874547,9.96386888586576,9.926953657664647,4.0040622215787485,28714.66898048778,2663579.0955284373,"7471 Maple St, City 2511, State 78009"
70348.714983248,2.1805486656190167,4.103820704512032,2.376288006541029,68888.84013587984,1472365.7452583148,"1086 Maple St, City 2512, State 14662"
75938.9240103809,2.902865157702098,6.614378731868286,4.726055394087001,59271.15220889131,1829426.0894493652,"3435 Main St, City 2513, State 12665"
86393.32599838893,6.875742106932976,8.549911736859855,5.348729037128196,36179.63905033159,2306464.1588312928,"9294 Maple St, City 2514, State 18475"
113374.43460570781,8.564611514670798,6.028497364228251,6.706108175476452,62152.460695620415,2441591.063625964,"4472 Pine St, City 2515, State 71134"
31720.44849867876,4.281954738454132,6.276588421313527,5.696680979480004,27597.441592914292,1295741.5936558018,"788 Main St, City 2516, State 68200"
72915.91214860353,3.91368870427375,9.904490568540187,4.705514582270755,56078.841052867196,2198508.7307035313,"9891 Pine St, City 2517, State 33289"
91894.98381875045,8.295806395049606,5.9771570521080735,6.663085085851669,19538.913876919487,2197027.9867322957,"7989 Maple St, City 2518, State 42052"
95043.62619284056,2.4510548308258526,7.228504704193445,4.392184190204382,55200.932939713784,2039748.0331007359,"2134 Maple St, City 2519, State 12421"
92327.91883833971,4.955061180660681,3.381777624726055,4.806028265494347,34669.471207722345,1717981.9803408762,"3932 Oak St, City 2520, State 51584"
42099.161646730965,6.046473780738638,8.89547056147182,4.980492638350478,11987.455864495754,1512093.214750606,"7127 Maple St, City 2521, State 36176"
56945.60295345131,6.482789394802587,7.537176342856805,4.049898629432834,22762.05954611285,1784440.8555894457,"8193 Main St, City 2522, State 55305"
62284.39728753121,7.828921254342215,5.828140720039695,6.192413452829121,31147.8505615317,1953930.9181028092,"4506 Oak St, City 2523, State 52369"
102399.34869115545,4.838765787445266,3.113186779681638,2.9258796942252956,53704.039258188415,2127798.7116360194,"6524 Maple St, City 2524, State 13462"
55088.38851730977,6.901474757396858,7.1416817441545275,4.77421095185804,9743.876457511806,1697882.4917704077,"7496 Pine St, City 2525, State 60479"
48963.446748048285,6.683003382327651,3.0886047993891355,5.61116628093597,47870.554681021575,1473472.8172167852,"7450 Maple St, City 2526, State 70760"
116170.32171342865,6.380928805229977,3.008425297363125,6.519880859382886,51540.88666063483,2082743.4789544058,"186 Oak St, City 2527, State 49799"
30797.6956602122,7.123866345137698,7.312689935045483,6.419591982171392,47504.88904517384,1491411.9819793412,"6685 Pine St, City 2528, State 19877"
119803.87701137803,4.07559336854461,4.3231194713418795,4.54370144715071,54443.526480891116,2173892.5970413215,"9184 Pine St, City 2529, State 98482"
90913.9168971656,2.677190028677032,4.343212848026667,5.215807255816708,16580.96004148449,1864868.6281449948,"3399 Maple St, City 2530, State 20494"
104562.23695042054,2.9541733763179474,7.572900960829206,3.971188680646505,43161.71807909743,2261188.588967013,"79 Maple St, City 2531, State 93041"
56515.74567115738,3.7966590612312086,3.37588031557562,4.340888814401001,66174.42156825219,1597816.0342038546,"3222 Oak St, City 2532, State 42593"
31288.374990035398,6.001583484182282,5.193838930321895,6.531328962865247,44700.97753729495,1472475.0768134433,"8639 Maple St, City 2533, State 81265"
96408.25667053771,8.723542004368161,4.046023314994134,6.65351996596237,44736.862551941944,2183183.7598899286,"2724 Oak St, City 2534, State 59510"
105073.01373006082,7.610346736707073,7.061234588575737,6.4770702903350985,52868.576737362484,2212426.5017910884,"2287 Oak St, City 2535, State 43572"
96642.85187581672,8.312324833616376,7.6323560830917705,2.6918543090681912,26658.27508818084,2282931.3098756773,"5650 Maple St, City 2536, State 48759"
42856.525857075474,4.807804991408731,8.047950975193306,6.250420106653181,50530.93358590014,1695024.80032817,"7826 Maple St, City 2537, State 70765"
97808.51300312721,5.237229933188401,4.7866185184299574,6.7418186551074015,64555.19916535898,2077733.9289855172,"9316 Pine St, City 2538, State 92303"
99203.05038968769,5.149455087924903,3.624748261456088,3.8062484728680235,5708.205746647294,1649885.9068240253,"1579 Main St, City 2539, State 94865"
89268.64641030494,3.534985475236012,3.5507855985932846,4.593231447108346,61557.34767207625,1763381.8185808428,"624 Main St, City 2540, State 17586"
98950.43395160275,2.489733265148576,5.983060839155066,5.8954762790649795,19210.19153182584,1793787.5567397743,"914 Oak St, City 2541, State 94463"
106132.9295709959,6.727328742617814,9.620910863439004,4.810390687828244,34635.012790524386,2486242.593721037,"1748 Pine St, City 2542, State 25020"
85224.37028137126,9.91373346736469,4.524103239729172,6.967417608531247,60402.607061921466,2165066.43930502,"9236 Maple St, City 2543, State 69523"
37974.424257271115,3.3346376396021027,4.797191209390846,4.278566825784142,58554.288284680886,1361412.1630766273,"9508 Oak St, City 2544, State 81244"
73886.50287004898,2.37347855919419,3.7062216147410125,5.569713556036888,62975.28607819363,1487286.741456552,"8415 Pine St, City 2545, State 73101"
36988.44012044446,8.236253454591463,7.238991917257512,5.962955700982721,66127.0915211142,1848934.7788864695,"2154 Pine St, City 2546, State 95240"
66678.87279291877,4.020688053477794,7.759110117630224,4.470502078792197,34065.20219016431,1683363.4543594576,"567 Maple St, City 2547, State 45503"
66639.58402130648,8.637150442823426,7.50051845712532,6.284919028556879,47663.64770206545,2061015.7164415088,"5474 Oak St, City 2548, State 92644"
35940.88597262174,7.631493336276123,9.027911701313469,4.730772956035983,30381.098634196936,1771385.028800518,"7820 Main St, City 2549, State 72927"
61393.84805725314,9.565388296406436,6.404980845182502,4.058253984008157,27796.586636990778,1704937.1542371563,"6981 Maple St, City 2550, State 44232"
39989.828891218334,5.271417886053376,3.941199285369451,2.539118369259735,33053.701688848516,1137966.4478392291,"9500 Main St, City 2551, State 74021"
102741.16890082999,7.295758715605073,5.025835914930889,3.9670678817521208,53299.94876087394,2236674.7167235916,"5615 Oak St, City 2552, State 42921"
115291.92233680237,5.718838246506166,7.637009813949462,5.669682273666421,37593.648564200936,2266562.847653706,"6764 Pine St, City 2553, State 39995"
36508.48277321448,7.044709578468348,7.291853816190919,6.606432058400537,57913.878839142235,1966217.6819264437,"4067 Maple St, City 2554, State 59302"
115960.36865625312,5.596791248061899,6.717021908200738,3.2583970193015515,53439.20101775013,2462193.712902547,"8138 Oak St, City 2555, State 84806"
77031.89394030705,3.5090579713925987,7.78075093082081,3.776177586652513,6331.099973085957,1663720.0314581427,"779 Maple St, City 2556, State 30633"
56960.91101584865,6.063179328027047,7.461735952613095,2.769804970522131,45965.4802119005,1703907.5341655465,"3969 Pine St, City 2557, State 89843"
36917.58677485472,6.228673611499539,9.169274226254661,5.453614471144844,33377.123015058416,1764839.5259670827,"4597 Oak St, City 2558, State 78089"
75056.18412633761,8.48483078608129,7.102114642348076,6.800942150049626,34680.8842948242,1975659.0122281807,"4104 Pine St, City 2559, State 32188"
101506.39900416738,7.88416564634865,8.450209510903896,5.204761099240878,58194.24850154315,2332188.8362331167,"4565 Main St, City 2560, State 98635"
93637.78295400283,7.310332991531553,4.740950091765275,5.085382650031132,40594.51909550399,1990771.0490310253,"3679 Pine St, City 2561, State 22415"
34520.34103175764,2.9070967644205803,7.747278092123476,4.76744965250217,62565.41852483156,1552786.2014574872,"3706 Maple St, City 2562, State 19044"
36561.16518311131,7.76493032530972,9.315358828678729,2.4422787034276827,51332.36350545988,1838459.7754563803,"4183 Oak St, City 2563, State 47968"
66258.59543693735,6.002441250836118,5.7001262952988325,5.647519132146918,40934.60056966343,1731342.6357360224,"4630 Pine St, City 2564, State 32717"
56576.14446431489,9.152796288849274,8.453729311370527,5.010247717746754,54044.96844982175,2247626.550724261,"7766 Pine St, City 2565, State 80010"
50914.58907504431,9.358967473044341,8.073525108368049,5.307383844281436,7492.688310151474,1670147.264102916,"8648 Maple St, City 2566, State 90205"
55290.40490178422,2.4412527248142837,3.4166833781027575,6.494055465137108,6760.437563833503,1063098.993784248,"230 Pine St, City 2567, State 47787"
102313.44689671962,8.56513248283583,7.070558167368506,5.919803935305089,10417.706249855384,2295381.9914213787,"3478 Maple St, City 2568, State 90840"
113630.52482686685,2.301579123381365,3.911325444405617,5.904576260772631,33441.746134564266,1792471.5199224725,"760 Maple St, City 2569, State 71885"
66459.24250748099,4.937357005560181,9.771234205614139,6.635918844396738,20304.259465751304,1873725.829242877,"1367 Main St, City 2570, State 75702"
111549.99019192473,6.338399804968633,8.679852518904593,6.949674757314998,68976.984137026,2692518.736305343,"3665 Pine St, City 2571, State 67924"
58934.61311230938,3.1848063890170195,3.768066608729841,4.906413659805298,40248.859035738846,1293116.222213582,"7351 Maple St, City 2572, State 48463"
72879.32877094124,7.9705105005526145,3.852263983533749,2.544408080155829,48057.0234952753,1738808.8485087256,"9992 Maple St, City 2573, State 54587"
50342.60980343998,2.0668376333771086,7.161316984388333,4.295649538877182,23123.308856035284,1354173.7129350381,"8053 Main St, City 2574, State 51731"
87642.84379582596,3.3487923874722947,5.414224219212283,5.938005732308222,25916.79905819457,1698563.7917918023,"928 Maple St, City 2575, State 86636"
118108.30036573281,6.6463746388278055,3.244341013511765,2.138626623809246,26805.024419175134,1760902.3983553185,"8798 Maple St, City 2576, State 63246"
84314.37864390409,7.715100496298339,6.7914905548313715,2.2844371917807456,50417.82083476954,2106796.5908498713,"6984 Maple St, City 2577, State 57652"
62203.267570219396,9.333144821551329,5.714915697800929,2.335788911914107,35790.90349980505,1670192.3582489903,"7195 Main St, City 2578, State 35577"
88303.57013914754,7.643973215476991,3.707535446602199,5.6551787916415535,38649.437414454835,1907915.5283619696,"3974 Main St, City 2579, State 75949"
41062.86106188488,7.374234162038928,8.613442745791879,4.5058331428158604,43480.193840357446,1769781.2120355521,"5929 Maple St, City 2580, State 18718"
109979.31722388588,5.1547291708053145,9.405537356951642,3.844489717602968,54972.75765548411,2479520.2932707774,"1 Maple St, City 2581, State 27455"
75277.55557018527,2.0102754042144113,8.29615753809891,2.52808522630868,10874.033653311079,1632227.116614976,"8886 Maple St, City 2582, State 25542"
70441.47678356778,2.9612740698849755,8.756956170113941,5.661201251029445,55496.8042942234,2019717.8490328686,"2888 Main St, City 2583, State 75237"
82727.83096081673,6.276436358048313,4.515433970862821,3.6050990527544986,41610.27947688669,1745763.2839975331,"7906 Oak St, City 2584, State 13577"
86230.54765104622,7.4010390867553575,4.8450106564302065,3.326620350323336,48491.203915591715,2086482.561377642,"6210 Oak St, City 2585, State 24322"
36459.82256038617,5.3395862711717,4.459692782094314,5.261596007767755,26290.864714649528,1092915.1594507147,"2100 Oak St, City 2586, State 67813"
91435.54991010622,7.845432092227122,8.355444019558949,4.795054462984209,31610.144393069197,2254305.8692792836,"2291 Main St, City 2587, State 83506"
51773.85122839766,6.17489836265743,9.63541955254148,3.8120532090665082,20025.778277504818,1895430.5799207725,"756 Main St, City 2588, State 85447"
94255.73692559308,2.5934095647544977,8.017860447137318,5.20743735402794,68654.49983213135,2260829.5583463963,"7213 Pine St, City 2589, State 74662"
104028.13149457771,3.5361300077435907,9.170267354156891,3.356107601920591,37305.19321317058,2140434.840136119,"413 Main St, City 2590, State 57672"
102356.26567972683,8.719985785951543,7.470893664182208,5.974151308021634,69744.99952677886,2504358.4268051633,"4104 Oak St, City 2591, State 21654"
79725.08706671002,7.799301972995516,5.713619303911593,3.1465947515382697,36836.08857398231,1822204.5431132028,"247 Maple St, City 2592, State 54738"
76815.2903079676,9.15809589609996,5.980331304512136,2.794188476910078,19283.832184964376,1944651.780544208,"6978 Maple St, City 2593, State 66247"
42858.836520547055,2.9404579929674926,3.527250025171834,5.912197047494375,37984.40578789569,1151086.8343803508,"3368 Maple St, City 2594, State 12689"
99781.1535362822,9.921780276920591,3.2202003667221826,5.5394601534896655,7573.712166940057,1981081.2527983612,"588 Main St, City 2595, State 75768"
54426.84424020429,3.675253711599469,7.868329229323542,2.913194878508992,63810.037092426835,1790373.639552899,"6886 Pine St, City 2596, State 24232"
74702.58805361518,2.094239010293136,6.0690022440782645,2.58122876344969,58205.766327638674,1942563.0519422912,"7141 Maple St, City 2597, State 26693"
55584.66836347651,9.979383512428434,6.865505476382406,6.191995442433461,52178.33384512851,2082032.955845596,"8081 Pine St, City 2598, State 78284"
42044.552669972385,4.248591083560905,6.903628733356914,5.88299241098344,44638.7365037599,1503734.4329195786,"1601 Pine St, City 2599, State 79359"
86660.1927202563,7.344155620100479,4.94163069333311,3.6362868684983214,42689.225188573604,1805659.8694654133,"3315 Pine St, City 2600, State 74307"
34889.88313406135,3.4134585134104416,6.331247575806435,5.290987041066833,69787.33391516509,1506152.5724197063,"4931 Oak St, City 2601, State 67143"
97378.071071358,6.641828257593134,6.295321551673916,2.620800932739054,23069.833211295965,1991562.4575230698,"5562 Main St, City 2602, State 25066"
58582.8115735005,9.232279891636473,5.718990548594999,4.535238295238391,55679.48374876257,1698345.9690663374,"1842 Main St, City 2603, State 88966"
30012.12237040368,4.561449339427509,8.744727683807493,2.0936514603020995,42791.31006388774,1433152.5834792124,"7577 Pine St, City 2604, State 72176"
76001.62253135067,7.362031808354874,6.158148025813171,3.958009404607777,68432.23534432755,2111406.3709389307,"1791 Main St, City 2605, State 49735"
34216.67176748428,3.503228710387332,7.2255116715419145,2.3742141073570253,58807.20691438641,1407395.977683588,"156 Maple St, City 2606, State 51893"
54855.26020388096,6.998363189749802,9.268640842665782,4.375735900784413,69904.13234432353,2217617.1462552957,"8768 Oak St, City 2607, State 52411"
93627.88387101446,4.691602814540081,9.063635360012457,4.108408234264472,43241.12464005901,2079572.0339943226,"5164 Main St, City 2608, State 48006"
35642.06594596793,3.6896660687036134,9.232955426454156,4.22192513319028,18295.357240420777,1565363.2192243265,"7517 Main St, City 2609, State 88732"
105540.4643120402,4.505456405629081,4.890034975255098,2.2266565102399705,37739.6573201577,2018767.2174828467,"940 Pine St, City 2610, State 19285"
30343.79303927248,3.430728548062395,3.24487741815644,3.808081706409162,51222.22371328735,1200567.768591225,"7091 Oak St, City 2611, State 37077"
52214.1482281712,9.215328862703062,4.827467599267305,5.782419245499582,55333.42510180322,1662659.3977668153,"4363 Maple St, City 2612, State 60613"
96681.36505368643,5.177495090537031,4.95095141934496,3.8445718667681006,5033.149286036332,1793722.7006302758,"7936 Maple St, City 2613, State 29682"
58464.31347563761,3.9622344397949387,9.365522287074775,5.575859763047903,37826.76075264911,1821530.8245146363,"61 Pine St, City 2614, State 16275"
39170.31492594122,5.587262728127463,7.544699129865794,3.8473936181686663,20290.247698092026,1350901.0188922791,"4818 Maple St, City 2615, State 22810"
62421.05269203851,4.564289334451964,3.571927717215601,4.1161972074509325,61869.26916156124,1529624.7005541944,"5832 Maple St, City 2616, State 25027"
54335.3957746073,7.955354030506608,3.947650172077708,4.819460564146331,14938.853863264856,1385713.9600882533,"7430 Pine St, City 2617, State 98111"
105844.07119444995,9.769759295083954,4.089732878793828,6.753409684035413,48319.656222364174,2410382.925451474,"9478 Oak St, City 2618, State 27852"
58201.31258266288,5.504269253581175,7.412952237182462,2.544302233233276,22294.042371120115,1689368.38063424,"4034 Maple St, City 2619, State 71663"
101003.92245984064,8.888267199777923,8.14789817854902,2.1645688433058683,28175.239308927696,2196853.253904152,"6601 Maple St, City 2620, State 54397"
110268.49303296613,6.526904588476956,9.017507373957773,5.039785919050226,66136.35194919491,2559883.955604519,"5045 Pine St, City 2621, State 74364"
69043.56776188765,3.257885320753868,9.584455855643702,6.7454854446421315,20629.128151525165,1887526.8736432935,"7899 Main St, City 2622, State 51808"
111894.88294689528,7.5249819366507325,4.411931901705092,6.948615662773575,11175.179518490493,2105246.3311817665,"101 Oak St, City 2623, State 25383"
63958.624856687355,6.107475977006561,5.168407393068343,4.420821236960009,9503.51859387468,1639212.6964212207,"4511 Maple St, City 2624, State 46008"
116767.05748410974,7.2048521860168275,4.6822601652138145,4.340408105425492,37799.98215646504,2290784.383952197,"1489 Oak St, City 2625, State 60953"
38036.057207301565,9.11749930057332,5.511330972262964,5.224818853725981,46711.24634847872,1672582.0091343757,"8085 Main St, City 2626, State 54400"
91831.73398529185,5.523476565248369,9.402655751966247,4.778173786024849,26274.086832107667,2195354.3910244284,"4560 Main St, City 2627, State 83353"
74443.26364112357,9.209420985738845,7.02578796857553,5.170440288070591,49866.88321655025,1994078.944448342,"1516 Oak St, City 2628, State 91248"
64888.392491008235,8.005352114253238,8.167343281271494,6.369997127689471,8967.191707260457,2067674.6281040555,"8216 Pine St, City 2629, State 67739"
86944.06908737408,5.908839407023878,6.430834652887474,5.731530847438046,60726.75191998699,2110219.458692443,"1428 Oak St, City 2630, State 54164"
93347.13824708981,6.825777085263709,3.202005393352872,4.484386958433978,58076.86863305046,2111320.644163211,"1014 Pine St, City 2631, State 78885"
30392.69426852782,4.6046490601520915,3.4493684019847004,4.3093222950008485,69057.25764048556,1304285.7541172956,"6077 Oak St, City 2632, State 72214"
45025.777987247886,9.868778397910194,6.765461218875201,5.19800874256558,65872.82375861995,2172766.399210216,"5188 Oak St, City 2633, State 17018"
94174.14455708867,7.338809304403168,8.03152324374018,4.278531422101487,28152.815654730326,2280955.944563587,"4271 Pine St, City 2634, State 84191"
89974.68722203858,2.350774819973039,4.50731369270112,4.2888967563281994,30952.899961012514,1518100.148007948,"390 Pine St, City 2635, State 26519"
116944.27546158095,4.61297524598407,8.053367017946128,2.0815295089325243,53487.71508608687,2312803.7910229918,"2457 Pine St, City 2636, State 67944"
98493.40112257047,6.98651547007246,8.674660414384586,2.870320687036542,13715.380177073908,2166005.643309364,"7114 Maple St, City 2637, State 19768"
115569.54369582042,2.4506662223939184,5.883282348534778,4.442568199978766,25410.956165914264,1921844.8740787846,"6097 Pine St, City 2638, State 21117"
93228.64513813262,2.191073530553142,8.224934629908734,6.113267295251846,12705.160903417138,1909052.6399581186,"5507 Main St, City 2639, State 84931"
56824.698777549886,5.600193916222421,5.828209652299219,3.3936350336356207,34567.61918973404,1452466.6868700853,"9914 Pine St, City 2640, State 18785"
39482.84300257708,4.66152143754136,7.74845440618514,4.613217165655746,40880.278192545644,1591150.8884399626,"8798 Main St, City 2641, State 44237"
100364.1477010442,5.506388864265327,8.347979345236801,3.724810423796161,18725.430547578908,2175911.928195526,"1696 Main St, City 2642, State 15332"
87973.42993283243,4.101546479040041,9.943486328156776,2.524019947697945,6731.059649416825,1889255.4854902788,"9880 Oak St, City 2643, State 57554"
34336.74111539666,3.3177419755438473,5.417776634445173,6.791492415356503,51758.129063784,1599237.4878145792,"3984 Maple St, City 2644, State 93655"
62404.54193108805,7.5131468558427015,5.877285464022281,6.2733693512515085,6300.335687700953,1695939.684328894,"4329 Pine St, City 2645, State 29743"
116111.98339358576,6.116568930142404,4.159340415871199,2.392462122334532,68271.16958034315,2131151.1386721344,"8877 Pine St, City 2646, State 57354"
75036.1031139181,3.6012336899949347,4.428511408812648,5.598936312341423,19404.471688255704,1386740.1461589392,"9141 Oak St, City 2647, State 86399"
68945.62224177341,4.5567154100799865,7.8537650181886445,3.737899521787501,48153.50598755892,1904491.9989079614,"305 Oak St, City 2648, State 25698"
71192.96446433646,6.734463261306607,9.419319131081332,6.974249035308963,33258.86220559929,2151671.267001131,"6068 Maple St, City 2649, State 22417"
48799.44516046473,2.5778347861798228,5.762234661628684,3.5119925991448886,8878.800921911969,1305922.837156484,"187 Main St, City 2650, State 42239"
63183.64537783157,3.1796240741294364,4.258911127848789,3.1936922268129995,35691.934431240385,1391463.9601760856,"1565 Oak St, City 2651, State 27866"
63283.19303884589,2.585964832859121,4.995696495680958,4.839452741527026,38589.44122929197,1380544.8018512893,"7905 Maple St, City 2652, State 98898"
34711.95181687252,8.498538661712951,6.185361933656971,6.175630816716021,60554.40852603645,1921988.202696351,"9841 Main St, City 2653, State 40667"
99081.08656661265,8.019273865696075,5.034552305557579,2.96259435909899,52602.68952711336,2189992.5097547914,"2699 Pine St, City 2654, State 57929"
67485.39887134911,8.026503455034057,4.635053581853064,5.547013848596656,10154.660858970114,1638756.2966063537,"9490 Pine St, City 2655, State 90789"
103996.1898134781,7.730602747808224,8.151891421299556,2.3070329157056086,18595.57442309723,2257296.061960785,"9410 Maple St, City 2656, State 92191"
106531.32010079059,7.355083389358954,3.0549144486843622,6.594673715552487,25272.699473971603,2049068.430863201,"1324 Pine St, City 2657, State 25117"
49079.464922879226,5.8159353230254,6.774613691355382,2.4053745807364937,12566.499620213264,1315668.5848223108,"2953 Maple St, City 2658, State 48639"
89161.81339531156,7.13822530805692,8.556367649208276,6.571156881720812,34698.43960944189,2319435.137787739,"3558 Pine St, City 2659, State 86274"
72505.36237466836,2.306892438303797,4.863598004222277,4.454036247263514,68980.0974060648,1662995.313118496,"7565 Pine St, City 2660, State 20027"
109214.10641293366,6.971715381254277,7.223040574284122,4.2404555639796,38449.831430454506,2388762.901769416,"7950 Main St, City 2661, State 17184"
49416.66112588087,8.223021644295017,7.682300739330325,6.866535397501883,53222.340941006005,1917991.326789444,"7873 Pine St, City 2662, State 54896"
91003.18802790398,6.0028668830751215,7.58517287483563,6.951920888491095,49390.9568504575,2212031.279816958,"2174 Oak St, City 2663, State 75665"
84697.69100274504,4.8601066274178955,6.120947439391024,5.25089062980506,60244.243280988965,2204693.0817051297,"5888 Maple St, City 2664, State 85989"
56577.13298146495,4.219413878407833,5.426045915130454,2.6355964592852423,19022.026880264617,1508094.9342135713,"3201 Pine St, City 2665, State 46492"
42294.081328605535,7.14241640129666,8.851468511194694,4.530850428276013,53998.70701004683,1564542.0441482477,"3534 Oak St, City 2666, State 14693"
88647.5784429549,7.54240958903927,8.30912169899905,4.645815504778312,62288.09061987372,2494817.1162905856,"8807 Maple St, City 2667, State 42605"
96473.77123190976,8.96774079890034,5.248786213897388,4.572232140676549,16148.138493715778,2043570.103439005,"5263 Maple St, City 2668, State 36957"
58406.4609387015,4.738672659687926,3.7211343610954426,4.8474591926000485,27542.144286220242,1331005.2821782483,"1865 Main St, City 2669, State 69296"
88034.93436200824,8.158178459084684,3.5026528181182846,2.093623568971953,68056.6146815515,1870844.7989299307,"688 Main St, City 2670, State 49175"
65561.7816850353,6.4908465935147035,3.659931845292552,5.556136407352512,55751.20998868651,1623483.073485501,"4243 Pine St, City 2671, State 20251"
94188.61949543559,9.062691925424634,7.080085528344299,5.56197150976494,23368.404114939603,2177135.2048849366,"5960 Pine St, City 2672, State 81734"
47929.37474046478,6.222496866364966,3.3616352308029276,2.57734887588944,41656.21502689165,1232237.6922300875,"1618 Main St, City 2673, State 11899"
110119.3502372557,6.141038627183738,5.358488124748269,4.851197212229003,31281.19798521612,2003406.423897292,"2035 Pine St, City 2674, State 23983"
55866.86368190218,6.623016651527273,8.272397913399605,4.841805912178873,36847.73646126344,1777066.147054646,"6323 Oak St, City 2675, State 82911"
63100.73889805376,7.994522841139475,5.060437165607647,5.412252100952001,28085.80244039605,1770704.465023232,"3974 Main St, City 2676, State 39223"
35228.27568723148,9.717523830627687,8.343156540260908,2.4269884606754055,23156.51620447214,1699212.721324274,"726 Pine St, City 2677, State 54487"
40036.099108914874,2.5885068337261252,8.218269267449386,5.132516536330482,48859.59769044222,1641107.003868717,"8032 Oak St, City 2678, State 87137"
76427.57124410954,2.4274768191281373,4.720789928432515,3.403759753731706,55605.21798059764,1636814.6462660374,"2341 Pine St, City 2679, State 49307"
54083.340905517434,9.500402699258707,8.101755260649218,4.53501495248086,61807.212978577416,1978412.545272881,"3042 Pine St, City 2680, State 99020"
105193.2203167975,6.239005004145649,8.234436467904704,5.8666177635203836,15096.447875682223,2323562.2354410174,"1560 Oak St, City 2681, State 26784"
31322.404978945844,6.919224116535489,5.782177479669188,5.528229681815066,58485.60903694064,1479565.4617414316,"4211 Maple St, City 2682, State 95251"
64118.46438047426,5.859388812757831,4.472943386190628,2.594515088389967,21562.05359100913,1542296.7061435226,"4972 Oak St, City 2683, State 14226"
60361.099209218344,2.749259620859796,6.648895648243084,4.955923935580366,32776.865344153295,1468955.669487101,"6408 Pine St, City 2684, State 98897"
31739.486782584092,8.144715027349331,9.449783116001374,6.845582654703692,63593.83958020103,1935202.283375181,"8541 Maple St, City 2685, State 67504"
41193.15591004592,7.977797160708695,7.477317127024434,2.783847186675011,34542.73406386913,1629096.709160653,"8306 Oak St, City 2686, State 48229"
67227.84074267717,4.493626571942496,4.210457483390829,6.264535438627075,17809.129712880553,1578218.5265240725,"9678 Main St, City 2687, State 83516"
74357.8126002702,4.449913961827203,7.77929847313464,5.512740402768885,15391.462590412657,1848356.9521927028,"4239 Maple St, City 2688, State 56892"
66386.07725293821,8.702731047244148,5.990421190972842,5.8700165645487985,35743.9448323887,1935051.3734829165,"6597 Maple St, City 2689, State 44763"
77784.39105708845,2.578858061930613,7.140701581487611,3.409791635713227,54573.70755847602,2041772.1055557316,"596 Pine St, City 2690, State 60451"
83561.85074151133,9.048841186852528,8.138448245161754,3.4394446468992124,69818.33435832958,2207713.1214467897,"5415 Main St, City 2691, State 71803"
30893.143901505206,4.053293519167315,6.604631460601114,6.53009727888244,56181.56084800862,1412939.5901579682,"3017 Oak St, City 2692, State 90633"
71768.56435081534,6.743877982043951,8.697887822013161,3.7991601604627934,62005.777331285484,2066595.412037816,"9353 Maple St, City 2693, State 16381"
116714.93167988295,9.487953432014223,8.055089055216396,2.3150769534640525,53609.10346076772,2446386.7077323846,"8988 Pine St, City 2694, State 66615"
76712.90521165938,7.4249800122931715,7.305513380129574,5.002983517897251,63203.28154914689,2116973.0851356676,"2918 Pine St, City 2695, State 14353"
90978.80407130579,5.315438499736293,4.05554971082646,2.624088345209213,9959.08031540436,1697298.910878958,"4366 Main St, City 2696, State 95038"
58067.74721251949,7.516273671243321,8.851643776380978,5.982981207039541,65445.55393380696,2112175.123826485,"6750 Oak St, City 2697, State 84681"
99659.22403374863,4.7518370905309615,9.551339097238714,5.2087322125052875,30766.399992167648,2275084.8917804975,"9918 Maple St, City 2698, State 52546"
99562.93336885035,4.218067330793489,3.9587558666650637,6.373632526106041,64904.9245132289,1866711.2851226805,"1742 Pine St, City 2699, State 77994"
76916.64428887251,9.973466223477438,6.417687906034014,5.924186248913176,9922.634434865911,1928940.9886710083,"6356 Main St, City 2700, State 82599"
117841.24409512922,8.0063218494383,4.8122211937935315,2.560568241690981,51490.79221287383,2251807.36568303,"3338 Maple St, City 2701, State 16003"
41299.5193286388,7.157759819054541,8.281663151978952,3.9053533821721116,52819.76866356329,1878915.7234351225,"790 Maple St, City 2702, State 71194"
31525.28984006229,4.84231714575455,8.051407452032901,5.8728012495729365,69799.20780435522,1559169.7885681246,"1322 Maple St, City 2703, State 63621"
99314.23905813864,2.3932866332403853,3.9861958439927907,4.086707366331629,54975.59259483789,1783680.6991548534,"7656 Oak St, City 2704, State 23365"
102643.99836283943,2.248455008281245,9.13919089883146,6.861827423899891,29867.290878014435,2333871.086062931,"2386 Maple St, City 2705, State 90748"
40818.65062085186,6.4334500435903905,4.266811447846016,5.678702249467246,41221.15585520545,1403162.4424134374,"5086 Main St, City 2706, State 90195"
53902.45496627455,8.09626176831241,8.580813179536753,2.0774995834516052,28825.810980828366,1625200.5934371282,"619 Maple St, City 2707, State 19074"
31579.712702996603,6.299033523550841,6.198862517396034,6.399928457804182,17741.21194481578,1535279.2957922143,"1704 Oak St, City 2708, State 20987"
56397.77497025082,8.726280575512916,5.297906054907059,2.504023924342788,21152.65128764778,1678497.9312930747,"2420 Maple St, City 2709, State 98291"
99582.76865268043,2.267412264745773,4.107674838719495,2.702618620900429,19430.684727830863,1702983.9866356987,"1418 Maple St, City 2710, State 17148"
76616.4474941321,4.934016611407521,4.1732997930264055,5.672462003055255,40672.99646060884,1545889.7666739721,"2861 Main St, City 2711, State 21771"
61328.60338514593,3.8965631293934244,7.6332338829063024,6.324842797152401,63900.44124457306,2079265.9636757935,"2386 Maple St, City 2712, State 76461"
63456.53654156972,5.578183745256976,6.853012715629843,4.681748139497779,64327.23069574584,1846476.559081476,"6222 Main St, City 2713, State 60920"
30121.826314392132,2.57901114555298,3.854597951558629,3.445248664728896,8559.645539178659,833748.4497619978,"6592 Main St, City 2714, State 47310"
56982.04748087123,9.63305313256858,3.7888850230682762,3.7565777262658777,10193.461061873079,1447970.8537807448,"6576 Maple St, City 2715, State 35809"
88181.28674741375,3.7860432085548874,3.50617402340954,3.71444664798028,20932.73871620233,1662399.760990586,"7427 Pine St, City 2716, State 78132"
117677.49994347214,9.37846220386868,8.206371431614809,3.6333905190475613,21578.86441051587,2501124.0265308167,"9502 Oak St, City 2717, State 67812"
106235.47442855095,5.407145240293454,7.983174596605024,3.214548359108249,11167.796390551322,2171815.5100133508,"9046 Pine St, City 2718, State 27507"
32123.54681809762,9.884193066041744,3.409016935982026,5.044335473146165,30250.117176273634,1398337.2287258157,"1621 Pine St, City 2719, State 72164"
110870.45442073554,6.432467067681686,6.92189052917881,6.502026592825336,43202.15052493367,2385646.4899658808,"3975 Pine St, City 2720, State 62181"
100487.85719687633,9.44666291340646,3.5927330866988294,3.535412065416706,42580.54303896514,1988917.0353577,"1471 Pine St, City 2721, State 86189"
100233.85112138823,2.0427919095537828,9.326220394262592,2.9334714873070604,40322.92928180852,2321408.5879916092,"8285 Main St, City 2722, State 25300"
71219.61831032144,7.985910449447201,9.349821934260927,6.192888331857124,27013.67511768732,2033993.1230100763,"9849 Maple St, City 2723, State 95349"
65820.47636590526,9.224405224820124,7.887630928691911,5.708916654448516,50919.61954557774,2217526.493960224,"7177 Pine St, City 2724, State 55663"
57262.41559498734,3.1177645358316326,9.48332245007615,6.654185157799552,58721.45616376964,2018076.6735111093,"6789 Maple St, City 2725, State 16282"
35912.53730589292,2.769006813857212,8.680171212895834,2.827598678024548,27507.82732103155,1529792.1363445935,"9296 Maple St, City 2726, State 15375"
50541.182714432915,5.396580857487645,8.799770031489345,2.7212565705829577,10559.79835446503,1752468.1646656008,"2227 Main St, City 2727, State 11340"
52194.32714802222,9.469431249063481,6.987954953989533,4.707146971524983,24261.466320970674,1803234.1110614839,"8783 Maple St, City 2728, State 83519"
73566.93627391814,6.33909248152351,5.142414387513231,5.0721682741754766,13928.96254736868,1738866.4293709984,"9042 Pine St, City 2729, State 58411"
97269.99659370245,6.219651709773857,4.524593805814951,4.400867209297948,35378.317269766754,2131055.0295639364,"4171 Main St, City 2730, State 84063"
72642.8845558152,3.129008946394575,5.290400154272504,4.994833181619377,15135.784835545088,1525117.5481537625,"8996 Maple St, City 2731, State 56661"
35206.00045024446,2.0063160887457503,7.399468010623434,2.901898844375357,35084.90924776852,1200171.4138531927,"8555 Oak St, City 2732, State 28405"
116201.08208893835,8.48112072596369,4.208595750826793,4.398068770820417,19365.188001102106,2113075.709113892,"6214 Oak St, City 2733, State 99301"
114845.1887184701,2.700596503889906,4.810481656461251,5.29046280469834,53017.52185505619,1961657.1384508805,"2076 Maple St, City 2734, State 68248"
100667.05888335676,7.070798549882592,6.276426039568252,4.163532246243518,6791.935654329966,2058371.926251585,"6055 Main St, City 2735, State 40202"
119219.51114077985,9.31693163612153,4.631350689672309,5.397236679082989,41058.509749075165,2502205.018319589,"7998 Main St, City 2736, State 47226"
79003.40995202366,3.669215305267448,7.1205056880124316,4.255956402769198,16016.737869803685,1738793.5520499442,"2086 Maple St, City 2737, State 29095"
116649.15152278854,7.322182689895286,9.46223219919431,3.6679979042113864,5064.471190525759,2262845.5137918014,"6848 Main St, City 2738, State 41210"
36804.45365550757,2.6295886136600757,8.236625559921885,3.518025235435462,61498.00572421246,1673649.8812217242,"5803 Oak St, City 2739, State 21841"
62911.26734352342,6.830041150700904,7.664986299042392,4.05451029494294,48649.30620791439,1771065.578624953,"3269 Oak St, City 2740, State 74660"
50284.31412060892,3.311453767625622,7.079050331886451,2.115448113411004,11431.283433284021,1200764.2389147324,"2186 Oak St, City 2741, State 57505"
47624.9775720843,7.887628484121424,6.415635364799455,5.342625692230569,48164.703899450615,1767150.480625569,"6746 Pine St, City 2742, State 25016"
42672.265400340846,4.409850358351266,4.305947017442618,6.225528204901309,44757.076627943905,1427420.6871706897,"5698 Oak St, City 2743, State 28549"
86017.2277409397,5.70712807043717,9.26297318798806,3.7731354722155928,35768.18465780822,2220826.273301645,"1761 Maple St, City 2744, State 80822"
100318.96701725746,6.7954443362209735,4.739752014089854,2.230165680708593,32251.77639766491,1943691.9453157466,"2655 Pine St, City 2745, State 40466"
82046.85594783246,3.3701872853299166,3.639162143047125,6.933877986927788,62659.53458952277,1977429.2842575237,"5093 Main St, City 2746, State 92551"
43226.64386293887,7.933102548940967,8.250106254600865,3.318491277255335,20934.621293334334,1699674.7453371584,"8554 Pine St, City 2747, State 25536"
103001.13929401238,4.421122725094516,4.229308740318165,2.633105608453865,30890.153705869914,1926322.9753785618,"2075 Main St, City 2748, State 79936"
87235.92364473557,7.298974879302028,5.603271996788232,3.84876253986514,26392.50183816377,2011690.5819517584,"2771 Oak St, City 2749, State 35344"
64934.9135514296,3.266264405594989,3.197994498036858,5.692785203167784,55128.06688738118,1385638.4329484804,"9178 Oak St, City 2750, State 42573"
90671.72659824567,7.504941273650802,3.9594755977831366,3.4695829844528285,64570.24490511506,2008688.0428182557,"8397 Maple St, City 2751, State 64262"
53391.44813185495,3.025504582483694,4.212425415319385,4.873516019597439,60235.81041811498,1681900.327674885,"662 Maple St, City 2752, State 81899"
61067.29876447895,5.402851970159869,3.3808708942512458,4.077799972185711,56850.75546948495,1507437.9488118528,"300 Oak St, City 2753, State 94682"
112573.72588187912,3.9776485899110146,7.596598696359917,2.5888199613830922,69141.3464620554,2288256.862739236,"240 Maple St, City 2754, State 62452"
56145.40551042784,7.9870019954254605,8.85905457062182,3.651435062460551,50314.39577667503,2047701.109430191,"7324 Oak St, City 2755, State 15647"
72298.9441342143,4.0962800360549965,5.613207844561587,5.624352528570333,53818.4964288797,1767831.135785323,"7932 Maple St, City 2756, State 55411"
110112.70236564132,9.05373845116317,9.122035337027405,5.060019486657229,68882.16508082623,2700417.725230389,"6684 Pine St, City 2757, State 38979"
93694.92152407748,9.134561691252902,4.493426021920886,2.598891899417805,5454.401050946315,1810061.804364598,"6772 Main St, City 2758, State 33992"
35598.29035482325,3.571530521782287,5.277732964928676,2.816612048571543,46213.144468363724,1415543.1177674683,"521 Maple St, City 2759, State 69876"
43257.27398510733,6.910767560061794,4.0551589512181785,5.203666796537227,53033.14957696382,1510137.7165847956,"3885 Main St, City 2760, State 58385"
30705.743169472513,2.7017411337597146,7.343914367932991,6.067077071604344,64658.758494217676,1402156.2391610974,"2742 Oak St, City 2761, State 89017"
86782.9611206247,5.1322967968130335,5.939087136092148,3.7473724797908465,62449.87977198228,1873067.341379091,"3533 Main St, City 2762, State 21036"
70290.60828693764,7.706573836010178,7.292983427893291,4.976553759217251,59727.44428019663,2340287.7762842956,"2159 Pine St, City 2763, State 84756"
42084.736581204794,7.27538597479933,8.331724337759285,2.8532179437605265,66476.43267621074,1846799.8763232168,"9748 Main St, City 2764, State 50230"
116214.07089510934,6.997605355252864,6.81992111223064,3.556881684526619,39929.64721439099,2407427.202396483,"7626 Pine St, City 2765, State 72108"
77669.37515510578,4.260326909299549,7.393412484312515,2.101351028365263,5449.80621301374,1594334.9350431021,"8130 Maple St, City 2766, State 60387"
51770.39647016003,5.024199595475216,9.54675220076033,5.841379738997613,5718.53591530562,1768586.7892097854,"119 Main St, City 2767, State 15518"
75054.32140392368,2.8235691576022894,5.093450167261902,4.005049098864834,40401.538615160774,1767289.8165022053,"1199 Oak St, City 2768, State 16277"
91165.8299461597,7.752182563468808,5.514147570437672,6.08062786826977,33292.69552615618,2024055.22857455,"2433 Maple St, City 2769, State 33613"
36861.52961762081,6.031110374330188,8.023923531965359,5.5418649801136315,34330.92846875415,1695853.967191984,"960 Main St, City 2770, State 59717"
54723.34335431028,7.670125058765237,7.279138619387707,6.143721328642385,31026.307918652405,1711939.3278958758,"5937 Maple St, City 2771, State 88691"
102626.89417955943,3.991548198374982,4.249730331778004,3.4282933479144138,64652.17759093032,2194221.078485347,"6659 Pine St, City 2772, State 21642"
71369.83833623951,4.59550582908053,5.633031170073432,2.9255436521392264,28346.072826036343,1650466.4351411122,"8637 Maple St, City 2773, State 29923"
79191.94278290654,4.673722698080917,6.274866091873005,6.859528413258353,60654.75121460041,1995375.074118475,"2709 Pine St, City 2774, State 19227"
68953.44019885223,2.2059392779777296,5.935728865778725,5.5866389352043475,63686.211596456655,1730932.4888595038,"3045 Pine St, City 2775, State 85186"
33950.99483787046,4.728382982644988,4.247923658254285,6.170211339633352,37467.615049932065,1237203.5881585241,"1631 Main St, City 2776, State 95947"
44917.480183814034,8.426436588144268,9.471010642489837,2.065666868549669,34050.97242873074,1814511.834432335,"3117 Oak St, City 2777, State 90082"
70098.74748677018,9.178387965997908,8.336231331857832,3.7723081014794326,54466.33927400404,1967556.8048956608,"264 Main St, City 2778, State 99313"
48826.6918867135,6.14574652508742,6.3694908247549655,5.714083452886658,51018.14799659236,1721830.1814617896,"4200 Maple St, City 2779, State 83948"
34498.11257937109,5.644013561753762,7.760427198147856,2.3899141649499165,26354.782578753387,1437499.4495149208,"334 Oak St, City 2780, State 52440"
105928.46976466413,2.246596949594962,9.280978704948652,4.836699647844679,11665.628185102029,2166388.12560918,"436 Oak St, City 2781, State 98797"
118307.32762477042,9.033634700683061,3.9532189965309987,4.145363837275016,22215.40601186122,2134136.101537741,"43 Oak St, City 2782, State 27349"
101382.85865970654,2.1040817074069817,4.752611354948844,2.0880825357055364,13516.852877799432,1552364.689409383,"216 Pine St, City 2783, State 30704"
106840.64295342003,9.558000641681694,6.798908730796516,3.179877885597257,24157.597925484937,2305625.9918320514,"2706 Maple St, City 2784, State 51732"
51777.94172853408,5.913729989504725,8.59307259946651,3.423959945333571,22018.40176275194,1552485.7200826164,"1823 Pine St, City 2785, State 41233"
116456.42779618797,4.735475948597813,3.2537842680906914,2.5592997317316124,46451.24255263638,1985018.340307614,"6437 Pine St, City 2786, State 83658"
47723.313400808554,9.39374747874128,9.888127051374523,5.157684548713302,67042.24184956067,2041730.4918121414,"8250 Main St, City 2787, State 14946"
115628.6829325649,2.195127944880774,6.18434622017678,3.2119893812594453,49573.34260148143,2217099.1835121005,"4744 Pine St, City 2788, State 59612"
119533.7364569356,6.651399158952697,5.514617984352061,3.3880974980969416,65232.211524197024,2465307.7393951267,"9161 Main St, City 2789, State 23521"
94055.05251714439,6.391460195994701,5.049071064878403,6.491192991000737,55968.59680954882,2046009.4062968164,"3816 Main St, City 2790, State 17629"
118302.93586126398,3.7545632096910566,4.220496953556101,4.335615463465697,52312.04543462626,2166139.7677925867,"290 Oak St, City 2791, State 25791"
81258.58016103934,5.4310994508016845,8.541017362510196,3.9606407348463617,31914.026113867192,2056962.9381914085,"9313 Pine St, City 2792, State 98312"
53358.760485848135,7.218112047550162,9.687899153222675,5.619355191573586,26111.64268611896,1867762.9855631199,"8925 Main St, City 2793, State 29960"
69329.62970990589,7.81704957505542,5.895513283917787,6.54806898441456,60008.02921073975,1849984.4384284795,"7986 Maple St, City 2794, State 79318"
83420.48418409075,2.0057348696526383,9.666944863274193,2.125181681187219,63850.56014038534,2122498.993865663,"6916 Pine St, City 2795, State 14937"
36577.34058243135,9.494827440728123,8.766583308045238,4.241194232776982,34372.36208731058,1761510.8952106975,"4059 Pine St, City 2796, State 54477"
86010.89381555215,3.316202979142499,6.367357892334228,5.053906780389736,5589.101382131887,1824367.3857913439,"2157 Oak St, City 2797, State 73904"
118306.0053086065,3.8686434737788735,7.718183253882929,3.592815490629948,56514.51882892058,2385707.3193373294,"8135 Oak St, City 2798, State 68411"
47109.688480535486,4.107787565550786,6.04488925419324,5.862038610616208,23529.47463069896,1383627.6652406028,"4438 Maple St, City 2799, State 79456"
101333.56046595449,2.3025610924162825,6.911063857487867,6.857385351351369,5642.711226099848,2095067.757859476,"1128 Oak St, City 2800, State 84718"
111710.89144016574,2.9844169887225993,3.4063243591295267,6.717136831251416,57324.256333447935,2084615.748433232,"3487 Main St, City 2801, State 47495"
114933.14335381988,9.890799383553297,7.873844327103732,3.3299126968997093,38631.92227309838,2201327.289646235,"9618 Oak St, City 2802, State 81017"
116412.20439649026,4.5217338990182885,3.369772511388957,3.13169139218743,49538.69851200049,1952795.5972734727,"9650 Maple St, City 2803, State 60203"
76931.36748493247,2.9224087227123947,8.719594628437546,6.787452655106105,64454.83837439104,2000490.5535838446,"7275 Pine St, City 2804, State 73428"
117957.71171923533,2.8559300893969866,8.774628506223902,4.2931424371573295,40176.29895897685,2274039.876297688,"2588 Oak St, City 2805, State 74657"
98157.9186420995,7.755679741359775,4.659541012893502,3.0414886154234586,37707.61471763278,2007435.9466794778,"4868 Pine St, City 2806, State 65984"
44550.42926132657,8.836549312261127,5.265639467250602,5.5349848181520915,23893.03788763713,1629502.5004478733,"128 Pine St, City 2807, State 34681"
72921.0095821173,4.055618396067759,6.369172649908053,3.422101619518958,24837.599238596922,1694512.446607116,"1407 Maple St, City 2808, State 31984"
94649.80578348035,2.1672760986818798,7.17664034852737,3.3362348753552618,56775.23429192698,2120743.61602786,"8183 Main St, City 2809, State 19192"
52260.6284237175,3.7847201475628465,5.011475632193977,6.396245215388924,34186.90096308591,1539242.0412187995,"7489 Pine St, City 2810, State 15097"
87655.36651939986,2.4521255263740587,7.147404832423475,2.812395766884517,15629.203559527825,1790944.9118233046,"4113 Oak St, City 2811, State 77407"
89994.04311419572,2.827159493040332,5.084509512605092,2.321964732331182,11144.369660032215,1593589.1893858053,"1090 Oak St, City 2812, State 39808"
44642.97694277093,5.452064958781139,3.388435047497425,3.345932200858436,35739.80759601566,1397864.710444982,"5536 Maple St, City 2813, State 57004"
80857.67812074807,3.8393469668930607,3.0176928488233625,5.034727064191019,35222.076535152475,1537484.097740404,"4540 Main St, City 2814, State 86258"
99446.4219880747,6.127567028203387,3.7080574054290003,2.615439267016353,47474.788083350744,1884293.9552789617,"3316 Main St, City 2815, State 53524"
74900.60980823477,4.027950026057523,8.545754901148127,4.357973361383969,35619.386053434144,1752342.787288511,"1394 Main St, City 2816, State 37668"
31089.28050984967,9.524298408823581,9.73001918668336,5.136685552126599,14325.920768723958,1896855.8352627656,"721 Maple St, City 2817, State 79133"
30813.462217136297,9.247551743410117,5.988763394968535,6.24368496296587,38007.18751190338,1619267.191809929,"4960 Maple St, City 2818, State 99556"
62132.6409573011,6.534448840083728,6.588787674149599,3.1493479560112716,63941.31125259164,2182699.431069589,"3881 Pine St, City 2819, State 88386"
113357.46615886038,4.835391935899089,4.027937183513982,6.086731616913947,15363.691755313806,1916446.3711724184,"4865 Pine St, City 2820, State 33057"
50580.910164324785,5.0491750562778845,6.857219468761099,3.174531305656193,49834.051663553684,1660109.4223871576,"8482 Oak St, City 2821, State 42700"
87092.73199845184,5.294818265155976,4.012584314048838,5.383832706198202,43600.852222759226,1890844.7160268077,"6244 Main St, City 2822, State 91280"
49986.828362398854,7.820634577079552,7.27850031839181,4.153367857412276,53658.07223626717,1755881.4375541438,"8587 Pine St, City 2823, State 31261"
58950.299069359375,5.613111964150703,9.532810673065978,2.5734062118933507,14789.017772793528,1819785.4893550982,"2140 Maple St, City 2824, State 53418"
106323.78806413355,8.853839572047178,4.369889775121277,5.571317314109244,66204.34689888965,2357148.4383768407,"4502 Main St, City 2825, State 53639"
95597.52980429522,9.552758287442916,8.351946026399714,3.088813092745089,45362.817804865306,2390878.557366071,"6163 Pine St, City 2826, State 40571"
38585.934958188955,4.687569227031471,3.1645169597282683,2.8831171301229572,60059.623949923895,1377451.1972393335,"8605 Oak St, City 2827, State 65282"
68583.18188877903,6.485555851005441,5.628480689251347,3.791614642946916,21029.439639215314,1588908.8322715887,"6156 Maple St, City 2828, State 25271"
32625.2787280738,2.7604522946605154,3.775239554813563,5.266451223797418,53061.8378108675,1217087.503475331,"1379 Oak St, City 2829, State 72030"
73280.11319427082,3.603752382130872,5.467328091169896,3.169982393953139,55766.99578170473,1869775.878208466,"7136 Maple St, City 2830, State 10710"
89619.06105309613,5.307726133681281,4.2147584374721845,2.9183076939094286,30833.292705159918,1669811.1109602526,"7462 Maple St, City 2831, State 14892"
40665.23612383364,3.649621727214231,5.6131349308602125,2.0497681285668214,29956.974437422436,1219773.5598427518,"3500 Pine St, City 2832, State 27114"
55999.64450182491,9.012483926309741,5.922659642752713,4.358215485508618,47756.757226673704,2088494.119799763,"6421 Main St, City 2833, State 48960"
65805.29629519413,3.2662900484727846,5.104137859466428,4.143227846575914,11071.499314414039,1456791.9326178483,"8802 Main St, City 2834, State 66340"
112757.79221904448,5.645286572424736,7.596353646311904,3.1693387181868813,52815.56976413808,2326088.805218669,"1468 Maple St, City 2835, State 53479"
119392.95138806677,6.845593923679005,9.431964358812369,2.2682608200484538,7787.63938956171,2478014.856326717,"5258 Oak St, City 2836, State 33365"
34042.01690960543,7.534911265286755,5.804167618736907,4.146279372979185,17388.369572853688,1336020.0157538862,"5525 Main St, City 2837, State 51500"
98490.71311458528,5.064554957812054,4.34640209532515,5.941025555358157,48169.344220688865,1848432.9420106495,"2875 Pine St, City 2838, State 82493"
63455.16597621089,8.952792549797827,4.895059307371883,5.576410656635884,11391.038360977649,1835279.9378722326,"2693 Maple St, City 2839, State 21261"
65321.236760653206,6.546553208623404,8.978005764474583,6.303974449300851,68169.73594599136,2118442.4759915494,"5225 Maple St, City 2840, State 37474"
97883.84760123205,5.516062243580414,7.001478062891035,2.0479134385657782,61445.75361502355,2428597.2669544443,"6767 Maple St, City 2841, State 73318"
112658.37889308677,2.537925072416293,6.185077226148701,6.832096584022993,45709.651606437874,2132864.138650237,"4 Main St, City 2842, State 80295"
115583.57350522936,5.71751574756132,4.047457050562487,3.7070612631372417,58238.73461850774,2381240.0656181998,"2935 Oak St, City 2843, State 17361"
81941.03274344887,8.565886726525843,6.148091158266474,6.951988980459824,62692.70315832191,2124708.0347754974,"2408 Pine St, City 2844, State 68440"
62140.90433704526,6.916328145770524,4.949444023501707,3.2630973030088732,21865.9172221682,1672952.8363668476,"3150 Pine St, City 2845, State 76893"
100879.41772729013,8.657299629832947,9.602141894973444,4.357681937891224,60211.753216705765,2691592.3618811546,"6229 Pine St, City 2846, State 36150"
52590.12449360702,5.952093364794445,9.18849076591012,3.7696383828765185,17661.595936444115,1843756.9281726333,"7474 Pine St, City 2847, State 11605"
80766.66259501659,2.9476936407558547,3.587317792797386,3.778803574971513,31867.247169673,1611539.3451768858,"7285 Pine St, City 2848, State 64721"
62272.06153723858,2.1091187666870486,6.6165744248287,6.211410493741079,41286.87603115896,1600504.688432944,"28 Maple St, City 2849, State 56029"
89096.79663370884,4.4257563737487295,4.575408418602704,5.732094698686694,51402.91259981211,1776381.4782721028,"1353 Maple St, City 2850, State 17531"
51635.90216041562,7.58392377198234,5.875439626670034,6.96075717615024,6959.1856519643225,1604117.250847283,"419 Oak St, City 2851, State 51220"
47243.365116134315,8.32207923153355,9.137935987760194,5.067573413587563,23883.111830582282,1913318.279077888,"2108 Main St, City 2852, State 72876"
112641.51780078934,4.366022676962635,6.692601639219814,4.316283021972513,44553.74138367537,2185197.1784556126,"6307 Oak St, City 2853, State 73841"
39162.33146545832,5.965231367065977,5.339507053595319,2.4503693147344556,28228.96414469272,1359456.744476991,"4292 Main St, City 2854, State 90496"
75536.21169614384,5.368951235472653,4.455218478734979,6.9828070975692835,55376.62861591707,1899557.0661580076,"9097 Maple St, City 2855, State 50428"
49876.750466670805,5.284182274811423,8.602274015845424,4.757653264661414,47357.39047479656,1739672.4453343516,"8760 Maple St, City 2856, State 92698"
33503.69669931007,3.850789705601204,7.37162610755043,5.502387348450709,20236.094492042823,1423055.7619599772,"9118 Maple St, City 2857, State 37814"
33241.69364622838,3.090968840235667,6.276458222983619,4.033711935956557,14485.38367350165,1155799.1103894971,"7522 Maple St, City 2858, State 87207"
45769.95948952446,3.573508465849705,4.5223904770408465,4.73857854089618,45888.05458315828,1299765.7954733374,"1616 Oak St, City 2859, State 57901"
108009.33190554002,2.442659097306769,5.339724619099919,6.712888659464436,34280.37630080925,2080930.298559111,"1944 Maple St, City 2860, State 50476"
55423.0869579324,3.5850459345886163,9.718903987169629,2.832097189658014,15982.20767158571,1598170.3181606396,"8234 Pine St, City 2861, State 22861"
115541.32535177661,2.0736071810030356,6.64062956324084,3.461862921651273,26214.323345694527,1979604.7230147235,"7835 Main St, City 2862, State 18632"
82346.00636902743,7.018067205087826,5.80489496870277,2.760298638890162,24698.038640708128,1852259.2588297985,"8296 Main St, City 2863, State 10310"
69295.27707918895,4.531003259101463,6.649954296438267,5.9610795190238735,12028.578202059382,1827905.716108461,"1908 Pine St, City 2864, State 78991"
82207.99512025091,9.785157691415268,8.45291954129726,2.3102263021091476,40549.086252239824,2278902.0271739564,"1692 Main St, City 2865, State 14502"
76502.85467036409,3.549736406210383,5.380762555520081,2.4081582492566915,54637.16120431602,1771235.758202514,"581 Pine St, City 2866, State 66795"
98289.86283815926,4.766628562476751,4.250942846528262,3.4924705639368434,42405.347775444156,1848342.0864233675,"6863 Pine St, City 2867, State 28244"
55424.64593755671,4.862729269132266,7.094552828373335,4.570940904605056,58708.9387209279,1787771.107407204,"3876 Maple St, City 2868, State 78827"
61774.53524402721,2.0676119684996843,7.65642872436747,4.031374002797932,13291.955569003036,1516153.523391648,"8379 Pine St, City 2869, State 22219"
110468.48722799256,8.713663624315672,7.989026020709847,2.2240815533540363,33314.77075844455,2442117.0591470436,"9815 Pine St, City 2870, State 36953"
115181.08618353649,2.2559556811545978,9.173913135362907,6.787457789354757,44611.98173777644,2395608.5817868267,"6493 Pine St, City 2871, State 28274"
110330.2404737827,9.521438677833931,5.5982188448237915,6.764347601790418,48940.101461223974,2608862.77012288,"8472 Maple St, City 2872, State 80819"
67750.31945615822,9.136594808748965,3.5274842736022425,3.3967816162037994,50226.10991752276,1732249.0511107235,"398 Pine St, City 2873, State 39099"
100232.89527061935,6.2841753286877085,9.708440085416596,5.657628076342908,52382.752761362266,2354131.418550469,"3504 Oak St, City 2874, State 30854"
72870.21599709889,6.3487645992903365,6.045083492062327,4.892877056916118,47342.93779274108,2187527.730408683,"7160 Pine St, City 2875, State 43399"
74778.5866931492,7.230223383649251,7.3628025677119195,3.1873834750281205,11124.825781156396,1816830.0055931585,"3037 Main St, City 2876, State 72886"
48421.209815155555,5.096400095479096,7.664137261898046,3.310857758708077,50194.869044149265,1833780.1405684773,"928 Pine St, City 2877, State 91623"
83201.72729326648,7.177778267182844,6.825595960908425,4.455765871552252,52110.87269033519,2271660.2869587,"9858 Oak St, City 2878, State 27445"
46752.23079780131,2.358147109507895,4.436802708153891,4.096184707486801,69576.19573168576,1505661.83121379,"6711 Maple St, City 2879, State 78897"
59840.822916047444,2.4323810187978125,8.28600135081299,3.4561466411563213,50068.55838557319,1717131.8573682194,"4738 Pine St, City 2880, State 81237"
106952.71814579416,5.657843356956355,8.626263820128571,6.037557981525745,49643.97572385068,2500535.554968505,"292 Oak St, City 2881, State 26964"
48636.82282897697,6.3969784088482795,6.870829102122078,4.4073145881869245,38462.86386182818,1552966.2129262055,"4201 Oak St, City 2882, State 76415"
36404.245665608956,9.102541122686553,6.419928124093891,5.27424031194564,61414.989058032406,1997080.6947482876,"1483 Maple St, City 2883, State 20487"
36210.683335153466,2.83728507126317,3.797567281895897,2.9463675008393775,69794.25952747528,1159958.1923106557,"7071 Main St, City 2884, State 38020"
114670.6068452797,8.581183417551115,3.587661630498487,4.667538312582433,55637.91656283308,2255603.8056877824,"9322 Main St, City 2885, State 84336"
75622.83941656511,3.6803786983365567,5.376953918944701,3.5898802472331077,44812.52456075755,1712061.3215228613,"3926 Main St, City 2886, State 94506"
66847.08646353165,5.152669188080255,5.175923088621753,4.632068051974391,10132.063750551933,1519056.5559573648,"2120 Oak St, City 2887, State 72959"
102979.07229071266,4.532819478619303,9.675595156742899,5.9041291670546405,52238.043562425795,2403106.0739719523,"7353 Oak St, City 2888, State 78781"
105224.33351194645,5.201242182923192,8.485359197104009,5.844566050456308,51056.501957826775,2561187.5765422364,"7778 Main St, City 2889, State 41715"
59897.19298040442,3.2039639845806844,7.619470066813419,3.7711033901713797,55411.92960761306,1853948.4124701866,"4511 Maple St, City 2890, State 11136"
92425.62517264156,6.02856059522844,6.623536623123235,5.471385585398195,13096.100245966805,2017394.0005620457,"6209 Pine St, City 2891, State 80497"
99401.0534266698,8.413140718650938,4.171572715086559,6.706449751971385,47492.61250819932,2147094.6369066327,"6545 Oak St, City 2892, State 50355"
88918.5618179359,5.532272083031176,9.849196705289987,5.1283466496245325,24222.05382185885,2335123.2145365938,"9531 Main St, City 2893, State 53851"
43643.55673200895,5.924908607185593,5.62528488768147,2.7420506169131857,54417.63082118419,1490606.5980294468,"6501 Oak St, City 2894, State 27135"
108829.47751653513,8.790140682250513,3.7484792171307135,5.398543146395475,20624.307012045305,2249797.1601342065,"3590 Main St, City 2895, State 92186"
78518.50974624079,7.6484649171042465,6.456592270010223,2.5245219317465564,49458.6139933267,2018286.544385811,"3822 Maple St, City 2896, State 52148"
55422.518373300336,5.923635268158278,9.117986081291583,6.360552043965136,24174.54155395868,2014513.2554302628,"5914 Main St, City 2897, State 49577"
68270.53668939245,4.061565185513437,9.211037012441306,4.583302479009701,5584.629033133024,1776706.7740824989,"3178 Main St, City 2898, State 64681"
33381.39813590166,9.079413974759733,3.076761412395131,3.9257036815578976,46168.264278251205,1389691.3431307012,"703 Maple St, City 2899, State 42968"
41508.01211001758,6.616163213524467,9.204070213259797,2.285032973248462,12362.490405329954,1735119.4462071534,"2014 Pine St, City 2900, State 88680"
98899.20754642748,3.769180880885547,4.90038952249901,3.9039186729605486,47853.945731233915,2145262.0853339033,"3542 Main St, City 2901, State 82691"
30001.047127982954,4.152958021104083,3.2728065477789614,6.516033339578947,65164.61414320094,1446823.6488112118,"3506 Main St, City 2902, State 91645"
67490.9245634063,8.425064711489966,8.934531892540122,2.104914981431516,68000.98572372086,2301790.872611106,"4160 Main St, City 2903, State 23407"
77025.91629770296,2.3531644966996437,9.047067291917458,4.373240788909024,20335.000676294818,1903483.3415099129,"6684 Oak St, City 2904, State 72803"
34917.097800087504,9.93673749623056,7.17361755889645,6.655790455553111,57601.45979729257,1856883.4011512126,"9904 Maple St, City 2905, State 55094"
117577.03466750996,3.0428134377183342,7.021036301074509,3.9742049988251056,27980.962996708622,2178247.8617058164,"69 Main St, City 2906, State 21383"
50351.27981247047,8.3685482031755,8.691841908349936,4.140878437310752,63529.70972861885,1967857.5443142182,"9302 Main St, City 2907, State 13018"
57377.88476726528,5.158202534173463,8.504166868971959,4.892800275995599,56186.8219609093,1977318.6553519745,"2654 Pine St, City 2908, State 73568"
57354.82610295246,5.937729466299735,9.230738314098929,4.314686667885917,9804.911581974637,1831364.0234882336,"8533 Main St, City 2909, State 94195"
50737.49959056149,9.045204619716623,6.869232133176924,2.843008456187762,31463.904602023023,1555699.0600945288,"1919 Main St, City 2910, State 78957"
30132.643987768028,5.303289516713706,9.77352964912966,2.092777695349302,26925.658690628814,1549658.7728765325,"5930 Oak St, City 2911, State 64917"
95641.03146791967,6.299950029385876,9.973027816533369,5.049058289893508,56036.76634701301,2542393.111811941,"2088 Oak St, City 2912, State 37934"
117016.09498193568,2.3943972992733595,3.815812269990428,6.6040329350390605,31668.571192455343,1943238.6546818053,"8186 Pine St, City 2913, State 30253"
50186.41349565405,2.0187797909396252,8.946806316878854,2.531820665135828,49498.245847450446,1677798.3629308143,"5717 Pine St, City 2914, State 17996"
89674.24726230802,3.958398984013807,6.498755804240123,3.0547635962637667,44158.29161337863,1792825.027782155,"8731 Oak St, City 2915, State 74802"
96770.66942628435,7.444664743350138,5.712964368098825,3.8511474291248673,68416.51674134619,2177007.6569027076,"3388 Pine St, City 2916, State 60009"
106358.28411814723,2.9701191468730936,7.291506169179005,6.043711145105599,65956.02219210497,2409994.553689534,"132 Maple St, City 2917, State 29299"
68036.62773122481,2.9100956704363954,3.3917589008340494,3.346301582354888,32800.468458016716,1361660.3292261,"2587 Maple St, City 2918, State 44799"
57263.78150763863,5.287684864287226,6.545227831369559,6.410272021393842,52032.58375667471,1847099.262356992,"1926 Oak St, City 2919, State 14377"
59276.5620620728,7.182696308865812,9.096233990186667,2.274789373250332,58914.90610877942,1987765.2509495008,"6636 Pine St, City 2920, State 21763"
94135.91997886615,7.696575937983444,4.494230612972782,6.704783106294674,63427.57400103944,2205957.2112473794,"7367 Maple St, City 2921, State 21563"
103510.15198550724,3.4276053927869983,5.984729263385976,4.803735389368825,9428.72714547144,1646314.6099602024,"666 Maple St, City 2922, State 98618"
46345.25709809424,2.6367051789763396,9.576366214004128,5.2938883924385225,24635.121952777292,1727990.5824292086,"5442 Oak St, City 2923, State 28030"
63384.69073419887,9.523176271564353,5.999946864639881,3.8384476126817657,25814.952662953918,2015022.9456818667,"4508 Main St, City 2924, State 64751"
111174.6177074235,4.085331060496814,5.508573426326788,5.909971427555302,33238.98682929211,1993690.9262568743,"1164 Oak St, City 2925, State 33217"
102602.41677252653,8.82677198086979,6.083756536863648,2.8328312504220303,16002.208796502237,2025026.052462062,"7672 Pine St, City 2926, State 89030"
118637.25624862283,8.907931603702547,6.636169365622894,2.244559126392435,37253.38219675052,2460354.366520461,"5053 Oak St, City 2927, State 22190"
97882.34337138727,8.180180734100356,7.4239394089202815,3.9775847155377857,48108.93127439965,2489007.7500213194,"9017 Pine St, City 2928, State 84460"
65387.56809251301,3.3506688532205606,8.604849606417119,6.268478569905198,37328.65481408665,1884284.9915288223,"4487 Pine St, City 2929, State 66031"
83157.40505951739,8.574411674033602,6.1647154403502,5.774634183188473,48276.55118784503,2045161.848878499,"9780 Main St, City 2930, State 88484"
89491.28288225882,8.154004473932694,8.722366545630983,4.58577985244479,9318.70606816352,2163707.5784200756,"27 Pine St, City 2931, State 94590"
37061.023468541156,6.773783920849737,6.736044629464565,4.860688735826767,61939.176560981665,1600706.3379335953,"5628 Pine St, City 2932, State 81446"
79004.72631934786,4.697616281351622,5.3693635725758435,2.6494641314937772,66039.49748656945,1797273.94515791,"127 Pine St, City 2933, State 56474"
93838.87456253485,4.100068834132353,7.605655796835899,6.203407543087911,45163.98256771216,2133362.6802947046,"8511 Main St, City 2934, State 55749"
45058.91736009544,2.9751136966428717,8.024055783204439,5.9347984148209845,62290.4149113983,1637832.8892669114,"4874 Oak St, City 2935, State 38671"
100256.85456830014,6.078056535206971,6.906342829406412,5.282351969434714,13543.991082133807,2007378.7408721172,"6102 Oak St, City 2936, State 97197"
82539.55024627005,6.682087004078772,3.3963048119430637,4.330955181644692,56834.179804960164,1852757.19211845,"5837 Oak St, City 2937, State 73365"
115699.96071278352,4.874711924126298,4.189180126125774,6.822296341397562,12744.63257571861,2025765.247758455,"2409 Oak St, City 2938, State 12839"
33818.006838620255,5.802872541446948,4.997084046231597,6.395159859382355,31520.665047339884,1235150.5067931511,"1109 Maple St, City 2939, State 24214"
53879.35237999202,4.9081156589541335,4.978379241660452,5.222152467573093,26048.204746287876,1509013.4160900288,"7555 Maple St, City 2940, State 73413"
84139.84913698416,7.12804845856561,7.713945601728094,3.8590049885864395,43063.46863932953,2107810.6689774706,"1926 Oak St, City 2941, State 48862"
56690.39209853376,9.210073662372507,3.128440631715428,5.090111393407562,24598.44479056968,1625404.5727515335,"7634 Maple St, City 2942, State 11976"
94298.1747664118,3.311362096375559,8.289772439346638,4.877204632653327,46425.38592836363,2228224.4683208307,"4630 Maple St, City 2943, State 20921"
98310.47542697379,5.051270479224987,4.857397323648533,3.9712099391745816,28880.17379487726,1833343.1131769887,"9356 Maple St, City 2944, State 72563"
39226.4367659827,3.1269488316068905,5.170152923512717,3.5333698584403805,60951.37476698019,1434396.7821130748,"3445 Maple St, City 2945, State 29478"
76246.90177860908,6.999550163262656,6.69536879560747,4.0350539611866125,46202.44961427475,1916444.2925349104,"4380 Main St, City 2946, State 61572"
75800.15000319503,7.830964075908766,4.5114792065727025,4.869557030166989,18994.389325893997,1883902.9041712135,"5284 Main St, City 2947, State 27205"
63235.26931939869,9.455301860779647,9.191299195028693,4.140674223555472,26848.412431825658,2018970.3906154106,"3640 Oak St, City 2948, State 64916"
113963.23763127049,4.230975410087719,3.597581455285957,3.3178724410069194,60082.35769573263,2074210.5858113894,"1820 Main St, City 2949, State 57596"
104475.56878858991,9.601689646923441,6.110676536107454,5.8048165888040435,30121.183749184802,2319683.795066285,"9459 Pine St, City 2950, State 34395"
92748.84437186731,2.5061013745653984,8.94595588618423,4.657337479787065,39826.93926176694,2005635.352620368,"276 Oak St, City 2951, State 73090"
94289.39721614978,6.824110906916705,7.3109072609486505,2.338375816128,47181.22583690163,2265121.078230104,"9523 Oak St, City 2952, State 20535"
71554.45294318072,2.45706175474664,5.046306610898434,3.8415825281306275,27607.62722308459,1433974.5771136764,"593 Main St, City 2953, State 60539"
112889.50689869183,9.150193502095558,5.945321454435225,6.424567286059967,24108.61099927444,2205303.317526855,"3996 Oak St, City 2954, State 40977"
92513.5884527957,6.238472456560433,7.946860662397603,5.77618265599976,35891.56866952186,1937350.3470585863,"5073 Maple St, City 2955, State 87837"
95608.29554902347,7.354786806102369,9.812825203547295,3.6162339197200355,18967.26318603129,2224667.1761580976,"5134 Pine St, City 2956, State 23295"
107552.18134086108,8.65259140728362,9.251971028656033,6.690915760222546,23473.688149739122,2703995.821550544,"9256 Oak St, City 2957, State 98810"
54666.44304079719,3.20248497987175,5.3970296586766375,2.383014541791051,9035.101462082346,1380990.8424101996,"5906 Pine St, City 2958, State 13361"
102636.38134800327,2.3087324955050708,9.987385155015001,6.806173519460945,24758.067938115353,2196906.9556961386,"9047 Main St, City 2959, State 86623"
47571.65426608428,9.031049167302818,3.024532644717408,3.228525462423378,25845.766068632005,1357870.7153491,"2999 Oak St, City 2960, State 12455"
61080.7757020399,4.51946581967146,3.1934082906589056,2.0454709015120964,67519.15580893579,1444722.3097911237,"3793 Pine St, City 2961, State 37727"
60204.94088428584,3.031831263417322,8.766883606198357,4.169040182591634,43332.37365528221,1663381.5197187962,"5865 Maple St, City 2962, State 91733"
118067.29215502265,5.747689896696692,4.396238807831364,3.7948521484350435,56179.857652027364,2119618.186562424,"6992 Main St, City 2963, State 11308"
107088.35013731342,6.78644860556815,3.425384878773686,4.695445026033969,7949.521430720959,1962962.6318281386,"8132 Pine St, City 2964, State 50857"
93105.28754312338,2.247764827380081,4.660036512655516,5.983864302849227,11924.885084544174,1705773.1794588168,"7798 Oak St, City 2965, State 88233"
95435.10854538511,4.199165266056702,5.982701077866022,6.2121540107522355,57944.9024560685,2146323.4534418667,"3214 Maple St, City 2966, State 18438"
80586.5514962314,2.262398994215168,8.113963893033834,4.00614999805846,45530.72071214632,1782426.0184521785,"2225 Maple St, City 2967, State 93287"
115238.16003976672,5.362683113563992,7.370348685858438,4.1492287185317505,17413.83198511319,2231759.993829458,"5145 Maple St, City 2968, State 85651"
74663.28775941255,9.160800232529954,4.663348522922943,2.7408886516473685,31311.701381012987,1586141.4405601427,"1551 Pine St, City 2969, State 93253"
64246.59388829051,9.861219291948554,6.522893136704091,2.2377380444058175,40013.712498805486,2008839.327368915,"1799 Oak St, City 2970, State 62607"
44673.18032384319,7.09638042802902,9.483498737789981,5.206074951175124,59834.63889393371,2041443.656741718,"3366 Pine St, City 2971, State 61779"
100758.50870349522,3.2931015502767345,8.705054438886304,2.3221881277634613,8926.779460142123,1848420.8155833248,"2085 Pine St, City 2972, State 71986"
96099.95388680323,9.246795119994445,5.262328493822554,5.669150597107279,43786.94880887855,2394977.392080174,"4974 Main St, City 2973, State 55427"
64591.95346717214,6.129982585600484,9.875851929489874,4.695450725111238,51607.334903134455,1961770.5486630872,"2150 Maple St, City 2974, State 65989"
32267.407256330644,3.2299944968233447,7.960342803045917,2.992914891130417,68562.97076417986,1606634.1404279189,"480 Oak St, City 2975, State 95650"
105509.75949462097,9.37381335561329,3.4371454896674725,4.697614717563248,57465.40508899199,2282532.5457699955,"6360 Maple St, City 2976, State 91546"
31027.618510866625,8.059752405784824,3.2461249930204708,2.9149885830104942,22954.775381742773,1051210.2953033259,"1351 Main St, City 2977, State 35275"
93332.98016661458,7.8536421817852125,4.17885564307021,4.193686037552061,51122.64760208723,2037959.1122570094,"2648 Maple St, City 2978, State 47876"
117323.13987534514,7.673445630355237,8.094991076351027,5.997801581211144,54613.062520253516,2493819.542201611,"1722 Pine St, City 2979, State 92253"
69389.51953333832,3.6027185687715386,4.286172480896996,4.309596467053187,52432.807494695684,1323739.4220961125,"8856 Maple St, City 2980, State 76759"
51147.60644963575,3.6880535336602085,6.580407384461834,2.743496591487741,58309.36441687155,1489375.4290721389,"3455 Pine St, City 2981, State 56414"
93438.39090390435,7.50634398741804,3.652820841265822,5.619143409114725,63742.44845388644,2027550.8260278855,"5878 Oak St, City 2982, State 65511"
103541.53278140267,3.757782000883175,9.446203104811365,2.9338420813500443,11397.941484307117,2188431.264186211,"9133 Oak St, City 2983, State 33199"
79178.72844700626,5.509373574424391,5.407724295084973,5.692749371850548,11809.650749272725,1736445.4502060418,"5375 Main St, City 2984, State 47301"
117033.17477305315,8.256014604751531,9.356924395924416,4.396761446079166,56765.99927009199,2756773.8153135106,"6 Maple St, City 2985, State 40208"
34650.1849492165,8.271620144782727,9.61412949337381,4.2687087954715075,21404.210973895606,1662853.372606471,"6720 Main St, City 2986, State 84240"
75431.60384740753,5.626094180206877,3.0429005311957655,6.2571751892873735,8805.192426755066,1457792.877388338,"4965 Main St, City 2987, State 23558"
94660.85525902951,8.33751950620196,6.2489463103911245,5.543017621703344,31079.896763739376,2092097.5842145644,"9169 Oak St, City 2988, State 76156"
107637.6424034261,8.708974369584453,3.1725923899482504,2.164553984774696,58291.99926869508,1999531.7488930789,"7596 Oak St, City 2989, State 73850"
46133.0050717011,7.238206010274082,9.360849364120341,3.4808715730080118,13226.726547908725,1683298.1375914009,"8786 Pine St, City 2990, State 81388"
102000.31335873132,3.8274068184673613,6.62885281314203,6.354603304249493,48669.728167290385,2183119.678035614,"8815 Main St, City 2991, State 33687"
79743.63681466907,4.19209424308438,3.5246080888894777,2.0916308427259933,5235.031015151901,1320669.9558271868,"4530 Pine St, City 2992, State 77060"
65689.8313790967,4.518729243269883,3.771937097935968,4.726267231309851,12132.934068809245,1354692.164130183,"7227 Oak St, City 2993, State 73627"
41854.35257211842,2.934432861871616,5.684563171449174,5.63912834586972,27805.272474951646,1397721.9163726876,"893 Pine St, City 2994, State 97243"
107876.61830180211,4.185276962959561,9.581639350110226,5.109280427422879,10434.148266586912,2209934.8914613677,"3022 Pine St, City 2995, State 70115"
44154.58873617438,3.676153794500257,7.850364060976566,5.802661010522182,59983.60838341234,1593983.9110988202,"553 Maple St, City 2996, State 23149"
57880.90732881893,5.642629998468817,9.073332063323928,5.62845924457373,61164.582704455475,2117829.181297158,"676 Main St, City 2997, State 90212"
56104.097876619315,9.26750038297812,5.565196524379857,5.4601534757655665,54112.09570146907,1930581.7674966285,"9786 Oak St, City 2998, State 21970"
108427.26307717689,2.8358425340316646,3.3024958968499885,6.107699304628261,20761.176040715134,1810167.238381006,"3265 Oak St, City 2999, State 84343"
90543.26947880082,7.762143391579165,9.820223460430899,5.2284533422476915,39011.05989059869,2493650.506675434,"4228 Pine St, City 3000, State 40290"
101701.32574722351,7.498264035305022,3.120210934636587,4.012092471284911,16972.25415901914,1892431.5316728507,"5290 Main St, City 3001, State 19136"
52542.110891324905,2.7660335893068613,9.633561571567622,4.359545549572938,23283.099254752204,1684482.4461120814,"4981 Maple St, City 3002, State 56344"
86238.6689646299,9.380579239246401,5.580741966944013,5.583623913407253,38540.343991296424,2377230.7126080496,"5667 Pine St, City 3003, State 66799"
81457.13848293739,6.547777617254557,3.0706328351531704,6.38153014833397,52775.89754995186,1714439.4100739383,"7372 Maple St, City 3004, State 61107"
104954.7339109444,4.909804169085474,7.824100622071558,3.361094004198878,11152.534725586545,2018919.3632344857,"2397 Maple St, City 3005, State 12090"
111547.83544331345,8.052308667962453,9.86378212821948,3.710383979855354,24285.2853458256,2636667.7406814205,"2824 Oak St, City 3006, State 99464"
31094.10943296481,4.058923667213072,9.759380059863147,6.653696981812063,65230.38765717494,1834659.1594291478,"4174 Pine St, City 3007, State 42126"
90661.79271529135,7.548078696370563,4.126559078416929,4.892558962047227,32893.01565582273,2001180.7387864501,"6960 Oak St, City 3008, State 19545"
34665.22192077561,2.3176896605779778,4.268734642463085,2.8948090856750053,66026.52880410544,1237988.0331781663,"8956 Pine St, City 3009, State 77862"
79397.27985696204,8.715264300874175,6.958772402337621,5.318475694561913,69441.03520088881,2430602.9077576385,"459 Pine St, City 3010, State 45340"
55886.945613931035,5.585366776170548,7.461133784998271,6.953810777696898,39232.88869724204,1739056.1790014917,"5941 Maple St, City 3011, State 61691"
57609.89395699271,7.093543314863534,8.175925395661059,6.117267822352001,23722.860636015288,2021228.4637572956,"4170 Maple St, City 3012, State 19010"
61766.26531071209,3.7699025584534693,4.267352523305032,5.728705682757013,56400.492557217636,1718509.2654834222,"6074 Maple St, City 3013, State 99393"
85916.32041446492,7.416589701267584,9.713049607351042,3.040233271331346,15355.197809125972,2053990.7335586438,"3992 Maple St, City 3014, State 82344"
60064.49691018923,8.177922207146214,7.471174794024665,6.380698923420036,21383.045878684585,1968637.8010659674,"6188 Pine St, City 3015, State 83144"
95942.91455312523,5.78570549507519,8.929328432093884,4.6289442176777325,56017.19411745334,2377710.998746462,"6309 Oak St, City 3016, State 58508"
66407.46470164828,6.941815392494354,6.780460006989203,6.446450110359778,33186.985107581946,1852272.444137133,"5127 Oak St, City 3017, State 59595"
36151.78802789628,5.6506073905791885,5.899937933129178,3.6491391471243966,18099.96590419834,1127155.3694212078,"3705 Main St, City 3018, State 52477"
100538.38582356965,9.152730954062765,9.840280346164972,2.310255263177164,47323.17342190109,2455084.991525121,"1557 Oak St, City 3019, State 86589"
55718.249213343544,5.982953444114553,7.074849595738852,4.379879843298731,52629.52098980939,1887673.346264739,"1045 Pine St, City 3020, State 18659"
68949.01916393364,8.734469672230551,9.068115079594254,3.349188024089388,13129.63056428699,2099170.8020885764,"8546 Pine St, City 3021, State 19567"
91689.94948997113,8.41081646616199,9.673046774564028,5.576146448881491,23003.71689837072,2372515.9900736143,"1076 Oak St, City 3022, State 19215"
59921.054143384084,5.284038570786852,7.727482389060615,6.785532764280162,19382.98909919516,1863790.5038367417,"9182 Pine St, City 3023, State 97206"
35092.70905320441,3.8406759348598003,6.842570749630725,5.4548707557578195,29690.55086955939,1496991.4320554375,"4463 Oak St, City 3024, State 13107"
63652.89423115322,5.248657060478168,3.0245759563745542,6.434669648546017,54623.91821244419,1622551.5482266415,"4703 Pine St, City 3025, State 62198"
115000.3724424873,8.60973900620176,3.280137485173042,4.265120068006032,51391.02664783107,2155577.04644312,"749 Pine St, City 3026, State 67945"
87756.09575687023,3.821060286555139,4.405958512357815,5.858203685976509,48064.05417494076,1881262.445620648,"4716 Pine St, City 3027, State 51214"
90433.12338004862,6.195490766861995,4.302059022991967,6.215217183358517,5408.5604814584285,1820468.2826568775,"2725 Pine St, City 3028, State 92755"
86905.39382738758,8.44877398368598,4.783311566398917,5.554378137917712,14239.315369725313,1979379.922791277,"1851 Main St, City 3029, State 62254"
47909.29250634932,4.82781980102703,5.134542463883626,4.538886430347823,19514.34069163434,1451525.9355943655,"3650 Main St, City 3030, State 94453"
67650.04776920521,7.137677096021579,5.520458454855097,5.12933054807684,22677.129992525224,1606070.1180943479,"2307 Main St, City 3031, State 76029"
97584.58185269864,3.965052592390516,5.943763830482135,5.502534978394402,14517.7252071785,1836271.3054362335,"9323 Main St, City 3032, State 22623"
39123.560779784326,2.8742355629452794,3.692064369192103,3.2654220161071343,31670.510845802826,896765.6156239217,"4041 Main St, City 3033, State 77403"
55006.749848074105,8.35507380074285,3.296533523669474,6.047896304574924,9886.738025911684,1537114.0535137826,"2735 Oak St, City 3034, State 78867"
54868.719761926826,2.7917489872696546,7.717611143511164,6.7516226948363665,53751.44237520575,1755758.2863867225,"3441 Oak St, City 3035, State 42209"
68881.70348350554,4.171051160636677,6.761343773901544,4.326196575899679,56201.851174246825,1892153.6549969788,"8107 Main St, City 3036, State 56432"
118233.18668479666,8.840875375979522,6.109009415540838,5.505335915549387,42327.33482405838,2342325.2656579674,"2730 Oak St, City 3037, State 22261"
36075.229201543974,4.771754296629338,7.441079588178466,5.685129528951769,10830.81700772791,1559432.4297776816,"4771 Main St, City 3038, State 62913"
76683.08949425355,9.784362796113289,8.793755850424784,5.311237737607401,62855.406020539274,2313729.7485511736,"9340 Oak St, City 3039, State 41842"
46142.82138109894,9.837874678190879,5.993850363813433,4.735575541643177,67766.32886602744,1991185.2178432862,"6944 Maple St, City 3040, State 62266"
117360.88908687697,4.146208163628454,7.487836255363856,6.408239772874053,18153.63142091631,2274756.5668593585,"2701 Main St, City 3041, State 65846"
40197.31542547178,2.3278257779991236,9.67500556684611,4.244633546344472,50801.58826364678,1654767.558458313,"8866 Maple St, City 3042, State 53331"
66324.0902125432,7.640506273643033,8.877371471030926,2.305514782433018,59726.01099176158,2096235.4212606386,"6760 Main St, City 3043, State 15184"
96409.64863511456,5.60789202118675,5.982005673516866,6.222781878560801,40089.82896527565,2046377.8415434216,"4297 Main St, City 3044, State 63489"
93409.89852247007,2.8060227516766103,7.513017864703201,5.369906361582753,26016.001469238676,2096138.36786854,"9680 Pine St, City 3045, State 13012"
68045.5773204539,7.6601825518243425,4.239496453411578,6.2462931324982325,36106.31648022292,1771806.2768799681,"2353 Oak St, City 3046, State 33005"
61187.17511574464,2.24939927289537,6.923655294265629,2.6927372122234714,38297.46880098938,1423581.4456797943,"2844 Maple St, City 3047, State 42154"
65785.11406975836,8.961573523937936,9.869298037969099,2.1537647025485818,31041.407872221815,2076897.620166091,"498 Oak St, City 3048, State 42349"
53784.86368427753,3.10922023290643,6.628205806417656,6.671872701912506,65439.7620861909,1763755.0072101324,"6215 Oak St, City 3049, State 90908"
48479.964483611984,3.0184950299738,9.493468094331032,2.738641529252871,53352.40221126263,1833903.628959724,"1541 Oak St, City 3050, State 28382"
73473.5727803001,3.405378383748676,5.851344443522825,6.048261660352259,20684.60674657266,1597521.113963971,"1333 Maple St, City 3051, State 85300"
54168.03804608466,9.682130867936532,9.991913790292418,6.116049710903179,43061.217175791455,2170149.948706664,"7230 Main St, City 3052, State 50294"
55871.549840752516,7.545354882030768,7.054540246592905,5.543526002745015,49764.794810525884,1917819.4290862163,"3455 Main St, City 3053, State 15637"
89108.04571271013,8.410972283709093,3.295882959651542,2.6563110554643545,14110.167410638467,1812882.3587965346,"1361 Oak St, City 3054, State 15974"
117168.3598529903,5.181079885862024,7.107283576839716,5.336993122804038,28297.673254709673,2164042.985368248,"564 Oak St, City 3055, State 32540"
84327.34805034376,4.690501820039644,4.922008869757176,6.445432916634328,63860.63830425454,2034760.9232054714,"734 Main St, City 3056, State 69700"
36928.152035846964,3.8758720542653595,3.227369254251263,4.127658224004416,41866.2515120381,1108019.414679296,"5175 Maple St, City 3057, State 13986"
36802.525246866026,5.8451842264992715,8.745973132862643,4.067584271892994,19104.853493920593,1545070.8518741794,"5830 Oak St, City 3058, State 53675"
115628.08987610093,6.414629868273348,4.930107458865292,4.214291547897096,12981.0118777448,2262912.3692225115,"1786 Main St, City 3059, State 90381"
56756.171127660025,7.054198749222043,8.575839878325489,2.4113594533810323,38684.74807586705,1852456.4405293553,"2634 Main St, City 3060, State 49848"
38286.02874742279,4.056948031989556,5.017523080691069,6.460127845149867,40599.57199689437,1459380.605898817,"2093 Maple St, City 3061, State 24033"
83914.01284353435,9.589232647223925,4.36028447711642,6.345914319902552,26736.9393380498,2063378.0289735137,"9998 Pine St, City 3062, State 99355"
86128.39004612394,3.3580679856570868,9.817549018730993,6.989546608951431,45977.041847242705,2136160.437337479,"1249 Pine St, City 3063, State 38902"
88365.43381068193,9.725225398131299,5.531517294285137,4.925915707492067,9464.504604260266,1822997.553279968,"1726 Oak St, City 3064, State 90573"
54066.18250717872,2.1188489800600303,7.209633480102124,5.755958182256929,14434.080062299141,1550322.3075038535,"1541 Maple St, City 3065, State 50039"
31359.96157930275,5.849005534534765,7.269870449701301,3.0133595315365236,40507.79836573185,1372224.6870257729,"8174 Main St, City 3066, State 48856"
116851.38325090247,4.666942704932502,6.923314375214512,5.337644091120848,9018.020099889507,1994527.2455487805,"803 Maple St, City 3067, State 15388"
52580.37411219922,5.592987311442006,9.402870204648503,5.248664243786953,62259.06972442154,2129054.2204861087,"7540 Main St, City 3068, State 16876"
90842.36592472927,6.565316631846312,7.721087499568079,6.506043679208062,14239.514079673592,2018812.698202105,"4159 Main St, City 3069, State 96520"
93596.68828908386,5.484713264101672,5.826131028734512,6.153963614195371,48804.79181549487,2027684.148329579,"1700 Maple St, City 3070, State 86878"
84900.66753715371,5.31877480241276,9.036662691669918,6.692332313088816,30428.22371143764,2388226.834284551,"5750 Main St, City 3071, State 20734"
58161.66547922834,7.861787323306452,4.267440293811751,6.344167363508038,30986.20359024615,1495383.7471808607,"1595 Oak St, City 3072, State 25238"
54398.662838765915,7.487010200691717,6.809657303272922,6.34346947449426,54717.819359724344,1801374.2995768355,"1839 Pine St, City 3073, State 38248"
83790.14544324328,8.666170256286783,9.653852603606294,2.3186166334435914,37465.03872123941,2254432.053897388,"7909 Maple St, City 3074, State 57434"
107948.60702505223,3.9996718499159645,7.377783409162889,6.229809763479779,52167.605136851314,2293398.970084559,"7406 Pine St, City 3075, State 28723"
115206.0356031056,6.876228078032509,8.718779153324133,5.037391972515591,37837.42986893,2444308.4725069646,"4522 Maple St, City 3076, State 59651"
39531.52239633819,6.681558283142831,7.57492507881635,3.902222258829806,43538.84719134212,1554282.5384151444,"3628 Main St, City 3077, State 74140"
43934.57513379479,4.95790248698151,8.875596044765231,2.2825731219403114,54446.45081152817,1888997.4394272852,"9253 Oak St, City 3078, State 61833"
115026.26329047717,5.888460335221447,9.611415158916707,5.388368873840234,44475.068289882896,2623923.8824542738,"9613 Oak St, City 3079, State 89414"
96288.17055013133,4.51025714644583,4.910452092729157,3.641008752688087,45014.98211027126,1974052.7777948552,"9238 Pine St, City 3080, State 80126"
109469.44423467957,3.1347551809358816,4.187627568797032,4.338881324930174,56299.27344279364,1984382.696203372,"3475 Maple St, City 3081, State 12973"
48236.93707218088,3.7104096853018627,6.387935252327779,5.408642185275672,66690.64302825926,1703582.6507586045,"5046 Oak St, City 3082, State 92958"
82882.72839984616,2.8441091712096087,7.913036987769511,6.558872735120715,29486.55000579689,2041564.799774068,"1788 Pine St, City 3083, State 57773"
93102.56349757263,7.464556601520993,4.590338772275513,6.127184578024992,42512.61521968683,1968229.2788184674,"4716 Maple St, City 3084, State 38943"
91210.06969022754,7.285819144873212,3.0287101530111693,4.252985645517999,10607.755252680465,1725800.41166757,"8612 Pine St, City 3085, State 96504"
66733.65217800283,9.604850972638982,5.400545810856937,3.9389157872318945,28322.25223697635,1909005.7014231598,"6320 Maple St, City 3086, State 43563"
31385.54025221776,7.83742730917793,9.78201534827452,3.1988986942202375,31783.19968281009,1897650.6897221194,"5438 Oak St, City 3087, State 26850"
82463.34511238369,2.4163667100490516,7.864772224240927,3.8621337558798414,59290.42559356331,2181738.8031899515,"9547 Main St, City 3088, State 86477"
52779.13852616479,9.073961391431634,5.809278107588567,2.5552319364594913,38370.506138168996,1721727.1719231205,"6309 Pine St, City 3089, State 25218"
70522.88215286014,8.901401303565805,4.348032681427883,6.855527541823773,52519.314264399756,2080267.7937665475,"3490 Main St, City 3090, State 38444"
116182.29135754355,5.546562566181589,5.492627716283229,4.869587219797895,6235.481001668639,1788809.4874522989,"3652 Pine St, City 3091, State 60107"
65913.17858781913,6.686904404223372,4.188876033108736,2.6390292139760643,35192.023525840516,1738946.3737242145,"5387 Oak St, City 3092, State 29793"
105582.1445997984,9.80862665978015,3.74414074919066,3.7640300463295286,63585.64823563297,2204044.8153182147,"1920 Main St, City 3093, State 66927"
46968.6545174326,6.25843491078533,9.347196608007877,4.73519571810328,19580.404104876034,1746232.1665229124,"8380 Maple St, City 3094, State 10207"
90521.4448222526,9.242574627008718,9.983552368628315,4.664428183204349,7048.94204496234,2385315.373220872,"74 Pine St, City 3095, State 50329"
117930.62589950491,2.6643100624814915,4.148801077170532,2.1775168435931618,33171.56769137597,1860264.9553258894,"9242 Oak St, City 3096, State 50472"
39170.37907856431,3.528414949669463,3.381657912147958,6.754205171145557,50788.0683420937,1314869.0060426013,"5890 Oak St, City 3097, State 50787"
30748.794800447282,5.526039547530543,5.308117750023486,3.376878407374723,34540.127944695516,1441215.6341502124,"8707 Pine St, City 3098, State 21520"
69022.4513369353,6.678054466698438,6.231614265329908,2.080923344659456,34898.59037823228,1721155.0256270156,"280 Oak St, City 3099, State 64007"
38336.293474623046,8.529822814902403,4.433748729530981,2.3822200447514126,48537.327680490765,1370014.83194877,"8748 Main St, City 3100, State 50229"
97354.59147086082,9.906096921145494,5.109974382589909,4.900974516239884,21535.272538398185,2313700.695282118,"7792 Pine St, City 3101, State 10290"
112309.37974637031,5.1108119717929315,4.406095149841604,2.6889276033754843,53872.83645672853,2133830.4401260526,"4881 Oak St, City 3102, State 25402"
69061.8875437883,2.3793250891206794,8.419823979027159,2.2086239642675163,14952.379508872673,1816415.5622198249,"7984 Pine St, City 3103, State 93542"
53284.04779398968,8.409372026362599,7.988045602730825,3.8981323320635566,30723.7893435892,1949278.6352142359,"3552 Maple St, City 3104, State 78811"
69096.29871059489,6.835045752662465,7.444660610326872,5.113805961700943,47640.527050609664,1887545.4984679548,"5258 Maple St, City 3105, State 67991"
95110.30360650009,3.5883428709456133,5.710524999554433,2.559199024208062,58843.98546996285,2022896.5448283805,"6763 Maple St, City 3106, State 55999"
30814.87454223339,5.958627652971361,9.363286589199651,3.5666391607565777,56449.51962572859,1645995.021569959,"3693 Oak St, City 3107, State 31339"
83050.85905362276,7.938481964269795,9.78672779074514,4.088803358122711,51909.56395500036,2393326.012771978,"6463 Main St, City 3108, State 37915"
85196.25163986412,8.16329429654915,4.215475188377884,2.797300488933836,28341.264929865418,1815419.145252896,"6849 Oak St, City 3109, State 42079"
87391.9422206342,5.996947295990096,4.561088489883146,4.53036949233355,12949.78055909205,1577547.4732986598,"1108 Maple St, City 3110, State 21017"
51781.98719827895,4.441716241030873,6.679417196002587,2.4260704345088544,19094.22415004439,1361231.244543849,"4349 Oak St, City 3111, State 67238"
94264.7451040314,9.789940656307948,3.638753984975717,2.2325924817253435,61214.197947471526,2316812.296858797,"7074 Main St, City 3112, State 10824"
38225.23376985988,7.306900887651943,6.05513879176179,4.599176835775674,60726.53905862287,1697454.2262726398,"4603 Pine St, City 3113, State 85462"
47934.33028201207,5.26590015477039,7.072538853443971,3.2394848637543783,66851.45541503603,1722323.6283556742,"7493 Maple St, City 3114, State 31586"
108972.30419890337,4.243705793637219,6.654514997961332,2.4768690394901376,9939.262373210204,2139560.936552649,"2174 Oak St, City 3115, State 35410"
96485.08356539097,7.848823864028497,5.316360081546183,4.119562937438161,39892.59054303465,2066027.1452104305,"7895 Pine St, City 3116, State 62154"
31237.099861021074,3.9374675647501416,6.797120642540448,6.575703697586974,47164.39791877518,1476965.0925755268,"2510 Main St, City 3117, State 95362"
52353.86343328202,3.3736799117895053,9.711606679811934,5.620962233270775,51192.72950934568,1992823.9644643867,"4159 Maple St, City 3118, State 72190"
49296.583469384816,6.238671111696562,4.442121830039632,6.078079576735138,46851.110275677966,1536793.4955006558,"4122 Pine St, City 3119, State 41171"
54372.56952332753,4.319899141153135,7.583819508758025,6.359569943793183,55050.74034364833,1757814.939088361,"8142 Oak St, City 3120, State 15797"
52280.37932518977,7.03124115938892,3.303776859092363,6.863138706982094,28365.652458807202,1261014.7819161601,"298 Pine St, City 3121, State 17746"
35627.36661685612,2.943509398993868,3.4649148313700446,5.816232867570865,16663.13018880634,944795.1282607397,"7335 Oak St, City 3122, State 79474"
71304.64649371384,7.239528836538573,6.862797569565095,5.042039609697398,18297.919189778506,1772194.721970128,"7933 Oak St, City 3123, State 44362"
95946.01273075487,4.266372223981618,3.7345742622956464,3.827129401511236,5778.6148155606825,1631108.3051602826,"3216 Main St, City 3124, State 54257"
84605.85522456927,2.001943475476102,3.1564275189880013,2.90821618278858,27770.921686904454,1363725.1948839398,"9674 Maple St, City 3125, State 79915"
90558.45017382718,3.015488461393411,4.200590983536156,5.4332993699164716,10963.363307198524,1826023.902210041,"3183 Pine St, City 3126, State 30829"
37303.42606826153,9.468923022680752,6.953944196997021,6.974749930609709,25896.765031362407,1635759.3776280372,"7572 Pine St, City 3127, State 57068"
115634.16391591085,8.938837112922862,7.923386681632527,4.336793423094595,45833.65501580611,2736491.175793463,"9966 Pine St, City 3128, State 15613"
105464.26504587223,3.8688722562898947,4.41734994898966,5.6183968404640385,63141.07361314329,2107706.8279847824,"212 Maple St, City 3129, State 47030"
102458.12866460964,8.22697523636393,7.677816060457221,4.475462249965781,59574.35431438357,2562968.375943001,"5968 Maple St, City 3130, State 83311"
104068.54245375907,6.868572745391794,4.2773343176946055,4.159667116817383,21423.8237772425,2032811.8990870696,"9067 Pine St, City 3131, State 64690"
113943.94573194852,9.767237691598956,7.2942019864188,4.051528067799575,13715.404242873052,2179636.811030048,"4503 Pine St, City 3132, State 45253"
78982.85695023279,4.988845276272473,5.883717759270592,4.523123414658488,17549.697796787535,1732255.1775836356,"7255 Main St, City 3133, State 79906"
48025.38160808633,7.45168490013737,7.576596565335318,3.834478309326875,68114.13237373445,1888347.9837396524,"5535 Oak St, City 3134, State 29782"
85510.5247067287,2.5082857793913487,9.965369267354731,5.743866609109039,40715.841179556905,2040346.472127162,"6256 Pine St, City 3135, State 32829"
96859.33443011451,5.1699787745312475,9.564718756627933,6.371360132957583,16862.644495037363,2313686.4137434433,"8328 Main St, City 3136, State 51986"
96412.56540186229,9.710541289505443,3.029972304852725,6.414426533225921,59648.50005464298,2354379.830739853,"3234 Pine St, City 3137, State 94044"
76930.41217501921,6.311846995600964,9.19807135053614,3.13849356712913,30687.43088031607,1801033.7766001793,"2233 Oak St, City 3138, State 15282"
36161.28474002203,4.303036026678757,3.465435566223366,6.479545693657454,63449.439878357276,1312186.0966493653,"5141 Main St, City 3139, State 15697"
63400.16445871151,2.962167705028855,9.671326103118915,3.707756159275525,21944.013244241625,1652192.2526761824,"953 Oak St, City 3140, State 32826"
112868.99476170215,7.6282267214522435,4.972779753697793,3.546538327426488,30559.41432227535,2174294.668043398,"6554 Pine St, City 3141, State 65982"
82600.40187816834,7.158848347437814,5.674243812878897,5.633780286991179,37821.604581355496,1963445.2443853992,"165 Pine St, City 3142, State 94625"
78449.8748930142,4.991509708830197,3.641467436230095,3.5234817004314474,63019.996715787056,1685628.3425862205,"9932 Pine St, City 3143, State 82833"
54196.81629439742,9.607530814926674,3.785909308302367,2.2648320280485503,61469.23305432863,1769459.2573005026,"4692 Pine St, City 3144, State 59515"
63160.4027924921,2.1776225039028025,8.087183956605237,3.86808886155154,42333.079569752066,1878786.0634494964,"9762 Oak St, City 3145, State 10368"
110581.14802378524,4.429790813054606,9.610325650238043,5.607328001791744,19415.40813575789,2627555.8188179513,"3950 Oak St, City 3146, State 65015"
89981.67427741521,9.368555890396651,7.275239464680166,3.6347921013508824,31218.203162961883,2141435.5684768753,"5305 Oak St, City 3147, State 58544"
100864.83240770995,4.567483506555523,8.010950108687677,5.147795279975733,68416.14924875785,2192325.557561144,"5351 Maple St, City 3148, State 61244"
70891.08807608896,4.018022670841363,8.333788212180075,5.300597221315652,44505.25955203114,2013978.929084823,"9708 Main St, City 3149, State 10594"
86722.24975105422,6.2737632794499785,4.839699921870592,5.6686800586317805,55771.35408307278,2178052.300939326,"1446 Maple St, City 3150, State 43533"
52354.52478688868,8.590413999364303,3.3166074164415047,6.485652331554682,34241.20519849228,1665539.1337955971,"6041 Main St, City 3151, State 49204"
93491.47472551376,2.8251740870268884,3.01310920743418,4.162822496342157,39580.472905342416,1800643.9315712242,"4632 Oak St, City 3152, State 98529"
68484.12003330037,9.54416567716589,5.454544980678131,2.8321603833122855,32882.017295115365,1825239.3135602819,"6193 Oak St, City 3153, State 31140"
69829.09633332709,8.360583049449312,4.690249597394512,3.594628577159447,50689.86487402792,1791870.8213049076,"8651 Main St, City 3154, State 66057"
88439.00921191936,3.4500020444124155,3.4362240753442994,4.160836275869929,60345.615902647034,1769884.8788968227,"9873 Maple St, City 3155, State 90748"
114265.25593220339,7.696063689585301,4.256698047455667,5.569457346640565,37978.63030959663,2191913.140808264,"1894 Main St, City 3156, State 92428"
35760.57119477588,5.079669781100457,3.8714922878756344,2.0656106278081676,36256.38481135467,1230868.229057885,"736 Oak St, City 3157, State 12751"
104226.89136123068,5.2183574246105495,9.404148664321593,3.5789269171993947,27118.620361395802,2395456.3651118716,"2844 Pine St, City 3158, State 39092"
56314.47993709738,8.266320739510931,3.9818704942141823,5.899212905096584,16511.285129115447,1659351.655139318,"812 Oak St, City 3159, State 59008"
69952.75090557401,9.702278463845857,6.763539247913754,5.354288516653477,66051.10198688207,2267668.0045955866,"650 Oak St, City 3160, State 57175"
31972.199589750806,3.0132469827775514,7.151741685785152,5.658699867928026,25545.181714167826,1364592.8171754077,"8962 Pine St, City 3161, State 42034"
57094.147005088176,5.365041895030555,6.804426203960436,6.059053847195973,57044.945132328554,1929986.6711218515,"504 Pine St, City 3162, State 24996"
75236.81183671174,5.847532864674428,3.6933950395119157,5.9161785943898115,51497.55638368582,1578890.3137466435,"3863 Pine St, City 3163, State 40425"
35055.84696126951,5.010494535639981,5.231588532253858,5.410915830763891,56409.64401807839,1485043.0492217056,"6652 Maple St, City 3164, State 55216"
74198.61564448486,4.9055129897298,3.358892327242073,4.198307661852953,65889.92866918666,1716619.8710292715,"2175 Pine St, City 3165, State 23993"
113439.95659725845,2.4181493404927723,5.769689398674212,6.91799164439077,45519.099414358316,2173325.47089183,"5424 Oak St, City 3166, State 53246"
39485.38962970247,7.484308964500986,4.320192518901144,4.845365977950369,63366.7723198329,1568117.2323464178,"6503 Main St, City 3167, State 70924"
98799.66552679539,5.489715336960363,6.931427732990659,3.0138460468441957,15900.325989299088,2030099.2014532075,"7724 Maple St, City 3168, State 36571"
66870.39480383933,3.558350421151414,7.849658756943704,3.464064275523922,45736.317437191195,1749737.3929497325,"8826 Maple St, City 3169, State 34372"
88965.63430719043,8.528268018416547,6.724839021432945,5.46781227985235,55197.914839449826,2407033.15124555,"5153 Main St, City 3170, State 57415"
53421.293818670645,8.420485985213023,6.03965687627977,6.623697825997318,22656.673498371314,1797769.0675628625,"1564 Pine St, City 3171, State 60326"
44354.30362872225,5.89113302471115,5.711333945996847,2.893600646029488,53148.99708397772,1562627.993791687,"9791 Maple St, City 3172, State 94078"
44441.63528441038,4.387605289182084,8.891842376679026,2.411732478728932,55600.993892555394,1655749.2941985629,"1985 Pine St, City 3173, State 26903"
36344.27510788302,7.104741806371619,4.535576455456891,6.407655240210031,59027.21714106891,1650423.3892663985,"1329 Main St, City 3174, State 98913"
46708.20344111187,4.3052170862192245,8.139528376702081,6.576389894564172,25337.389318735633,1678149.7721382987,"9125 Maple St, City 3175, State 36117"
89779.74464900715,3.8880634425896963,8.302376273180833,3.3818967265794972,49304.428360940095,2028821.4247224166,"7660 Pine St, City 3176, State 60683"
109352.15506591572,7.844117232210613,5.9344000508951416,3.8864286218561994,24776.463421634537,2195288.4378638337,"624 Main St, City 3177, State 12766"
103271.31170320457,2.3226019177676056,5.081104194579476,5.300939987489292,53037.6251873996,2042456.1359725848,"4648 Pine St, City 3178, State 79951"
91662.08788870357,2.7581477682767517,6.293790402321827,3.649650104212374,35093.2882344713,1898144.7976673297,"667 Pine St, City 3179, State 21300"
39938.86770699924,2.054305392188718,3.6524974812488895,6.385793541350265,43840.384344269296,1253780.3699220095,"3277 Main St, City 3180, State 15605"
56026.87016663549,3.223545491803409,3.32151022560363,2.5378935135693137,32029.598792986977,1232704.7328509379,"1134 Oak St, City 3181, State 54349"
57882.6187790222,2.5519200696836757,3.7812223961632423,2.1899111048009763,15528.890250438579,1254843.7206938772,"1859 Pine St, City 3182, State 65371"
52496.12517578591,9.966418942239349,4.310015220235583,3.0424310337139477,16571.919424348638,1665995.5950029958,"4706 Oak St, City 3183, State 26294"
76350.50937387507,4.310479759632717,6.529237742366301,3.430438891024845,10041.978972038742,1728223.4242681838,"7557 Pine St, City 3184, State 43076"
78199.84333917053,3.194144101353978,8.943956453127855,2.5646329564443753,45174.724181908015,1901289.6368269331,"7231 Maple St, City 3185, State 81712"
62119.737765399914,3.9279700639673436,4.649496323997809,2.3284521467032335,60161.495866948855,1454410.4587789804,"1833 Pine St, City 3186, State 88509"
61841.02428627924,9.489004572321077,9.546134075227446,5.778038567508991,6354.393707035261,2007270.3463603284,"6880 Maple St, City 3187, State 32794"
104570.00381154733,6.1612817841951655,9.684355362545023,2.821382829511287,9305.567635742977,2455047.554190559,"2001 Maple St, City 3188, State 75287"
101036.3563487717,4.918544770462855,9.712332233916436,6.56961099533152,34735.35449968917,2432212.074465302,"1685 Main St, City 3189, State 72846"
57701.62485126711,8.987131663273754,8.862939142734266,3.83999830724048,52951.84785093231,2328011.334319615,"5618 Maple St, City 3190, State 15116"
112240.95994859334,5.15992216439226,5.546775285584044,5.353029048606727,15250.996906276836,2048973.752183112,"8638 Pine St, City 3191, State 67176"
115753.35153022554,4.680068559661566,3.5087873770183613,3.127010573844001,22657.335770697602,1853455.5624663185,"9274 Pine St, City 3192, State 32170"
59406.82878270367,3.6582601803978845,6.981731122365464,3.2016138424593343,20080.403083317466,1524564.563662128,"3752 Main St, City 3193, State 17785"
61898.245391374934,5.022374591275292,6.910770107560636,4.873546014337877,30938.329213625017,1714643.410575296,"6096 Maple St, City 3194, State 67183"
75507.0738079763,4.533474848135408,8.949830369767168,4.803214625729931,19624.914006142124,1862586.827683743,"1546 Oak St, City 3195, State 86935"
114700.87312803062,7.418431674385128,9.971937356622735,5.8436461400604065,27918.914105408945,2515704.4314415706,"8306 Pine St, City 3196, State 24492"
108868.74898280804,4.316661637365817,6.557101145921033,5.78906652847133,52355.26891302637,2314670.666507412,"5516 Main St, City 3197, State 38259"
39231.11663252308,6.6175979713804916,5.41642821727849,5.353438823318306,44715.60114952229,1646176.5644834314,"7955 Main St, City 3198, State 50302"
65345.76689442746,2.5271373202557816,4.301311980893869,4.2456528294674545,10276.810850460039,1547171.2626315372,"4204 Oak St, City 3199, State 12668"
79803.40707747947,3.530313253572115,3.0335987737215953,6.453201931403086,46453.46830597165,1599729.7441539767,"6534 Main St, City 3200, State 55050"
75281.9225296386,5.25924217289079,6.5637958474221545,5.112892451106494,36010.01615134887,1839056.3073382296,"9620 Oak St, City 3201, State 76413"
47447.67611432034,9.495594031269563,6.8886306669181705,6.950992452311786,65746.76235596402,1960487.5719642073,"1199 Oak St, City 3202, State 43221"
107293.50940513393,5.018015885725563,8.77456935872178,6.096849089671793,23804.78061176346,2440303.5557216876,"4605 Pine St, City 3203, State 49113"
90924.67046971536,7.312592969598673,6.532038775249604,2.2215490561916313,52200.8172804454,2206588.7587646586,"7205 Maple St, City 3204, State 71672"
105411.75373666233,4.040697779371185,9.415278440662396,3.6029695354015887,52505.95349789704,2292300.096952255,"3059 Main St, City 3205, State 19103"
107288.78514145249,3.016268607785854,7.396584336000048,4.859378582354759,19397.550765597178,1967977.331285156,"9660 Main St, City 3206, State 77647"
97352.02682991658,2.468292800640401,8.882353667547582,5.607347689357436,63709.535623110845,2389542.7863908596,"4101 Oak St, City 3207, State 48983"
69528.95411247456,4.443307988342011,4.03811214365423,4.751682488809708,36926.908027924204,1606008.541958938,"3469 Main St, City 3208, State 49241"
84949.2079513882,3.2612882143752637,8.987352912116203,5.930652112310909,49127.418847804656,2230940.2521114065,"5267 Maple St, City 3209, State 22031"
44432.886550776886,3.3920835841289936,7.726006981106939,3.413278263786723,14480.611327427796,1318538.159919623,"6493 Main St, City 3210, State 41135"
90628.0875727417,8.0860744670956,4.191631227068314,2.919560256164125,21757.254604478003,1654515.691563955,"8715 Oak St, City 3211, State 77295"
46132.793016535266,2.1267045675589937,4.3283449070220765,2.2695834189488506,43096.962665919484,1110006.5653351145,"250 Main St, City 3212, State 47112"
92455.46314591411,6.462481005883475,9.48550433330955,4.86656872285761,25736.772444267717,2349976.625326269,"9567 Main St, City 3213, State 90725"
50663.83446785718,5.035691044747718,3.22550752315261,5.442997603377476,37480.039707113276,1578259.4232685464,"6592 Maple St, City 3214, State 83244"
40579.6170135198,6.052399999268378,6.237744603069943,3.630748585596808,29310.3379592638,1419963.4867556747,"6483 Pine St, City 3215, State 98158"
44875.60411286617,6.502641897716823,5.1943270295387105,5.067920924279383,46635.99678186312,1802237.4982029833,"8451 Oak St, City 3216, State 84875"
30179.292169716326,4.5069415556582255,7.655542079988996,2.260786154266646,36664.44858075258,1473711.1701601255,"7097 Main St, City 3217, State 31426"
94686.56560681772,4.360870881474282,8.877405712982943,2.496466731484018,5299.64583825593,1837190.6581454445,"7896 Main St, City 3218, State 94059"
95916.09441525412,7.867214794679246,5.5226468508959865,5.508773861292491,47229.25446644996,2217146.30391031,"5144 Maple St, City 3219, State 79683"
76344.00149219335,8.970215904969258,5.98831461125986,3.840348526086494,32437.901208261814,2054813.368736275,"4390 Pine St, City 3220, State 57448"
44522.65209498453,3.540653059668223,9.8734244915099,5.356670155515028,27210.392131864486,1466336.9087235527,"5502 Pine St, City 3221, State 61393"
37519.89037596207,2.7809500842811916,8.48741556775442,6.15860560139959,11119.53889840953,1498040.6317194074,"3629 Pine St, City 3222, State 24720"
31721.60697935583,9.182366451136208,9.28042891652254,6.263112187380584,19324.029886821947,1920554.3387100103,"9047 Maple St, City 3223, State 23683"
44917.33592686986,4.799163709179189,6.071335544561408,2.8608382273222546,19545.198952755472,1398276.34228913,"7912 Oak St, City 3224, State 51198"
110176.99814848321,6.410539125302513,4.638533427888806,4.431427861756733,65799.01746130738,2249145.4140721587,"6536 Oak St, City 3225, State 73402"
51738.31575315136,4.876345156160028,5.883044257705162,5.6696336181624325,33113.34335852554,1550207.022993288,"2696 Main St, City 3226, State 16156"
61884.41944954941,3.0064186907684105,8.012643424820595,5.869902981334552,7734.280068986052,1601812.860035347,"4637 Oak St, City 3227, State 52276"
39481.09360331998,6.714653159581824,3.766012833851855,5.923379903644388,14023.084345815858,1162043.4591821395,"2305 Pine St, City 3228, State 44372"
50012.517427335326,6.201126814157037,4.893283739315562,3.1408366719029224,10137.123922639283,1277802.5507062373,"1909 Pine St, City 3229, State 83457"
76730.21137021846,3.6239484735295777,3.3264513032311327,2.9626740886188667,43276.51036346873,1478219.0115478474,"8559 Pine St, City 3230, State 66853"
84697.74147860873,5.614952357218223,6.0264341683669205,4.950062341368479,17130.396951843737,1855343.0557391995,"3595 Main St, City 3231, State 12921"
52081.708274959,8.375580032125168,8.792120151857294,5.705428988691098,37406.24661831543,1945478.3234910353,"1741 Pine St, City 3232, State 78354"
35195.89433026055,6.723408824863131,3.1726458180860755,3.5956975776709665,29054.03408654841,1108169.2235057263,"1354 Pine St, City 3233, State 16140"
65192.95822146588,2.775338616535959,7.7272646876501625,2.523525784312108,57251.96451437296,1846820.3700672823,"4417 Main St, City 3234, State 70853"
51078.303383370076,6.3841719778330805,9.527471121596177,5.583731914550388,25831.82642224855,1925921.809195589,"9077 Oak St, City 3235, State 16993"
49759.853090682176,7.621906394316695,4.658495030578276,3.4984891569000225,34787.25635579254,1476341.4558759253,"743 Oak St, City 3236, State 91435"
116387.65224421097,8.341627246246011,7.855443885093537,2.8318136215586094,51883.560658858674,2604393.454651704,"7006 Main St, City 3237, State 36615"
85467.04373331516,7.032940629074134,9.825713307701402,2.738617641985658,33167.82845049156,2195056.4155464047,"8003 Maple St, City 3238, State 60412"
80119.05988548863,3.22126531632627,9.735946421067244,3.5745477376335817,56559.00984085729,2137467.5626386856,"7240 Oak St, City 3239, State 89975"
67419.75931709897,7.681386132721285,4.644504351204003,4.963390329568727,48009.48315538322,1916280.7790396388,"7440 Maple St, City 3240, State 58200"
68604.99000871298,7.418734768652131,3.702317372484481,3.792011193469083,31684.39240653654,1564980.2168386239,"603 Main St, City 3241, State 58437"
78681.45034542726,2.1954150635250658,4.037977765271412,2.103309257967158,37758.82516961357,1354275.7206559472,"443 Oak St, City 3242, State 95227"
92678.68263324964,5.293981340721945,7.914249679374995,2.4845421733890554,67868.22462974257,2223989.797766844,"7842 Main St, City 3243, State 81392"
93193.14865636465,4.663601975698986,8.08031212817293,3.4525162359930954,48004.747273045505,2018789.2774289048,"3302 Oak St, City 3244, State 33479"
45452.45169349046,7.355296514029147,7.719655931397393,5.298522410735459,63824.68968820111,1890196.0869761251,"7842 Maple St, City 3245, State 24073"
75010.14768689644,3.7290864984873657,5.352548714195667,2.492575367342669,16619.302725619185,1494569.7256460164,"3567 Oak St, City 3246, State 91094"
67076.22855306917,6.726975383794068,4.1884385783068545,4.803284267503409,36410.35015593488,1421968.0073991641,"2477 Pine St, City 3247, State 89596"
108347.42696424457,9.305647694513379,7.065327643665772,2.599429354120021,64063.00853992829,2565344.3055590694,"7121 Main St, City 3248, State 28773"
86827.70290965388,8.382418977668863,6.385763120305065,3.0580766367469074,25969.783993692145,2001581.270007123,"1831 Main St, City 3249, State 95993"
77925.36597743837,9.371661889732243,8.101839029856123,2.860942637778814,67898.17287951735,2439492.6654576305,"5546 Main St, City 3250, State 74178"
40385.51779610256,9.82804773546152,6.0895205507993495,2.3361431778540522,11310.036880787733,1530606.886517018,"4830 Maple St, City 3251, State 39712"
84507.41003910702,2.085361016049302,5.370477862805279,5.3566490869329515,63673.6260678774,1931608.840196888,"2267 Pine St, City 3252, State 67534"
40548.35151122101,6.9819302110198205,5.054350041513101,4.317017736930173,33938.787934280816,1577136.3760842627,"3463 Maple St, City 3253, State 25856"
60348.59180091768,5.3027151820712515,4.480292240348225,6.155267204486691,9793.370734175443,1447498.2178690007,"5919 Oak St, City 3254, State 68462"
42855.77683328987,8.878835922680974,4.86022463330663,2.494454199911585,62168.903518095685,1646913.3598329134,"3768 Pine St, City 3255, State 93025"
92286.62823219321,4.014517616073054,3.6638130719087094,2.723664666690361,21376.113806592373,1447933.395572931,"2856 Pine St, City 3256, State 89860"
48562.69024525373,9.84823591292061,5.427999076502227,3.532288656752253,6446.258157189638,1674432.349230686,"2160 Maple St, City 3257, State 24129"
65267.34358692234,6.909663756349978,3.2559886865407073,5.829329934694041,13827.461861997499,1488083.1859886323,"4147 Oak St, City 3258, State 81560"
110610.72998569008,8.348299217830647,4.304896930164288,3.528794115778494,47842.45822348451,2112417.074717555,"8893 Pine St, City 3259, State 52760"
48388.474505907325,2.6847964225821466,8.227393112336003,4.042093537493463,68557.74679398266,1814339.8039185207,"1908 Main St, City 3260, State 43904"
75702.45575629012,3.4676630780709203,5.278282920736359,3.508017831485823,12245.039072928594,1301157.9562381483,"4132 Maple St, City 3261, State 17245"
67734.44950494198,8.067229384273626,7.677659118841407,2.4011214590051497,35026.623128109524,1899158.030893798,"2897 Pine St, City 3262, State 90831"
31631.163694115676,2.175892176314589,8.01818922918094,6.697168114480937,16741.375811589613,1442014.4107049215,"4969 Pine St, City 3263, State 48191"
101348.23022155315,8.535023887150263,7.068297399124795,4.742694960355944,53427.37471660349,2371342.825700133,"1416 Oak St, City 3264, State 93982"
36214.13156831398,2.1115921495352916,9.710884189557788,5.9391659409274835,12673.82848451792,1414343.5838800834,"2688 Maple St, City 3265, State 14158"
72682.95188792582,7.256950712490187,3.150079066361793,5.29178546092648,20589.71365125782,1561770.0321854996,"7739 Maple St, City 3266, State 68882"
80461.04654450549,4.920751361854447,8.170568554116995,4.571271395309875,17766.38789718964,1729270.6727655241,"1125 Maple St, City 3267, State 97208"
86558.38109531283,6.891958821753593,9.711506507582856,2.4483912832969006,40913.785723853565,2336670.7829439146,"9748 Maple St, City 3268, State 16490"
91976.8466377088,7.56825125591291,9.035902105470575,5.213667726351522,61756.9659800411,2473959.4551034397,"8979 Pine St, City 3269, State 80465"
52794.51451704436,4.7398017534904335,4.175248842635093,2.7768517796841605,38220.86307516721,1346132.5480226574,"4289 Maple St, City 3270, State 85927"
30898.089899260445,2.8636995848866844,5.287742143762125,4.071915846781383,8785.82443014563,1014404.9856511741,"7916 Oak St, City 3271, State 24263"
95109.92961194208,2.557166941986125,4.207162879135257,5.145565717402151,41620.28048879403,1779407.0273620407,"3037 Main St, City 3272, State 46843"
78209.09394128207,6.711488180500383,7.209158546702929,5.911145002360617,56838.86495567061,2221270.4440904525,"5508 Oak St, City 3273, State 99644"
105250.5932886524,6.165242829872892,7.985315873856446,5.425225878543098,13590.152824780977,2225094.530648957,"8529 Pine St, City 3274, State 89278"
103924.95266106249,7.93760807296906,5.219516385541407,5.357667645273144,9726.228932398462,1926888.7603045958,"8797 Main St, City 3275, State 11232"
105899.35510090948,6.077884080031497,6.776546017890068,2.7452110458760375,17207.50554124199,2130956.9076787727,"7928 Pine St, City 3276, State 97944"
73658.51939815862,5.379566320247033,7.836443990498365,3.730642700357939,53495.610983405786,2061733.334261997,"8544 Oak St, City 3277, State 94815"
60026.55562531791,5.184697425889847,5.949378716277339,2.214561363300971,43459.2272695801,1639736.4019184343,"7414 Maple St, City 3278, State 71110"
101240.2382332233,2.2115752207813397,8.978108713188215,5.597384465882323,40138.652507513674,2317368.7676365273,"4571 Main St, City 3279, State 17424"
70616.47017263295,4.684457613573257,8.400849547014719,6.762929906587096,21216.193151064945,1924462.2767604033,"9342 Maple St, City 3280, State 98308"
46509.79767630911,9.808161260195954,3.4526588069539947,3.320551950895379,26595.378691045866,1575449.8052102244,"4539 Maple St, City 3281, State 16644"
106947.66176053269,8.98844460981671,7.3478770936358035,2.438483545811547,67782.52584131726,2659517.253315799,"7395 Oak St, City 3282, State 41488"
109430.38890951125,4.6350245362737414,4.6472788567182475,4.377850383768267,20640.63973741007,1990607.4231988057,"4351 Oak St, City 3283, State 41174"
71967.87805261531,6.702363240530977,6.902627852670927,6.283491115637844,63606.95251158075,2038753.3046056216,"8770 Oak St, City 3284, State 79620"
36812.97545788087,8.77837396428395,9.698219098430764,4.759870976358899,42734.547789752876,1926296.277056755,"5935 Main St, City 3285, State 11506"
64904.34809252381,5.530194694000549,9.15343403186575,2.2338857509505665,13014.270314131107,1913801.4656795356,"1649 Main St, City 3286, State 24111"
102318.38935163431,2.1436629100012077,5.831614821805922,6.87136120263973,35375.30458007942,1830150.7971335156,"3168 Main St, City 3287, State 77015"
111159.66256916059,2.5960836945491206,5.040597008410474,6.143249549813003,66655.66662845694,2123029.023910714,"9995 Pine St, City 3288, State 92139"
48312.546824783625,6.083141770789653,4.640840210857813,2.657970385257551,32206.76387892831,1365026.2209636376,"8917 Oak St, City 3289, State 16917"
36027.62508227443,9.755515005407027,6.7276040882956405,6.608988782517544,61120.12671130855,1803609.5651534426,"2050 Oak St, City 3290, State 83193"
108961.54078195548,7.545676337750942,3.7997391728063943,4.2534414430259435,21667.865152361,2094108.8225760753,"3913 Maple St, City 3291, State 51730"
65046.44450809878,2.5673295315085563,6.84492505689774,3.859489952874706,42109.939867024244,1690440.831233675,"740 Pine St, City 3292, State 30505"
78758.48678408068,3.5148870063349023,3.009335476435544,4.305266652635941,59850.383783128294,1561380.139107066,"5040 Oak St, City 3293, State 71541"
117125.9230845683,8.170585145734801,5.266947415220914,6.172859784354736,64844.748676030205,2571105.1102844733,"7816 Maple St, City 3294, State 23642"
35990.825512280055,8.731518079649959,4.539540196814069,5.297398391433929,36578.51886483455,1485620.2974507927,"7001 Pine St, City 3295, State 67540"
88348.6206706886,6.941556689508727,9.798531529725475,2.296242261998638,46579.726639452885,2227213.0072953496,"510 Pine St, City 3296, State 43782"
36669.48803173804,7.155385357038533,8.090696236989853,6.788021855580855,5193.708500851511,1530037.2042758914,"3102 Maple St, City 3297, State 18212"
63792.203561985036,2.226699603067077,5.447573663235664,2.738920667391589,21459.514988370323,1418133.2112732506,"1065 Pine St, City 3298, State 28283"
102343.30906741021,8.628242076652068,3.6499156057143436,5.7278397586767555,23116.286743551475,2128156.057294097,"3544 Maple St, City 3299, State 35089"
69012.5009480071,8.306201665366636,6.617604162834368,5.180682652140655,11077.045757538002,1796972.310831583,"3575 Pine St, City 3300, State 10040"
119746.41185126554,4.072281152826777,4.494135169282297,2.9376402397328043,23180.17586820348,2019083.2095964807,"6982 Maple St, City 3301, State 74172"
80315.3356451942,7.669413759724056,6.755006821288505,2.8536603805652483,25872.932148779044,2100174.478059826,"9225 Main St, City 3302, State 44587"
58904.59373723582,3.7188368513999848,8.847536479252248,6.35163796852346,67969.79257193257,1887301.7445608787,"128 Maple St, City 3303, State 41363"
49810.019331427786,2.322641288412104,7.310547864709697,4.098474617497986,48459.154736454446,1599893.086402733,"5852 Main St, City 3304, State 39428"
61546.848085754566,3.609092340723018,7.436518936815015,5.272882570870692,32690.330162062375,1795548.3099048713,"7938 Oak St, City 3305, State 19085"
63527.994638359574,3.429031014034396,6.787212023439681,4.520355019283366,69223.5399452081,1821921.827605148,"2807 Pine St, City 3306, State 33460"
36184.23099515649,4.701983973878778,9.490859428419864,5.636767585379798,14960.100815249727,1723942.1156423006,"5688 Pine St, City 3307, State 70157"
63261.67794840958,5.347595977403665,9.523318790944224,4.396211875196652,35943.32760548149,2193348.7797392523,"7927 Pine St, City 3308, State 96652"
71781.46677653024,6.068311131981663,6.589062407514865,3.436899576277842,47059.04345818821,1921092.9563834816,"2180 Main St, City 3309, State 15665"
95046.39770149242,5.814031004066625,5.140316410004531,3.816916854982482,8612.741241465006,1786603.0786476175,"8214 Main St, City 3310, State 13390"
89105.65362494471,4.165396847722315,6.217109041156107,6.295388472251713,51604.92577540272,2141279.665738812,"8975 Pine St, City 3311, State 84600"
93788.90897062389,2.2333653485925957,4.30590538536931,4.340173464613635,11491.377939929343,1665898.7676412594,"1782 Maple St, City 3312, State 82619"
30752.73136891714,6.8408129778972055,7.454410207226625,3.0672466612230465,14118.350058979002,1156646.8338019296,"9589 Pine St, City 3313, State 27985"
49590.06596224825,5.165958638778835,6.500646350475632,6.673026940386266,15379.818310035465,1551066.6437521288,"2882 Maple St, City 3314, State 66485"
89551.58595598707,4.389377259100398,3.723103344692959,5.983002282491885,65377.83873260865,1879752.3055542158,"722 Oak St, City 3315, State 82778"
73559.04313617724,8.935528342644098,4.383534467837308,2.2783307302809956,49410.31043398091,1888121.649150688,"7574 Oak St, City 3316, State 59394"
30478.212810151133,7.973946462385278,6.3574236933966874,6.994714809902589,47602.78757170177,1640562.9008187177,"6906 Maple St, City 3317, State 63797"
102404.51781886401,8.862124386979538,9.213122935032008,5.474633482200511,41107.07727022449,2565458.013930215,"5428 Maple St, City 3318, State 41369"
99552.86159613036,5.959862357699688,6.964735044417682,2.8013329952029347,24032.389915181684,1968581.2008855909,"1454 Main St, City 3319, State 46939"
79357.72466942064,3.04745001701422,7.770745001459296,3.1858384064929823,45357.830798957846,1963426.5756936881,"6483 Main St, City 3320, State 31953"
35981.69931986449,7.569771488970179,5.373199848207368,5.4622274062077345,31659.731792761588,1655831.2588006565,"3502 Maple St, City 3321, State 57018"
98986.35445793261,3.648590239497402,6.99987975130964,5.89880527639561,14452.049756019967,1896740.648809432,"6814 Main St, City 3322, State 69198"
82534.22289582275,5.529837352733734,6.131658758466472,3.1951797157490307,49823.82387130265,1797635.8057865188,"1905 Maple St, City 3323, State 22225"
100376.39794421633,2.520006311591108,7.613909388362124,3.284844269496354,13422.840915444976,1906536.9007355506,"1753 Oak St, City 3324, State 97191"
97657.22931562563,8.60246721938386,3.3540289625530724,3.535603474360304,17393.45776637626,1865187.7980888588,"538 Maple St, City 3325, State 28774"
102270.18647620534,3.0075251283800046,6.4531015136727135,4.9900918241831835,58150.45527009438,2246874.5519628744,"9982 Oak St, City 3326, State 84918"
76620.72597641623,9.224780056394478,5.071948376007769,2.859080891506385,47907.611248135014,1835593.120412521,"3937 Pine St, City 3327, State 69531"
42629.20663741635,8.913844818092457,5.283295428945365,2.5212159944238874,46014.42502388675,1546561.0290441562,"6217 Pine St, City 3328, State 13370"
90404.17260417198,5.7166621155139685,9.72642202090643,5.394320445427567,32183.180982277063,2075963.7878374597,"1260 Maple St, City 3329, State 63227"
85842.64065467735,7.954945634431925,4.27886368897968,5.89548969896585,30758.233685559124,2066637.0064046974,"3031 Pine St, City 3330, State 42864"
96802.78684791784,6.955560590545226,5.178716768050179,4.504647022082527,49867.06959705108,2139632.4609305216,"9512 Oak St, City 3331, State 94414"
45289.290544566175,8.42460513870196,6.5692480301161025,3.819163551341927,53100.360009587974,1733396.419980166,"2747 Pine St, City 3332, State 23586"
47547.767991026034,5.454440806287296,9.041188637047366,4.160213567632382,38163.85815368019,1654893.3611266692,"5140 Maple St, City 3333, State 59736"
110136.85654973956,8.2864678739548,5.916690582444593,3.9420391693597594,68002.5008826542,2324253.279467042,"954 Oak St, City 3334, State 12030"
97498.00186068637,5.699654536521184,8.207056966217198,6.799924541188377,67120.47132972667,2497554.0855937223,"594 Pine St, City 3335, State 24362"
111740.56398302906,9.527726302742352,8.994618687503618,5.840449526095702,31807.91685082931,2536872.0154446443,"9869 Maple St, City 3336, State 82135"
98284.37890475287,5.890976806601181,5.170114490752942,3.040436074250551,58340.44652840499,2084317.6458222214,"112 Maple St, City 3337, State 47238"
83743.97753912717,5.700954175469836,5.74925128477097,3.9209457602699005,40312.409703897,2105912.494387526,"9037 Oak St, City 3338, State 13078"
88871.94633250864,8.280574892508103,5.495893565818494,4.720061456815549,38264.13269121634,2040583.438082037,"1384 Oak St, City 3339, State 13970"
110021.51315460089,8.572621534086704,8.829990660325446,5.064929310318442,8572.66398961237,2333912.215936557,"362 Maple St, City 3340, State 80614"
82092.60790607464,6.435912914569366,3.3104280336752083,4.340919480143835,42308.35618044016,1787526.0533350236,"2812 Maple St, City 3341, State 24006"
86915.21918955486,3.438382507960603,5.15894762180076,6.0506331750597955,63537.5654866057,1830414.775644289,"9480 Pine St, City 3342, State 89477"
44082.904440324055,5.742065847660636,7.755859903165909,5.838030097291158,55708.700197680984,1974083.9859796253,"906 Oak St, City 3343, State 23715"
72652.90981044924,9.744580023277427,6.958104496957398,4.525789593140834,56110.614405452034,2327095.1856992743,"7812 Maple St, City 3344, State 51500"
94475.7400762289,8.02388954431348,6.05402551505586,6.272146933908652,15395.38750746205,2078998.102841637,"2887 Pine St, City 3345, State 57328"
54384.84284847289,8.489300831033058,6.77963759054969,5.755447652211929,28299.214063681637,1735114.659022701,"456 Maple St, City 3346, State 63664"
48202.87624720814,2.262603990553921,4.383092100798228,5.892909243603216,20158.31958226533,1180808.2180055229,"3610 Pine St, City 3347, State 74266"
58244.4127401974,5.742875701073279,6.015016351256072,6.782003897167083,25534.493359616336,1652355.243060675,"8990 Main St, City 3348, State 47472"
51735.056519355014,7.172969069260443,6.511920889234443,3.332334706046013,42670.05732709215,1748629.7307828756,"5728 Pine St, City 3349, State 21254"
49342.13733327563,8.640261469024598,9.30832385368221,3.338240811834246,28710.947869066113,2017765.5517090326,"9273 Maple St, City 3350, State 26102"
68236.57585812782,2.3941892286621718,4.825846139627835,6.444761278453201,41445.358135177295,1485061.277138237,"9506 Oak St, City 3351, State 99036"
111705.46624951807,8.819511085134984,9.074799515154528,5.861131866928398,33502.581137847505,2728451.996195656,"5430 Maple St, City 3352, State 74739"
75635.36820648465,6.387207493935294,7.509689805781873,6.632727707178137,23630.011299232297,2055389.6902167965,"2054 Maple St, City 3353, State 40617"
46912.83427337908,3.5785117646084794,3.142385817473207,2.315650801622265,11201.22322333531,974141.4874467553,"5001 Oak St, City 3354, State 97642"
36927.45024427867,4.5380417315976,8.072419358295756,5.138785386307983,62969.49972741087,1602310.00834492,"6898 Maple St, City 3355, State 97414"
92654.05306241327,4.255436414012486,3.2488631428433856,2.723141690617237,5739.268790302163,1521235.2691515123,"7640 Maple St, City 3356, State 19519"
64451.88879927491,6.2468722743078064,9.981667887696691,4.519485991462913,5107.411729228125,1810558.7227436942,"58 Main St, City 3357, State 39897"
103964.78519268234,2.4134854392890546,9.108456813838384,2.7787346592672213,58741.853084630486,2368438.0591157763,"6037 Oak St, City 3358, State 93997"
89355.96917766932,3.2682892679993882,5.08140623278032,2.6403925449243966,69792.71112117634,1779273.7085394813,"8343 Pine St, City 3359, State 72584"
101661.73054872316,8.50154434700626,4.801878611376938,2.0608417269101658,52261.683801387655,2203749.101878257,"6385 Maple St, City 3360, State 46441"
54475.14354766039,3.0608319259744885,5.670087574739262,5.151194061914522,5992.799474087507,1327838.2205008343,"8098 Oak St, City 3361, State 94433"
92312.30302149523,3.8671701556650158,5.493168757201101,3.7951130834504303,19734.864733453367,1712400.2663075512,"6609 Main St, City 3362, State 27778"
53765.57862243469,5.6269648448332585,5.606364728697667,2.5259414243948584,68168.47551702749,1673850.6764468772,"1706 Main St, City 3363, State 94341"
114516.16315052625,6.136967104906644,5.227935822836363,3.614188888656549,57559.27639129926,2374465.218157117,"8792 Pine St, City 3364, State 95424"
87273.68533800369,8.108883836913268,7.34793384793832,2.8447204572579246,41841.98984730622,2041341.575115656,"2300 Pine St, City 3365, State 60648"
59206.062015780786,5.578659413329502,4.149845646044367,6.708474157508297,20395.946113623333,1464999.5422820165,"6707 Pine St, City 3366, State 54077"
54256.06760630454,8.31891696828431,8.921869047122092,3.6000244288067407,5934.063385238684,1734752.741568705,"6772 Maple St, City 3367, State 39278"
47183.39265644792,6.94677045636366,8.686817388219207,3.6697676164469493,6355.9957214315855,1652129.134185894,"8627 Maple St, City 3368, State 21891"
92517.68630043551,2.9047979153905796,6.335382454986894,6.199290016997928,44778.75612946473,1918651.7470788315,"2324 Pine St, City 3369, State 77067"
49684.40516981346,3.2506515071427087,8.969109756949834,5.238778806430021,6419.071962907503,1389356.0073800334,"782 Oak St, City 3370, State 78087"
83577.29393347402,5.4962698035981665,4.730015490212053,5.550858037015007,69585.95922514921,1897929.4512745726,"7424 Main St, City 3371, State 18704"
53817.15242328216,5.175115144712317,3.1229581899277687,5.180009019944803,16919.949177092974,1450539.455000279,"6439 Maple St, City 3372, State 15786"
89577.20503144817,7.948354157098357,7.334455475208761,6.730981419742827,51195.97852150303,2362528.3525145277,"4152 Pine St, City 3373, State 81629"
103344.57556864852,6.645897118378815,6.205365848753008,3.035004157790226,15078.881891806872,2049850.6190792152,"2900 Maple St, City 3374, State 15016"
100022.27188301878,5.105064648017994,6.9701518240710945,6.945196208778978,40106.072371351445,2193713.106276038,"6510 Main St, City 3375, State 31327"
98476.61978377035,3.366082267603085,9.295375863128822,6.154780887782566,10239.733750304142,2127379.933242244,"9445 Main St, City 3376, State 93226"
46895.01651230268,3.814696818603961,9.789479014961604,4.944862944381711,54840.59759466081,1822411.0112717708,"760 Maple St, City 3377, State 24202"
37954.645228606685,6.604008147752472,7.441171978289221,5.311858121981245,43019.87115711393,1732188.5704859418,"227 Pine St, City 3378, State 63949"
92905.39456386471,5.38751043919834,8.348389128967069,5.24412938250307,10600.835071091977,2086709.5401724188,"8500 Maple St, City 3379, State 70353"
63151.24924149162,6.1194200708853765,3.58665903441015,2.2919811202957696,60158.102298000354,1476839.3427950102,"6713 Oak St, City 3380, State 42054"
68911.16037630125,3.3654194824178694,4.125009094240539,3.0900824926596933,40556.20996048563,1508239.2803157873,"5209 Maple St, City 3381, State 53628"
32803.4183514052,7.303250018756526,8.132433634670836,6.807354422623746,64903.50015086567,1626655.316331431,"4749 Main St, City 3382, State 82581"
53361.88043475443,8.820309926847736,6.019558194716014,4.671822144296897,64580.519289077325,1960642.1370092845,"7625 Pine St, City 3383, State 88720"
33030.876348701764,4.063516054295205,6.12175689283084,3.8917680163095603,64833.006316627856,1323207.5040170192,"7064 Oak St, City 3384, State 88085"
109126.71953411229,5.932113806654613,5.1602537714480565,5.8101923169453755,10056.038013030418,2015673.6383462038,"5708 Maple St, City 3385, State 22982"
51905.70148966774,9.804218632167213,7.251494684344206,4.622594713279048,12862.254514044023,1672913.8749015469,"6930 Main St, City 3386, State 54770"
80160.34526157072,4.665933924405821,4.296155317913418,2.0658138571594877,69200.87763155287,1786853.6980949303,"4032 Main St, City 3387, State 49128"
33508.138859501734,6.7603707593900895,7.388413955197269,5.681187983575589,36694.053390915884,1675906.8013697728,"1848 Oak St, City 3388, State 47607"
90016.26521750922,2.721565601601955,4.216591999946678,5.661087800264307,20483.913433894595,1796103.2019532844,"7352 Oak St, City 3389, State 92162"
59072.46111786844,6.848120019835545,3.4467822429679953,2.825743560549872,55028.19175241277,1414650.6916853136,"5546 Main St, City 3390, State 84977"
110812.72682618993,2.7170541864369433,5.312503820893427,6.7833004421210665,22178.53937881133,2080919.2889800228,"1738 Oak St, City 3391, State 20110"
109930.63700406322,9.673883482590576,4.6179823940689335,3.1195406577055715,52269.01972121175,2320485.7245706483,"2755 Main St, City 3392, State 18439"
59276.155652557296,7.725301216578491,9.222941469894327,4.288746836910996,59423.57556023447,2097575.502572083,"7736 Main St, City 3393, State 99563"
111086.48061214211,8.30527830508565,3.3846741770803863,2.5736798063045736,55977.119524193244,2229984.297858184,"9878 Pine St, City 3394, State 63168"
119654.19061489009,7.632834886173095,4.23629584801886,5.016411597252942,22813.1075328658,2158052.7187724607,"3433 Main St, City 3395, State 63678"
104287.40977115533,6.717832288611726,6.841037239081346,3.8772556002860625,31105.20731515041,2269645.447493049,"7785 Main St, City 3396, State 61233"
106038.4212979706,5.599302248684043,6.367470335932316,3.7658673110485275,31861.315210162964,2022802.5763579644,"9540 Maple St, City 3397, State 63888"
52410.78624981809,8.8669870380885,3.3209641286229106,6.134884386104736,36932.73967679067,1538544.871429905,"133 Pine St, City 3398, State 21815"
81903.21589719807,9.654685340344503,3.0507669961060113,2.0478085642523913,15879.235350108842,1781018.2246352627,"1855 Main St, City 3399, State 32434"
36053.03225706311,5.9922893832326505,9.916475593728048,5.989733854462113,34410.55327693226,1953747.6736060744,"5078 Main St, City 3400, State 76141"
38542.614313950275,9.452280393242095,7.611842902511867,4.857242828740393,38200.89438350618,1800206.1618670146,"132 Main St, City 3401, State 66223"
119900.33508299616,6.66666327990814,5.557842916310898,6.930492567400996,39561.08477776841,2103955.2565055345,"6158 Maple St, City 3402, State 40870"
59397.532448331986,6.3070734951714655,6.29302573364269,4.947216103021245,58293.52794898979,1832750.252508049,"6614 Maple St, City 3403, State 39016"
97336.55208439617,5.6358618636428535,4.8658508431800085,2.2768956707397896,38626.74240116719,1909109.8753907776,"804 Pine St, City 3404, State 97112"
102599.85477241348,3.674302092240959,5.414116485852468,2.253226632218632,20000.95496338889,1787167.2073185665,"4290 Oak St, City 3405, State 12676"
107222.09439065063,2.0297572865444735,7.543311270877497,6.41576493185916,48103.367985872166,2243797.3539556186,"1216 Oak St, City 3406, State 25860"
119786.5467661941,3.93204981484849,9.179682592071595,6.206070727555265,56825.41936563064,2551460.791665172,"2265 Main St, City 3407, State 10969"
51734.68367311811,6.077785372828521,4.288910161568294,3.729450377910116,25759.158318487014,1488915.307295612,"6629 Main St, City 3408, State 47223"
33631.574417372976,5.03967961807802,8.882530537697232,5.090162420905687,46944.885386144335,1569660.1403781974,"5942 Main St, City 3409, State 12716"
67007.23661951274,5.58788182402107,3.8508964066278835,4.447956785278001,14550.969736490822,1587416.5929026196,"782 Main St, City 3410, State 11434"
41707.260284605225,9.845185756512397,4.504945565118739,6.835820275680261,27225.209797574164,1765936.075535559,"4339 Oak St, City 3411, State 35592"
32018.33002458496,4.802178965354621,3.260227016347522,6.749804504384458,64099.55542072622,1252796.3482505165,"2703 Maple St, City 3412, State 30375"
62438.414442733745,5.617463514880863,3.985683034650996,6.919195042703873,64235.0306055671,1661502.9846921058,"8652 Main St, City 3413, State 91725"
100536.44259677127,3.0681244108225565,9.421122018248354,6.332243903171321,42396.097618299136,2355477.7445330974,"7246 Main St, City 3414, State 92451"
80956.26221025638,2.383661859495901,6.2160712263286495,6.547757953875506,50652.84495623194,1757006.3356067867,"1978 Oak St, City 3415, State 87005"
58150.01902893186,8.203276116739957,3.5436610324484747,3.086393893835682,60511.00198838619,1621043.4183689638,"3765 Maple St, City 3416, State 81613"
88890.78049434477,6.565465400575829,9.718087866272729,6.1550339449488725,67305.95704532074,2626061.603494729,"7869 Pine St, City 3417, State 63801"
50881.636227792966,8.08563844835116,9.152946154310552,5.544285566021373,36842.61861883501,2069636.3135628442,"6615 Oak St, City 3418, State 73811"
31294.330146487653,3.198902391092413,8.282777646076989,6.813932544140351,41502.42288069223,1745460.3576022869,"1640 Maple St, City 3419, State 94557"
98791.80477927846,6.5746301694615275,9.534309543632904,4.856309142213097,32016.701832108967,2402245.5179434516,"1966 Maple St, City 3420, State 10799"
86136.87763776082,4.029139794731004,4.54090594585035,2.4258358335527817,9678.825908667868,1486183.6461042906,"8292 Pine St, City 3421, State 49410"
98607.2362050864,3.8244945352001594,8.854585051070604,4.986994455935765,32482.2257091732,2202809.2062857617,"237 Maple St, City 3422, State 59623"
33504.421501889905,2.092208112423882,7.829938374480143,5.432904640106439,56390.777059900014,1495931.8811603345,"2205 Oak St, City 3423, State 17181"
105340.76650475869,3.042725788552575,9.088314746973818,3.1016051435621415,57317.557369449365,2298589.3644669186,"6260 Maple St, City 3424, State 57178"
85757.35800326729,4.474144891997563,8.578380960198409,3.9705669175636418,63004.512448564485,2199310.5004085824,"1384 Pine St, City 3425, State 30885"
80705.58156413761,2.9350300847275124,5.425465442237774,4.992517070258399,8345.33583643799,1486170.075662092,"1713 Maple St, City 3426, State 33094"
86215.26433030784,9.8868675232875,8.42078975912079,3.870528686582528,39265.048322741204,2370822.077905363,"3797 Oak St, City 3427, State 96344"
107798.99221815277,4.469061188191605,4.837194120894232,3.8747385861933195,11982.591715909957,1723707.3006521368,"5420 Pine St, City 3428, State 85864"
82824.28559030163,3.0425915736186253,5.300145141196384,2.665433195863987,18048.241905773317,1502905.5904936332,"4111 Main St, City 3429, State 58445"
82285.53418993614,3.592658502623662,3.755340020560833,6.70373361538833,63514.07265473942,1809709.9640967764,"5582 Main St, City 3430, State 68472"
119161.12413591893,6.701625826731812,9.54553631186328,5.752471922475483,37291.43179793023,2423411.4230431993,"2387 Pine St, City 3431, State 73628"
98105.71503617112,2.512348190918308,5.037023543801971,2.0062171943305103,54305.419858279885,1918249.2121675909,"169 Main St, City 3432, State 75055"
69806.44249060217,8.899473041129255,6.644357256200163,5.828066420110826,9184.966885364254,1690038.0335038933,"3966 Main St, City 3433, State 72058"
93665.7300029635,9.691997433897178,5.739329855263349,5.698974963289293,32093.72275511538,2278800.1919096354,"9378 Main St, City 3434, State 61879"
65030.742452260965,3.973979365339047,9.71949684408451,2.048654800777615,48825.618243181954,1802872.946562745,"3510 Oak St, City 3435, State 26159"
50598.79162351491,5.600762148726875,5.345344196569377,3.848021488068823,13671.421283083864,1356959.441384177,"4478 Oak St, City 3436, State 23556"
83716.66891989835,2.1770756082359766,8.449820749958823,5.033738451627653,26178.162141869405,1955822.1585606076,"4721 Oak St, City 3437, State 45280"
113536.38883025563,7.125681797817772,8.98791308241826,4.26375325929018,9195.60732655241,2604385.611146321,"4590 Maple St, City 3438, State 49446"
113622.55680139165,5.311408464420711,6.049245482366762,5.889930593602537,47337.09615651818,2310764.226185695,"2679 Oak St, City 3439, State 47694"
60771.47502949413,4.160467728812446,5.647202701170519,4.12729166317217,68107.9318387777,1533610.129098308,"430 Main St, City 3440, State 72297"
77490.97195995256,3.654696884932868,8.234220746528397,2.769314847269185,58757.95692428393,2088620.9668715133,"4659 Maple St, City 3441, State 58609"
49047.23087128751,7.2321846212700835,9.390271862143639,6.882078121369143,68350.50259249177,2128326.3048655014,"8106 Main St, City 3442, State 72974"
119606.79985489951,5.3297362482585156,8.284522131505668,3.2101999638802328,59964.31168139577,2528434.8042516424,"4633 Oak St, City 3443, State 54944"
118300.61170811421,3.437274312239296,4.5898845591430595,5.5884615527066615,60587.72740280361,2248439.3840085315,"2664 Pine St, City 3444, State 20534"
88455.80367367026,7.512872651894592,9.218154232063938,2.7157815583203595,42516.51769913727,2069172.2474512728,"1689 Maple St, City 3445, State 97855"
102397.2653709726,6.520578264293549,5.713071672057832,3.6450630689196633,38686.400241858646,2110484.8787394324,"9075 Pine St, City 3446, State 10816"
94359.014515533,8.86937643943597,7.03360588244554,4.210138042152119,31406.527317808792,2192114.8265811102,"3867 Main St, City 3447, State 55935"
83384.23971355215,2.939807191011943,8.820049335048978,2.9611600226353194,58176.168177982196,2188335.8356595594,"678 Maple St, City 3448, State 23815"
34801.319729000796,8.285332815555648,4.3187633718034455,4.2497978818430475,16834.394798071597,1392158.1945915895,"2490 Main St, City 3449, State 86042"
70928.7908297395,7.388134294538072,8.491570949742872,2.78581411495875,8654.619528572559,1722167.627817199,"2447 Main St, City 3450, State 11720"
90730.76719506695,2.9200874946247826,7.173139585374742,4.795032694929451,66613.09847450387,2230342.2719671954,"224 Main St, City 3451, State 68656"
90977.84524953162,7.558565838973766,9.253391492793257,5.31856626260097,5245.582038226009,2258715.4707526453,"1309 Oak St, City 3452, State 42967"
63581.03565801452,5.532378311038643,4.203792812904801,2.3121714201400536,68493.90592193036,1505843.209632993,"4107 Main St, City 3453, State 58625"
114752.27879922275,9.559878284446745,5.944775659286499,6.35566060541084,52375.46904179478,2559221.2286780616,"5075 Main St, City 3454, State 58130"
45062.13290131029,3.1328908049431945,8.829901650067862,2.925704425210178,26352.429780358794,1636673.8943093764,"3994 Main St, City 3455, State 63085"
75032.35015940046,7.142667126525904,3.1346219241973214,3.126812126601619,50358.28980061017,1582418.0373998454,"6934 Oak St, City 3456, State 75081"
92179.55788957405,5.055840363703568,3.7854095673595,5.3067492004153145,58161.88521703328,2065189.9981518462,"8472 Maple St, City 3457, State 13019"
92742.22253026284,9.654517364727022,9.933956489297142,4.34375530217207,20948.533639118334,2288657.0625307523,"5358 Main St, City 3458, State 38975"
88377.5061091934,4.639799162322212,4.962759250132454,4.496977995855328,55108.219413172825,1844113.4784954668,"4827 Oak St, City 3459, State 71929"
54775.93921066741,9.697487275934401,9.828802356067673,2.6407749228156634,57284.02562553561,2090294.2366619867,"5158 Oak St, City 3460, State 29423"
44058.59118179598,9.211886808805993,4.277720857060718,6.0286791093820415,21208.050958147454,1667991.9220541813,"4411 Pine St, City 3461, State 37744"
87234.62941440399,4.163065882485251,5.527661101051349,5.08527123052105,7725.213034568929,1664795.0647859669,"9131 Main St, City 3462, State 17083"
83937.1904525494,8.428334214611422,8.270086111524995,2.67691021654728,18267.94849627635,1977760.8528897648,"5076 Maple St, City 3463, State 55334"
46142.04092603169,9.964833614428048,7.604448850667249,3.86999683512798,18042.01657781064,1818849.073869398,"3943 Pine St, City 3464, State 86441"
93462.5231013507,4.021304017370259,7.067856799503389,6.052049663675151,9240.629521406408,1995001.7124188493,"6173 Oak St, City 3465, State 68377"
70965.47925602907,5.494217354586557,6.709294230635053,4.841775229933104,52190.480002587734,1994068.4651307676,"6231 Oak St, City 3466, State 51429"
90098.45324428377,6.161445892534077,8.904083105653182,2.543243895664652,29698.370089796532,2119038.7263181177,"1325 Pine St, City 3467, State 46045"
105363.03717931356,4.3594490864309146,4.644639939833749,3.8638852289464336,62485.10088450079,2096969.512695973,"1625 Oak St, City 3468, State 35811"
45275.55857192309,2.122118717168238,6.097296488954629,3.2134719922786728,21391.12186823709,1184981.7011806301,"119 Pine St, City 3469, State 50071"
31723.0381197153,3.7610339535802133,4.0881660450952015,4.587327768268632,34460.09073149528,1309735.8169828884,"7941 Main St, City 3470, State 68131"
100119.23277562081,4.255495074734068,7.17159117011493,6.2168056443599475,46536.13288023959,2321299.7246998954,"6521 Pine St, City 3471, State 45535"
84872.76826373543,5.548797610545497,4.7538109698992415,4.181335674022099,62035.22172866557,2050384.302524627,"9620 Maple St, City 3472, State 47848"
92967.56126599095,3.368819827307215,5.336894450403701,4.166710151841615,39100.37160525936,1924982.9160964661,"5465 Pine St, City 3473, State 96642"
105433.94774897784,8.986034853533381,6.298755016364697,6.526754511635184,29279.100807804884,2401713.0914632035,"8208 Pine St, City 3474, State 65561"
102252.98413420505,7.639289061850689,3.187394099921895,4.880927062536362,61355.98010068058,1988257.2863928517,"8115 Pine St, City 3475, State 29166"
116482.81322359422,2.681603820477296,3.643565551445864,4.8309554369870344,25166.017604694687,1924482.4421341254,"6860 Pine St, City 3476, State 60975"
78234.15709669064,7.200739609119451,7.801504544957537,3.309549459376947,10162.540476117469,1928024.6241877098,"4924 Maple St, City 3477, State 97059"
73964.60693939148,7.229251811244963,6.002789865022551,5.038613739185632,33927.7369881656,2028465.3547694557,"8471 Maple St, City 3478, State 22620"
66169.8479901657,9.649769389149021,9.053531553999267,4.879552337086982,56031.06492236948,2375753.286641749,"5667 Main St, City 3479, State 98841"
43832.19385597841,2.02416697084929,7.862704025509396,3.98425735170932,7000.754063979,1378116.147029477,"2086 Oak St, City 3480, State 93026"
81534.65095938201,3.9834595984464576,3.056706591531257,6.9534778294959025,43082.34592432348,1514649.6015921223,"8224 Pine St, City 3481, State 70469"
54931.12718933809,9.422331835002524,7.3169863153699435,6.4094548247404335,43640.16315427035,2007371.1757258202,"8929 Main St, City 3482, State 74106"
112917.67609916779,9.457071323186264,3.656074062418015,5.747931450384078,65355.2146227798,2337941.042779488,"3609 Oak St, City 3483, State 55100"
82487.17238493878,7.764691354965099,8.466532258533459,4.686727942065002,23620.213114426417,2174368.3685327093,"8108 Oak St, City 3484, State 75829"
83355.6162457299,8.126106568380319,9.940553817949514,4.310299009473152,23124.379858695254,2238481.8387456825,"3197 Pine St, City 3485, State 70392"
61943.2194789309,2.731863663437177,6.7183915596905806,2.924486976115997,33631.43733707908,1521793.921095959,"6567 Maple St, City 3486, State 92188"
34679.04167799367,6.111006678225869,7.779456501358912,3.5286873700731185,28199.468595648486,1567458.6253710499,"7074 Pine St, City 3487, State 47945"
32856.938883568975,3.852663930311995,4.661199126263261,5.869803999116051,52862.48107480624,1291291.2294429855,"880 Maple St, City 3488, State 53457"
68100.16297378778,3.449744348908938,6.063184206276555,4.268744769687757,46713.885013550724,1712334.5058012363,"3892 Main St, City 3489, State 48468"
37610.8840287514,8.48242639298666,8.992667325654686,6.411347582847506,54329.86746390731,1831692.121706753,"7650 Pine St, City 3490, State 55572"
84616.22599861253,3.0803050934443794,4.171960634223758,2.739555681727644,58302.71642791479,1624394.4703116422,"7979 Pine St, City 3491, State 16384"
109287.57050756917,5.749213095971082,4.858749239296335,4.541735480068183,64993.7736277196,2295861.588278892,"4957 Oak St, City 3492, State 32334"
109462.33348668499,9.508625916688263,6.118035727002211,5.234828420106544,33010.8875660021,2258577.5676249987,"5349 Pine St, City 3493, State 49842"
89314.08691190091,3.4866564445227404,7.985742242908097,4.58424228153963,69005.33031565072,2313459.498562536,"2422 Pine St, City 3494, State 34949"
49010.86483256379,9.823947389905877,5.631187683569717,6.446134457924936,19017.952871237427,1817714.7661305766,"7105 Main St, City 3495, State 65935"
107669.71482229848,9.954303886088471,9.494125958481028,6.947816409145699,51433.735526576354,2772722.5955791646,"112 Main St, City 3496, State 31677"
109748.40917818874,6.444937237459223,3.661199358881034,2.579173291706849,39710.6056249673,2288428.5397916194,"7582 Pine St, City 3497, State 86881"
47698.82264576628,3.3611419214172633,5.595629382813932,2.649774520384605,58098.53865451742,1586991.9598225951,"70 Main St, City 3498, State 24761"
96368.34771936096,4.528839103527165,7.962678863998954,2.6516205678006055,35990.08383941769,1991710.8270504177,"9618 Maple St, City 3499, State 78108"
55786.759403441065,5.395942661412281,4.581907359630447,5.405885480352637,55956.011298558034,1710791.3421488344,"1655 Pine St, City 3500, State 97828"
102237.62811176367,4.4745937948657835,7.59489193960771,3.86338047747919,65460.96645209907,2303489.87924639,"9924 Main St, City 3501, State 44129"
119751.41099132424,4.245084639012126,4.1495187075914215,5.66657330632953,52599.127299105676,2097051.4650706358,"8525 Main St, City 3502, State 40182"
32702.340479645354,9.777837673730861,3.391861994031805,4.027357364434893,55446.12860419108,1378324.6976429224,"3261 Maple St, City 3503, State 11957"
110762.92792118387,3.226918619325965,3.847110017240542,5.1380336066603185,9366.403032280648,1877206.368407431,"8652 Oak St, City 3504, State 98618"
86036.74802387922,7.866623269734898,9.509893481938942,5.849290028394467,18322.24804509824,2221785.5168955643,"4986 Pine St, City 3505, State 88867"
117604.43572483391,2.003282315513399,6.862256180576859,4.741079553274603,68329.7431327336,2298882.434228359,"931 Maple St, City 3506, State 45657"
71850.8565773785,6.769461355219015,8.574420428357543,4.69751795225003,50057.155246180635,2042043.98977909,"5960 Pine St, City 3507, State 56637"
106264.91375142364,9.327544031632419,5.328581506335358,2.441171626428172,41494.186125215296,2161203.145291749,"7140 Maple St, City 3508, State 73566"
35615.46617384495,4.303472752745752,7.148610535198126,4.053908714547174,28853.464270769255,1396408.8049747015,"8082 Oak St, City 3509, State 74270"
60175.114507046615,3.4842078020617535,6.464664935934941,4.728885766124688,7885.285078449664,1513245.9576967533,"8147 Pine St, City 3510, State 74610"
36031.4883976089,7.213438359027416,9.620165715816057,4.30990412833205,28993.834017668774,1506030.4367759044,"4418 Main St, City 3511, State 86088"
117780.88201311635,7.700811258387145,8.233022452378773,6.503910000942128,37429.33676382243,2605447.143004874,"7817 Main St, City 3512, State 26482"
103527.6516544653,7.5042441516158505,8.113798420476053,6.532653160597447,18744.86811014764,2274684.431873688,"3650 Oak St, City 3513, State 12157"
106729.26791213735,4.554535040170992,3.3244728860399566,6.109586902943809,16253.891432799113,1965770.5916104522,"4580 Oak St, City 3514, State 88663"
114416.87082905047,4.017619217274647,6.847687683025837,3.8764903768656,38047.0758382386,2493670.038894009,"8698 Main St, City 3515, State 88033"
37659.31375078068,9.647350399696354,6.268940177312704,5.586495758437671,43083.77531579036,1707561.717514351,"8553 Oak St, City 3516, State 34491"
64703.783326200006,9.386396066159435,9.494895866243361,3.976442305348049,20594.664725544113,1925993.0425862833,"533 Maple St, City 3517, State 91255"
36393.14001396019,5.658532879142562,4.801393917326726,3.1629679948787954,43180.31583965385,1353447.8735193578,"2358 Oak St, City 3518, State 56831"
48971.37913950258,8.769550929234988,4.88883417303766,3.714513217754408,63522.09765182917,1727801.0235422454,"1970 Pine St, City 3519, State 53307"
50642.91993339051,5.618587821074368,5.879423742170503,2.3548231664276775,35756.261771387995,1704273.558511163,"7172 Maple St, City 3520, State 12601"
72219.64899428209,5.395112144580083,4.703587993844632,3.658887545023236,60730.36102316679,1948316.5024834808,"1193 Pine St, City 3521, State 25639"
54170.59507082783,3.2541035807943572,3.9042874246612467,4.303711086305858,65272.6438946657,1558766.1728430567,"8929 Main St, City 3522, State 68552"
39088.0296135985,5.411248451935783,9.001903926555606,6.77740447390415,11005.611880910572,1581275.818357634,"5805 Pine St, City 3523, State 80794"
45074.198018469695,6.299335508798456,6.907935670827411,3.5670529310981247,11227.752677691804,1549270.617230296,"3066 Oak St, City 3524, State 83402"
43254.80071968818,2.1800346194294917,9.029539032695968,6.512267696027603,35942.87188769409,1665495.8870101627,"7254 Pine St, City 3525, State 63478"
117576.91181210685,5.552904041403251,8.817943357825872,3.1442913791174854,43226.65888065067,2493444.1449240176,"5571 Oak St, City 3526, State 28569"
98336.32562266263,8.250849747161602,4.974296483527698,2.954844488796247,32682.4251902269,1890083.938025157,"9189 Maple St, City 3527, State 17505"
117098.53187426057,7.440368450994159,6.834162110269918,4.594977282160825,26219.300077137697,2464862.0628097854,"1180 Maple St, City 3528, State 66087"
69576.64378571177,7.08125591091148,3.582523919180493,5.3625568464870295,46664.617548200134,1741411.7729038664,"9525 Main St, City 3529, State 29128"
55053.16334963909,9.27644342749762,9.406763188215308,2.221661254011407,5135.298302744817,1849137.054308105,"2261 Main St, City 3530, State 79034"
101846.3877488268,2.14425607860184,5.829839005456072,3.1053293252360836,67924.76325614325,1964831.8483917618,"3414 Maple St, City 3531, State 15798"
59362.852623703206,6.456380689537873,5.7557332872231495,4.2784183325065825,20085.14073222144,1526322.8273627446,"8098 Oak St, City 3532, State 91231"
56944.50363348135,8.298790787277657,5.119287594325673,3.655021679915907,64611.41995789546,1858361.1915596032,"5381 Oak St, City 3533, State 35475"
50925.53929870481,6.330683061610138,6.2246462129749265,5.5631053967416095,12085.95839474289,1376167.9167957036,"8940 Maple St, City 3534, State 23164"
41671.10804018118,4.591164420643033,4.7623157058181365,4.555802980206584,20475.666832897215,1345256.8574351023,"6943 Oak St, City 3535, State 55836"
53081.67549150894,3.090004520735823,5.623965909577632,2.8017955280195013,20266.790570687524,1215211.528712545,"2297 Main St, City 3536, State 69075"
61978.7773626499,9.10050457452953,8.599629340094173,6.472326896575453,69749.938773042,2099834.7817024537,"5150 Maple St, City 3537, State 15934"
90659.47873311574,5.766099139100824,8.839788525096203,3.464528377416798,5299.035472182487,2214703.3865699135,"939 Maple St, City 3538, State 55579"
35630.83579975064,9.02492157588561,5.129277343399613,5.6556555448221175,46576.483604727226,1534640.0036974978,"4556 Maple St, City 3539, State 66847"
48945.62456988086,6.6868169794653465,6.283101013869516,5.89957889552705,61529.62776895543,1738864.7653400563,"6557 Main St, City 3540, State 97188"
102812.12762625088,7.393536932920006,9.116738433960366,6.815788501280511,48697.78751160789,2688553.623322601,"6253 Pine St, City 3541, State 62025"
43222.97312253937,8.4340892350276,3.36871332280788,4.492537332620507,28577.69818410137,1586538.9597521904,"1451 Oak St, City 3542, State 49820"
60838.06318702694,7.273244356801075,9.224014733970499,5.079177577322161,67290.10857569077,2045489.7407657385,"4492 Main St, City 3543, State 32528"
107819.30296723261,5.184438725431502,4.534290419566322,3.6743814673976685,63078.849048287666,2030167.0827475083,"2056 Pine St, City 3544, State 36254"
43943.278002909836,6.109067071429208,7.749774709500631,5.390896467060332,33207.06981621865,1604362.471237453,"7833 Maple St, City 3545, State 53497"
37446.31520563709,8.424364197407039,7.077861874692202,4.316917429331599,42266.35201972563,1796229.7611502404,"9858 Main St, City 3546, State 96744"
73608.41955720098,4.9892023709838735,6.8705852373247644,4.188261823622112,67888.74720734064,2164195.9366455046,"3012 Pine St, City 3547, State 34819"
57217.75601506828,5.104971654147977,9.01552157326975,6.277337645580527,68866.42352522055,1973294.859555372,"8332 Main St, City 3548, State 74469"
80706.75280354687,2.765520928464009,3.7110050055126287,2.2508442174934435,34238.512921666894,1622416.3998296394,"104 Pine St, City 3549, State 75598"
102342.44014351277,9.31667548177398,5.429196177279453,6.409812139159342,60077.75182930076,2345373.5818745964,"2063 Oak St, City 3550, State 95485"
42343.363933746885,2.728290519563534,6.767769224413359,6.260349189142785,24628.71475200586,1445836.0429975842,"9739 Main St, City 3551, State 65820"
82262.91760988566,7.185673419588447,8.679021977622279,4.531831267808945,29167.836740493203,2030883.3570820137,"4823 Pine St, City 3552, State 90182"
75495.78843508774,5.3055558304223815,4.515101583881701,4.451014271028141,15713.422394364707,1581348.3013270004,"4834 Maple St, City 3553, State 89827"
42967.09074118796,5.244955122043539,8.620508889619934,3.809036840177451,18596.99853048747,1577704.2011341406,"130 Pine St, City 3554, State 91361"
86159.86369760841,7.436414692581471,5.79746937745755,6.970868958408672,47696.764646858326,2113310.983156786,"7670 Maple St, City 3555, State 15290"
54627.63760746945,2.5367498610390298,4.322396995035868,2.555846663769206,38200.805170460255,1325082.1526268625,"927 Main St, City 3556, State 11819"
73905.08866896112,6.749646263611477,8.31290508310438,4.951076178143035,20023.570940664187,1889512.6600808948,"5108 Main St, City 3557, State 36783"
37404.50918493557,8.17625428777884,3.636292310321835,5.408407950562085,31189.125063507418,1303586.7250797597,"4784 Pine St, City 3558, State 28140"
71362.56514922608,8.625702063092753,6.603371618528101,6.671650041084722,29256.92489113931,2063401.8243123202,"2328 Main St, City 3559, State 29580"
57581.712123853824,3.3642431151502024,3.4471304870332187,5.901017484283807,69178.41329479672,1676925.8400587763,"3654 Oak St, City 3560, State 20619"
104014.30900668188,9.17935240062539,5.494924986104513,5.219236014057734,60481.77941873966,2395409.3170970874,"6255 Pine St, City 3561, State 38670"
35128.085429763145,7.249168734779538,7.207537593044749,2.5840615840606134,30217.811669948576,1569320.2816979666,"6338 Maple St, City 3562, State 23787"
67674.6547426497,9.054838406565462,6.892808790410491,3.868667584157337,64404.57762824215,2194804.0876832744,"2871 Maple St, City 3563, State 70263"
71258.82817182943,5.882245736881586,5.832587925332666,2.6942082127399263,27271.300455831122,1773540.8701136897,"3971 Main St, City 3564, State 36108"
95250.54686692069,6.336266760777616,6.0033359578048096,6.406063662327568,48413.59832776586,2088483.112257465,"6571 Maple St, City 3565, State 45720"
81685.88175811898,9.352306216229369,4.587386873455365,5.748105777818215,67832.24978433731,2085368.47750483,"344 Main St, City 3566, State 23606"
90049.1103474763,9.199276346837374,6.19117811896872,5.787683933986147,30368.1261592559,2112212.85975564,"9783 Pine St, City 3567, State 49804"
99934.43570865806,5.585286986952016,9.67278399004584,5.26128258886772,49192.522731820696,2649095.8970523803,"4829 Main St, City 3568, State 63403"
107598.26762923699,4.195301053085454,8.953170424486533,4.535217684683548,24235.047719071157,2310052.4259586176,"6584 Main St, City 3569, State 81580"
58248.794705022345,5.145363476514113,4.016630083534407,2.749855297317486,22310.30051386835,1401465.2610860497,"748 Pine St, City 3570, State 13356"
78422.04348275127,5.102114628237998,3.2084655112464464,3.6484744335252586,42320.18331805088,1653682.132053514,"5189 Maple St, City 3571, State 75921"
105609.72705952798,4.294934999862352,9.534670189016413,2.6845789623844527,68652.19887215918,2325336.65858009,"4234 Pine St, City 3572, State 16246"
119050.60178685508,4.148636834663733,6.687248249165234,5.624565714261716,34453.700166811046,2467742.2388745667,"1736 Oak St, City 3573, State 89222"
110056.73799393869,8.888503491837756,6.764864762045154,2.801143880110025,65946.40307057774,2547866.820329773,"4823 Maple St, City 3574, State 24422"
63432.05363619391,2.5588953654772935,8.465025969945657,5.510567750858428,64433.628815909506,1999268.570102252,"880 Oak St, City 3575, State 79193"
47564.986549678535,7.420889456796753,5.202822817099285,5.461276947979524,21494.56980242466,1357679.192264495,"5110 Oak St, City 3576, State 26656"
74045.32836659299,3.3825604116516184,6.373352981852015,4.296522394956444,31118.26146048128,1781900.9071839235,"2896 Pine St, City 3577, State 70216"
96747.7306652438,4.756047147152506,9.780640392027163,2.6761432705902615,46814.6611021219,2266467.253987791,"1607 Maple St, City 3578, State 45215"
74331.21636779679,2.492344273078695,7.70504080852685,3.5740041306701835,38672.98248674046,1652639.3808952346,"6497 Pine St, City 3579, State 11324"
73486.27769823017,4.159789094843696,4.076215223970502,3.600465545377757,11237.304441106331,1337773.5716218113,"3903 Maple St, City 3580, State 29506"
105440.73789736205,8.147368568937937,3.932587235890473,5.501925665716467,69590.37195826528,2162902.995209239,"4867 Oak St, City 3581, State 63737"
62526.34011604678,9.080122596378068,4.429853308331038,2.5687150970686217,53922.5100787332,1652153.3794401179,"2723 Maple St, City 3582, State 63828"
107381.5207330481,3.7722172152189364,8.366981720945024,6.145343231080454,33450.11248460626,2289450.2471588957,"2895 Pine St, City 3583, State 69184"
66612.43208565512,5.708382714071375,5.067639026884312,5.8050364509295695,45180.95572830894,1718334.1720071316,"7649 Main St, City 3584, State 57563"
59540.97951105055,5.762592383497651,3.1497219267255585,2.9315345908713697,10692.233122304959,1310331.3079772375,"1962 Main St, City 3585, State 88152"
70859.09200797291,8.988602446077874,9.609220544539633,5.595821908894447,37194.607489824644,2448203.9677695506,"4863 Oak St, City 3586, State 94595"
98620.22628073816,8.102392423006442,4.187993914764375,5.342565907339109,65504.10702813671,2201208.538136977,"1940 Oak St, City 3587, State 59165"
41340.182507759484,6.104617746944399,3.06690730303648,5.740604000554631,63279.06227357359,1228109.7986563975,"746 Maple St, City 3588, State 37189"
47677.729428481565,7.365977603774187,4.65992121668326,2.9446427772434722,26929.754956404464,1416662.1087527308,"4571 Oak St, City 3589, State 45714"
115630.03430967827,8.778840431274935,4.645201509826936,2.787951610782343,39538.91114838702,2367531.033151877,"3183 Maple St, City 3590, State 49332"
45794.24646432216,2.0763116322043595,5.954036755920061,3.182419929613771,50329.92906569704,1376609.2826942597,"4507 Maple St, City 3591, State 44675"
81095.45861379491,5.223120248400389,9.442728820500257,3.8293585157448784,27100.602349013847,2230845.736784575,"3992 Pine St, City 3592, State 63928"
82138.30199957441,9.25794533821663,9.154294424453685,5.968324905179006,9217.149176106002,2287053.4932125523,"2664 Pine St, City 3593, State 74010"
74066.20158452203,7.922504246751611,6.198261884876995,5.68961968739425,37853.707686657304,1808778.3345883358,"1883 Main St, City 3594, State 73501"
88027.07237191367,6.342730994672597,5.876299334942646,6.627257961392665,44106.322828516866,2097818.798276379,"4718 Pine St, City 3595, State 55196"
50684.405321785656,6.237156216281067,6.885063605323959,2.293147795493077,5379.704007898166,1494900.0357885826,"5601 Maple St, City 3596, State 75917"
79739.60409990733,4.782160780835502,4.70417808380236,2.057781405070928,11212.39928000449,1638669.345424552,"9626 Main St, City 3597, State 50876"
63495.592972220744,6.164164269132116,3.36529494376454,5.495694148503995,18473.8918336199,1651591.6794643528,"6748 Pine St, City 3598, State 95452"
89550.05336662702,7.243065595707626,9.574568953198447,3.3964374789708285,27623.39865441072,2354401.9993195753,"2730 Pine St, City 3599, State 18038"
42710.118903583454,5.346904307430345,4.306892894140209,3.6703944776690878,40168.32948398773,1393999.2974273013,"3911 Main St, City 3600, State 54079"
81378.96751555285,7.713225171137392,4.3888051047200145,4.734010129572561,24099.789719378245,1880693.421731902,"7503 Main St, City 3601, State 18162"
46674.331984499135,8.889857818083087,6.3072223019776334,2.5120656156339924,22951.947936422745,1589135.0224135332,"2637 Maple St, City 3602, State 42298"
55077.875680353274,3.2374787854788893,6.441293413882315,5.213472082740249,61507.707347850315,1545611.0847287786,"2824 Main St, City 3603, State 40270"
49683.88202912249,5.612376182539395,3.1290394679051934,3.625737231155751,14428.291652092706,1212843.9706680323,"3317 Pine St, City 3604, State 63054"
46455.40018819354,5.264160730280649,4.035683171417794,5.163575621504958,37204.90865620342,1428077.5367814477,"4938 Oak St, City 3605, State 91392"
104313.98564046003,7.499718432397825,5.647083729925193,6.1700345653669295,66933.60660084884,2269295.7837925665,"4585 Main St, City 3606, State 37789"
55713.68108948013,3.998939722063435,7.786114854573773,2.855556666687148,45625.86119254298,1826431.1552771982,"6395 Main St, City 3607, State 49225"
113441.14036780044,7.12200731961821,4.598929197823551,6.654365464572601,51618.356193138505,2416689.951935913,"3297 Main St, City 3608, State 49991"
117293.38728106717,9.019913933851903,5.961101123692338,4.653440705312219,33030.404440389466,2268396.7612311807,"9716 Main St, City 3609, State 87987"
81413.44229433876,5.3450527983489815,6.901415453015268,6.614638825869842,6295.590862781772,2000000.6470710498,"5561 Maple St, City 3610, State 16276"
42870.101039915375,9.28812559983376,9.220147462363045,3.0386504110088906,46998.473943868354,1926039.5325085092,"6225 Oak St, City 3611, State 60822"
63709.34190416231,9.945309911467827,5.282493516289863,5.022813323021188,46075.07829282807,1860169.0305611445,"7119 Main St, City 3612, State 31555"
101795.90370133927,2.8487363995836166,3.9349078610443846,4.019435586618023,12177.796370116652,1764588.3045999012,"6638 Oak St, City 3613, State 47573"
63065.16558273634,3.864425503878869,6.424905581283257,5.8711109557800665,35040.381385601046,1684095.171849369,"6762 Maple St, City 3614, State 36107"
37831.549647250984,9.603038011856746,8.227051211788435,5.029544716066482,64496.381403267274,2179918.2745904396,"3817 Main St, City 3615, State 80669"
80110.64198353692,9.666621491851094,3.769018299369134,4.472577284791592,18330.514078178385,1726500.042923419,"4080 Pine St, City 3616, State 84309"
106060.87663464314,2.781658203094068,5.972784441878723,6.564927032155043,34971.41905121717,1876153.585674904,"6263 Maple St, City 3617, State 26114"
101633.37484291522,2.1199880030170934,3.124495988837384,3.885585320858401,34971.70703803383,1635675.0943863045,"3558 Maple St, City 3618, State 70873"
45761.08261173179,3.288800186051378,3.2349142715307577,3.0999010244909075,57699.49542959649,1341260.7349311044,"2383 Oak St, City 3619, State 70028"
90548.815297122,9.968102267057986,6.380673542516659,5.040505934260459,58597.431571413894,2265835.187056781,"231 Maple St, City 3620, State 28267"
49845.38370920824,3.439996932885495,5.087381087056507,5.1201421858640686,54352.51227812047,1369800.9593874142,"6032 Main St, City 3621, State 79712"
49638.6781096955,6.020380853776185,8.915751093037885,4.195473107859377,28754.52034723779,1803195.4464710406,"9491 Pine St, City 3622, State 64074"
108666.45959746666,8.787341811444088,7.21508014288518,4.433050218446912,9682.400126203807,2138272.88414536,"1369 Maple St, City 3623, State 27035"
52470.20574662072,2.1632128855056507,6.177530732200933,6.7977670714995,27716.393519560916,1500249.410021695,"2111 Pine St, City 3624, State 45866"
53692.261186621006,6.835911858067676,5.855547597380074,5.663428456984006,49186.428082637074,1728934.7015598877,"2756 Main St, City 3625, State 71079"
30058.80516851696,4.216203590956995,6.480718361326943,2.553008757412885,50678.527341789966,1409285.2484057485,"4049 Pine St, City 3626, State 89095"
108360.21307129659,8.898679331517853,3.2830718184886294,3.0606503543530548,67725.01361598674,2083243.541086014,"1178 Oak St, City 3627, State 90917"
101333.53318882213,4.267689194112633,9.24955349494462,6.877883172177794,34486.68004384106,2475270.281718352,"7750 Maple St, City 3628, State 28940"
86459.60415816102,7.494045762255271,9.988122090137708,5.632327768967656,46108.31289111887,2419556.0459306454,"6795 Pine St, City 3629, State 52583"
97523.9187544958,7.393757059579175,4.270409874010891,6.575225630723266,40047.40659696456,2160405.8991417913,"7597 Main St, City 3630, State 28855"
43684.37106820426,3.77194839087712,3.8426807534223384,3.5193073199436102,14790.206407360429,1208373.388263285,"4779 Pine St, City 3631, State 94305"
71249.12351288178,2.278393598946801,4.005042244140167,5.709334300432961,34978.16068858885,1377240.6318267088,"8158 Maple St, City 3632, State 10918"
61609.74486139028,5.273996590283178,7.62718940764057,5.570013542617557,40414.285054784625,1947370.0132525647,"4748 Pine St, City 3633, State 52563"
38439.887363131485,4.313545215726958,7.630085869155423,3.4734499271968753,66798.72439274681,1506173.4462153045,"5737 Oak St, City 3634, State 70730"
73751.74366934317,8.471821996909668,8.935469135948876,4.754081627253527,28825.038536582146,2025679.9346393524,"1082 Pine St, City 3635, State 34007"
112866.56853083719,8.402913507642761,8.262784718983774,5.137075556351476,68706.44170201855,2903878.5370086925,"6551 Main St, City 3636, State 94023"
33605.320714562506,5.656191617541004,6.147827713585379,4.405659054137326,40249.504811565486,1555291.637671115,"5636 Main St, City 3637, State 34592"
56231.48221444145,6.852097802585751,7.289987530957232,6.135893533290064,20760.50081469874,1983364.4423658517,"433 Maple St, City 3638, State 43004"
48678.68425851331,6.834076127895401,7.8179926925760554,6.164345208989947,17458.185156027506,1689129.9433750324,"307 Oak St, City 3639, State 88256"
51433.19882991267,8.617265187420987,6.589155291996576,6.253002741507784,14210.169621915064,1741211.4677925117,"24 Pine St, City 3640, State 64571"
111759.10966914377,5.40001931298558,6.329556891161457,6.017117845490814,34440.63658727445,2299408.8066099663,"9206 Main St, City 3641, State 44283"
72126.21488108611,4.203573438324073,7.515682119498573,4.440417385985723,6425.21793628001,1696814.4448885326,"952 Pine St, City 3642, State 10414"
71966.94716458369,4.12027934512438,6.902321842829576,3.907191490745036,33927.943415466245,1690111.0460585137,"4849 Pine St, City 3643, State 80507"
98451.8078209754,6.289538234257633,7.507596137351372,6.156881418571853,69246.3049901365,2340932.178630579,"4986 Oak St, City 3644, State 17650"
43904.298360443325,5.5931856218577005,7.289983417743547,4.451007292781334,48556.94172194733,1699602.0887928738,"5371 Main St, City 3645, State 53407"
73853.88186900457,5.5209661678794895,8.034375923595583,3.2318569931399095,54386.0978780263,1919537.4159897652,"6522 Pine St, City 3646, State 97377"
68698.66927089538,2.729098712717658,7.4996245614801325,4.536717661611082,12735.350396687067,1513703.5258583298,"450 Pine St, City 3647, State 37752"
83721.96214919905,7.748829925521565,6.638197405060871,2.7092491095962106,35751.5559968559,2055109.3645605634,"8284 Main St, City 3648, State 22708"
119960.19329253946,3.7098935038552856,7.7725776789907055,5.458147452993995,23604.501566671403,2279153.818712031,"2952 Oak St, City 3649, State 65896"
99250.40046738424,3.575629041669771,6.146373756297996,3.6796064081195317,63116.339319286904,2182685.8731593597,"1538 Main St, City 3650, State 15687"
65807.91327156845,5.302066562219148,4.6916985818082075,3.3032939922372715,16784.010680904314,1439046.0795346543,"1896 Pine St, City 3651, State 51144"
104479.77470466423,3.8222267329424113,3.009927540937408,6.782543731173725,34817.666263888226,1796142.3352258548,"1457 Maple St, City 3652, State 80596"
45363.752698123215,6.670866138464123,6.919749030020903,5.8844049787915385,43223.10169246645,1775763.7537357358,"9341 Oak St, City 3653, State 19479"
32741.73176780641,4.971706714675772,7.134586586260487,5.935347513619658,38412.67095260462,1435690.8730289217,"1751 Main St, City 3654, State 20438"
48400.35352178458,5.591293780742321,9.80434275343,5.118609846395917,58965.829318076474,1930490.3139559529,"6488 Oak St, City 3655, State 29661"
60637.040050283365,6.297354572832231,5.530348338659929,6.195864052551485,20044.456135776625,1587918.7594547258,"2022 Maple St, City 3656, State 11396"
75952.2681713604,3.6282841798544387,5.758932699798182,5.795812405816906,29530.42217753993,1702207.7791228318,"174 Oak St, City 3657, State 54354"
85361.62264870798,3.2460129829242383,4.412597069395332,4.993868520668083,56485.47927730691,1978411.7475210854,"7552 Main St, City 3658, State 94998"
111954.51454929795,9.04337522298884,3.4937400666612533,6.805622009258586,39324.641762892315,2114326.0985718253,"3052 Oak St, City 3659, State 90499"
75886.8608595412,5.469789622651368,8.409631450032183,2.957974748422115,31137.630067117225,2079106.7567305504,"6669 Maple St, City 3660, State 29475"
75114.80801631564,5.296748877060313,4.747767450375275,6.716898594973755,6913.763458414048,1705661.3708164687,"3785 Main St, City 3661, State 49165"
34521.87088406839,2.284897202182732,7.262334027210265,4.0071908099943245,53970.05256101461,1587214.1629685438,"3252 Main St, City 3662, State 19942"
33142.03973906014,5.983810420699146,7.814411248818371,4.641994917007433,68191.83506783942,2049651.446012676,"893 Maple St, City 3663, State 95349"
79604.39657247349,6.433357772888001,6.298656811041534,2.6136965977215447,45318.65561675315,2069753.8773466551,"6746 Pine St, City 3664, State 95564"
69436.07519235101,6.470726967637332,9.134464791190341,4.7005371946089545,60675.17934477165,2285612.9909535167,"5340 Oak St, City 3665, State 67895"
105526.23554822688,7.656249354583075,6.106563886858101,5.056033759290967,38596.9233076702,2140015.928314649,"4415 Main St, City 3666, State 61665"
44461.16262406607,3.419854679928094,4.994360361292356,6.98850770904262,20059.262752518698,1206482.5080232217,"7044 Oak St, City 3667, State 55406"
32247.449590534463,4.0177850738449505,9.272108660731355,6.875962055357633,5938.736775284456,1537124.006429774,"5182 Pine St, City 3668, State 39621"
70413.48911371133,8.485843721843302,9.030949989749695,6.831986459371437,47470.8873933493,2123409.4923651875,"3312 Oak St, City 3669, State 99233"
51373.07010770317,9.577364934747152,4.1482796295348905,3.741940300510287,37052.0751361359,1683523.8280022903,"9738 Pine St, City 3670, State 85224"
34465.293600495366,3.087461978938565,3.181727128477447,6.956332493725217,55836.3795606941,1027943.8887692036,"8265 Maple St, City 3671, State 98479"
95213.8458162866,5.981196436041746,3.629898894447345,4.277390757975555,50154.3571332948,2035907.038482943,"1091 Main St, City 3672, State 24583"
40043.36999615227,3.713410021916695,5.005831789876719,6.259181293809503,69216.90393342671,1488260.6715355539,"4803 Pine St, City 3673, State 36691"
84748.75500069946,2.4805853468398595,9.805818612191974,3.08159984509486,38170.31792178259,2051941.5858331234,"1592 Maple St, City 3674, State 15901"
55294.47751502003,4.604026705009083,6.909613072125776,4.529165898283011,32766.36132874561,1560784.7101208868,"8080 Pine St, City 3675, State 19034"
45614.644531951984,3.149501001473702,5.612832124204882,6.830060480638027,23638.079813554174,1195887.63779425,"3650 Main St, City 3676, State 90652"
64177.63706273857,7.67946458747397,9.221012662289224,6.735156984617138,35995.98396643284,2268934.7702743267,"1566 Oak St, City 3677, State 45697"
102130.11986006582,6.2698033093715555,6.1719543203494975,5.418674389107133,61736.646077989935,2433361.3112558313,"722 Main St, City 3678, State 88147"
65288.421921411544,3.150675767922487,5.206670398807148,5.989071612765299,7758.582176463182,1410267.9222597165,"655 Main St, City 3679, State 57877"
97569.26842899501,2.073932707244115,9.588536701219603,2.882133483012007,68563.50307360227,2341946.7320814966,"7685 Main St, City 3680, State 32837"
41293.76671192356,8.465256392193702,8.946623663348745,5.608292747420787,69564.96763000687,2028914.8583484376,"4240 Oak St, City 3681, State 37287"
99549.42776985712,3.4095552493139802,8.905678627936087,5.090254041676861,43858.38960821361,2279274.8841171553,"893 Main St, City 3682, State 14290"
51323.99924159838,6.849733137766128,6.585993201351492,2.4577586787562304,26550.37324020109,1665004.6518681129,"1661 Maple St, City 3683, State 47681"
90965.38168999855,4.695375304613965,8.526068791708184,2.5657950329483814,19498.182940931547,2056481.3436178348,"7337 Main St, City 3684, State 82886"
80920.33993568967,6.683887506520285,4.255473514851863,2.5422180887563095,22971.87571951712,1809058.5384722697,"3921 Main St, City 3685, State 12523"
113623.02454905186,4.525229015858592,7.012560702893706,5.621784674149178,8256.85272282317,2185322.4239240694,"1661 Maple St, City 3686, State 17630"
64859.02661777826,2.6955164855380334,9.88692145993282,2.7085760412378623,35882.21230141832,1837796.611697397,"4513 Maple St, City 3687, State 35286"
35954.86699509964,3.783600068462029,5.036709013625732,4.338661355572352,8726.07760618638,1049313.7263745165,"8330 Main St, City 3688, State 86584"
31723.99369961276,3.5044685318326048,8.560466304733726,3.7849090293887886,51700.82396043514,1501501.5206179034,"7336 Oak St, City 3689, State 66079"
104417.27048754778,5.424154819517151,6.43334885045647,4.752520703851089,29175.414609635514,2199506.1877240646,"734 Pine St, City 3690, State 16520"
77226.20738952889,7.266270267409259,3.2786397825546114,5.532382436097015,17958.707563565607,1503449.1288794475,"9546 Maple St, City 3691, State 80827"
99771.96466514544,4.11044859957086,8.341135784709671,5.42361268610666,40415.481259342494,2345899.456627963,"2518 Maple St, City 3692, State 46095"
51098.30400103632,2.0965594824049436,4.179984010744789,4.577599579571883,68294.35497079589,1400895.1246298763,"6125 Pine St, City 3693, State 61218"
61057.53709619104,6.151498914118055,7.420314969929251,4.321674368051927,50183.51818619719,1810482.7457939081,"247 Main St, City 3694, State 83123"
32709.348499018706,6.8460759148717765,3.5996493583288105,3.9890779756112935,36963.54525677041,1151986.8772741249,"3139 Oak St, City 3695, State 56995"
116534.3092116701,9.702963952014478,9.628071782471753,6.309549741521897,55499.42945154291,2954957.4503833754,"2435 Oak St, City 3696, State 26491"
90108.11160307321,6.715766424745975,5.042067210262527,3.654259024363225,52935.97067343426,2013078.3028067693,"6821 Main St, City 3697, State 31477"
113988.45789833755,5.769380475025135,4.585252841741765,3.296829105837474,62962.80496875659,2367769.250415863,"5522 Pine St, City 3698, State 56381"
53894.67666861651,6.587213007181631,3.9039548284643404,5.716577468276356,18303.481593606586,1317330.9702861253,"9989 Maple St, City 3699, State 83338"
85031.72501030948,9.423205038896217,9.622015353373335,3.798817308483632,60827.04245681758,2451522.0995501825,"2385 Pine St, City 3700, State 20552"
91064.99714633741,8.627025164813169,7.983326197089136,6.234992998786343,24566.695657710425,2281328.4779105647,"5921 Main St, City 3701, State 65075"
58579.47302318296,4.583829866910464,8.19162622102662,3.6394435931857236,66164.9303086313,1835138.606201217,"5469 Oak St, City 3702, State 89613"
106329.8311514067,3.898034909257098,6.495831929661712,5.5097241228729406,23269.234681537786,2060116.3748579163,"7697 Pine St, City 3703, State 78275"
115244.53166102231,4.101068898928589,6.323094496893384,2.2255450314266803,65245.15530557395,2288288.525420345,"4824 Oak St, City 3704, State 80596"
109636.96059264039,6.035368317721704,3.7701487009403367,3.9278144005516,67646.3964401652,2204264.756018064,"7041 Maple St, City 3705, State 20662"
96516.02783454352,7.952395609828622,6.918887669087942,3.7161508748377576,14456.938234705925,2250677.00287101,"5839 Oak St, City 3706, State 27401"
54971.82117524586,6.025753657463697,4.7284154657615325,6.083393696379617,68342.4924120809,1623146.1619602009,"3491 Main St, City 3707, State 78350"
55345.443789506855,2.5423711666249007,9.84001732960284,6.83527701614155,10571.992947903349,1759468.6898118353,"8715 Maple St, City 3708, State 86094"
116702.42884014342,7.788645603519847,8.576066580106032,4.304406383464807,19206.906129813928,2403014.3351801066,"9849 Pine St, City 3709, State 62216"
30925.604634212283,8.44776102936763,5.890944421350213,6.12418138576879,33870.97075673229,1599001.284877605,"590 Maple St, City 3710, State 28617"
94444.49759179301,4.315982920957757,4.059388810840732,5.498473504786825,69583.82877126115,2041001.7944682918,"9169 Main St, City 3711, State 27697"
93562.1546299736,7.313005914266803,8.497321837971487,6.836929938318466,36756.598325749655,2271256.540505864,"8170 Oak St, City 3712, State 27354"
86042.05868548178,5.412735208435147,3.854376369569212,6.055542571714124,40776.61380660158,1734841.568763135,"4707 Oak St, City 3713, State 59057"
119109.79614781792,9.112954845819543,4.325336274479493,2.3873903298186527,50137.62171903715,2366246.730564219,"9672 Maple St, City 3714, State 23171"
58069.14921873527,8.76180446528592,4.480643624209592,5.56640861191118,67939.08128774184,1886261.3212588737,"3186 Main St, City 3715, State 35975"
60597.467741392335,6.203455986477138,6.89823446791166,4.677498577111868,55917.841008075884,1865958.212451288,"7127 Oak St, City 3716, State 63596"
37104.54626519,7.532044366508756,8.509396577932563,2.0821802896616357,19570.010287540408,1654513.5503169913,"6451 Maple St, City 3717, State 11147"
69851.83228893636,9.066797608176831,5.200204151072846,3.256564793627218,24694.410493183055,1862215.3792449776,"5277 Maple St, City 3718, State 80242"
53494.36736113633,5.965736080626204,3.592688699927026,6.608776225134465,11345.835574554087,1322675.0269934698,"4036 Main St, City 3719, State 36858"
60904.80319598798,4.506005923910576,6.2517692446709345,6.630306863933765,46889.40367070809,1682640.7782363868,"9918 Oak St, City 3720, State 79504"
105111.46112300649,8.02932910327665,8.23677168811955,5.994252301003172,16748.119925049403,2248899.0724150394,"5055 Oak St, City 3721, State 37004"
114193.60621747462,3.760530038277534,4.5516469016117185,6.908898016389947,21731.31775115877,2013363.2574852013,"1842 Pine St, City 3722, State 47631"
46715.97648046671,5.108249184048336,4.53947183627562,6.032726123121025,62727.387586724515,1438032.6648215305,"6175 Main St, City 3723, State 36069"
63525.80383981193,8.92581789685435,9.630589191426976,2.0510209364262257,26239.11889658099,2054665.1369535897,"705 Main St, City 3724, State 36859"
113576.75059038546,7.7953787221545205,9.679076089834245,3.4391717015075587,41832.036693020855,2733881.542851095,"7729 Main St, City 3725, State 81964"
35562.76146203004,5.230488041979994,9.933260124431035,2.1531209111888145,30841.790571296508,1595269.4298373014,"6278 Main St, City 3726, State 57798"
38312.44753002407,3.7179560192668593,8.65361721102346,2.4705398436877974,9812.033681384382,1330867.5888089999,"8452 Maple St, City 3727, State 72643"
44651.18902856064,4.847747126657892,4.317289184175619,3.0942040847538803,28586.14894328583,1469823.7259743107,"2944 Maple St, City 3728, State 96425"
83569.15507141873,4.272833193819464,4.48387064559483,4.517792731627612,31524.433197335504,1852168.9919070173,"5276 Oak St, City 3729, State 32855"
43542.504390539776,3.4087143035508314,5.381576690656743,6.2376600173100885,63220.57162424868,1463159.7659204835,"9832 Oak St, City 3730, State 32624"
117126.87433056602,7.946663308525253,5.2269277193344355,6.3098337807855405,26089.29248701207,2320398.9202432013,"2685 Maple St, City 3731, State 70981"
70204.30745326684,4.016559094801372,9.695694243546065,5.081009292786483,29650.67278453441,2012078.035697497,"9006 Pine St, City 3732, State 76431"
75136.61643151497,5.633339761342111,8.523517880171855,6.640879695331175,55888.28996370174,2213948.465747066,"8853 Main St, City 3733, State 21041"
52199.275422486586,5.0868755746888725,8.068061545130877,4.500311632951041,54332.182328753865,2009919.061973359,"1111 Oak St, City 3734, State 49591"
72386.42271912601,9.856619029085046,4.301742568406922,6.445180220666008,56888.5429821519,2047355.694890748,"9351 Oak St, City 3735, State 41207"
89572.22693733104,5.128737953185764,9.366678915536308,4.2703262816600605,66995.09810494026,2388302.246813108,"1841 Maple St, City 3736, State 38240"
97605.94232586384,2.6398598623740384,8.795092656543217,3.3861250371094114,56711.23739566097,2265665.9965070267,"743 Main St, City 3737, State 47309"
97848.12744389217,2.718606020576672,4.145492889295466,6.582064590502139,31494.53320916291,1919977.581977038,"7567 Oak St, City 3738, State 72858"
82010.20014246795,6.7260297708245185,9.098192323726806,3.9396753783943463,58398.05359837598,2388129.3246381707,"7008 Oak St, City 3739, State 24295"
111392.37974944715,6.794908413906125,4.9057327545932985,4.517020544222309,38063.85108584599,2225766.188944305,"8109 Pine St, City 3740, State 66561"
103566.70625754984,5.35007192386124,3.566088220824742,3.644303162653386,23051.412113706745,1657173.8913432844,"1568 Maple St, City 3741, State 50642"
98134.33032287628,5.4547495384962374,7.597756145599471,5.314188001453649,24689.609428515803,2095961.1865818782,"5124 Main St, City 3742, State 90404"
35004.496951241454,2.4314606627269697,7.576632615690315,6.9751561250301775,19549.75525662089,1466694.1926585252,"9687 Oak St, City 3743, State 35180"
30619.016599768438,6.132372083114098,3.6645240669593266,2.1275677443238483,14424.542258283971,1066960.3088592014,"8670 Main St, City 3744, State 99200"
49120.25494759256,6.0379158030428135,5.231962662556077,6.499240030035507,16991.876770487273,1574204.8007683493,"5853 Oak St, City 3745, State 10141"
89717.12345221071,3.1963945484555563,9.949701235788769,2.0196302849463272,9106.57324699826,2147805.441758492,"4656 Maple St, City 3746, State 72971"
67007.77399942913,2.8307150888874206,7.748986669061158,3.8211394057310555,62749.30622060511,1742216.82073258,"5390 Maple St, City 3747, State 35785"
66216.56333693807,2.988579924795924,8.110526166223304,2.8430340314475715,65515.50762719301,1987096.299466892,"808 Main St, City 3748, State 62957"
109612.81994066524,2.808225971930068,4.49042099923014,5.786708903362756,43140.075512103205,1952038.4763536027,"4505 Oak St, City 3749, State 10085"
110600.65633186548,6.8776655642940785,3.5514744970274004,2.2530542037858674,59631.821179564526,2193293.515234423,"7724 Main St, City 3750, State 89975"
111825.77376482272,3.571861219223349,4.9383118281865634,4.767424767921639,16932.121672454563,1915477.02192743,"9500 Pine St, City 3751, State 90611"
58249.026886352454,4.011441217499708,4.742288696352343,3.4746306692265634,63608.79863975404,1797428.792611564,"2509 Main St, City 3752, State 91247"
92195.02314653355,3.388577153211518,4.641808705236372,2.6683512443235107,37913.50137598304,1745350.5233806155,"4665 Main St, City 3753, State 57972"
54446.98631469326,9.662682435588025,4.349280253209277,5.8590910605132045,9365.72451936108,1534096.3371596795,"4646 Main St, City 3754, State 73716"
47154.88497670048,8.836939705214682,7.02328983458783,3.0870841712762838,14185.328392120413,1680785.6511728326,"9602 Maple St, City 3755, State 47034"
46616.92116126323,3.843958698812167,5.2967243308927525,3.1183760602746946,25083.469951143117,1333468.0026604442,"9546 Maple St, City 3756, State 68568"
60789.68587772346,4.620530351377008,8.742415105332713,3.375383925689615,7831.242723058844,1792544.0255697295,"1192 Pine St, City 3757, State 36108"
68696.18578018397,3.6791427384399773,4.287631924931688,4.933833819140137,25104.069571133834,1532270.1910087394,"9440 Main St, City 3758, State 15921"
104785.42539495615,5.93500767568659,6.252389496079811,5.298329658453741,8895.478152727967,2295729.5418544584,"2026 Pine St, City 3759, State 39215"
40790.19841254409,2.1568842597940288,3.09560485498256,2.088012618506725,20341.794337533636,916603.5222163898,"5742 Main St, City 3760, State 23461"
96143.32626554048,7.370944071174366,6.371776257186344,3.2093481805689517,22268.534130668704,2037383.687881395,"8025 Main St, City 3761, State 32883"
77830.94227703748,6.185265198541133,3.3908675461353206,4.1548542125264145,69633.9834638416,1771269.0250779518,"8160 Pine St, City 3762, State 49284"
55915.08084083932,9.189111426408825,9.844064583108505,3.6598847608061655,20310.53379463819,2026047.5920103083,"3484 Pine St, City 3763, State 20130"
74353.76260795421,3.315141474627313,8.534144900552889,6.420853292554431,20547.11918100772,1910493.3986451055,"1016 Oak St, City 3764, State 49126"
56994.78627993204,8.432873968489053,6.430780336455188,5.9385436544320935,49641.282943295024,1960537.7654852138,"2584 Pine St, City 3765, State 27311"
83647.37597144753,8.335688115733726,3.6061115072554517,5.129451077694138,60858.236103569376,2006640.566479669,"9704 Oak St, City 3766, State 23632"
69045.95305697198,3.0174495137350954,7.1471180855329,3.6902120799851987,30158.601819135623,1613618.7029216108,"3039 Pine St, City 3767, State 82036"
44796.497617099085,5.188473793153021,8.311346254913143,5.503361724230799,61915.17129614501,1758806.561621107,"1722 Maple St, City 3768, State 39278"
40492.47671001271,3.361221129156135,4.335020771033217,6.218190064228972,27109.23134860421,1204361.9714269256,"2826 Oak St, City 3769, State 33054"
79202.61138649171,4.037764003660391,6.977458385512436,4.9741518867949335,17806.032174976255,1904519.468391172,"8411 Oak St, City 3770, State 26788"
111217.17299574931,4.105969398644355,8.699476288680076,5.922307334466896,26426.52358130203,2458910.1094737817,"5139 Pine St, City 3771, State 23077"
60956.191790191704,6.449891152206182,8.377734443524215,5.7455248069987395,44608.1643053195,1989985.3430866795,"6159 Oak St, City 3772, State 62849"
95970.0096500361,5.291287454083724,8.620944125070071,4.8586865558016115,28864.305355284792,2109863.8260138826,"5067 Pine St, City 3773, State 42925"
89279.52194457903,9.581862432050443,9.155263974088038,3.560916084107555,48738.09725930377,2446710.066763422,"3176 Pine St, City 3774, State 38253"
113839.9422878533,3.010961135576041,9.563774715116292,5.728910790006359,20400.832162461356,2537087.484906144,"7044 Oak St, City 3775, State 56853"
103888.29155692268,9.78953707880159,5.838648086424751,3.033981831788032,50564.53810929467,2439190.5454550628,"806 Oak St, City 3776, State 53154"
80994.47330149167,3.8451091217141116,6.98138371766014,5.897441732357668,27583.493611150334,1930625.87569317,"8706 Pine St, City 3777, State 92423"
89132.74484106965,8.182991491054825,8.534616682319276,6.022733460712665,34631.44415412574,2433354.073846245,"7237 Maple St, City 3778, State 15183"
110854.78199256313,4.711759409382571,7.879978697620482,6.1107243978518655,41253.434128788234,2518179.6499180268,"2640 Oak St, City 3779, State 26620"
65956.69061282414,3.1446511633385112,9.968641597850652,4.364579854892288,49604.625207089586,1877964.693650724,"4492 Main St, City 3780, State 48728"
59411.52352719996,8.863113481969918,3.0957435577325088,2.9624038388521083,20516.389970167693,1437180.4721357855,"1800 Pine St, City 3781, State 26025"
30972.99752716767,4.470887193891706,5.485932507210535,2.4986180003303438,59336.45993170268,1290917.611927847,"4000 Maple St, City 3782, State 36610"
104389.59667723178,7.2708432338147375,4.967195483891417,5.716806252439621,51919.778734090585,2294628.288125108,"4214 Oak St, City 3783, State 69388"
102088.26303630284,6.5315494806930126,4.836210951158742,6.431306922649066,20216.364736559965,2044389.10091661,"6060 Maple St, City 3784, State 44226"
39400.906629013625,5.7740504751269945,4.5577084774922,5.254191794184534,68373.34656918918,1622451.883986285,"5299 Maple St, City 3785, State 44716"
81917.16430194302,5.966555781188313,7.9638668857066035,2.720800301941848,48211.804416979794,2026603.0790918062,"6606 Main St, City 3786, State 55731"
71758.35283501988,7.8579033127383004,3.5933163129272527,6.67448224258787,34407.74762033587,1907412.409468525,"6862 Pine St, City 3787, State 20353"
40683.818595820034,2.7021833129875246,8.191261837603367,6.945510072696598,15239.276160978563,1474876.6107867064,"7868 Maple St, City 3788, State 74050"
118251.14043546512,7.345445295663241,7.853980894113914,4.166893049674609,39659.36515002854,2570860.3131031254,"9950 Maple St, City 3789, State 26907"
49322.62987170199,9.16649681118863,4.755628927506274,4.974126446368857,15710.432643762682,1679318.0599791266,"2482 Oak St, City 3790, State 14484"
36051.0762081505,2.462305576158913,4.769836482156129,5.886142600008289,32916.959115359845,1317894.4645884857,"6811 Maple St, City 3791, State 18537"
83536.26415517187,3.125226713869334,7.402024097411515,5.681948950250224,31566.313978068727,1948158.7842761367,"2313 Pine St, City 3792, State 99191"
96498.00094197295,7.733055493616251,8.335197738385745,6.838935959667246,51796.07688258491,2564531.757012598,"9891 Main St, City 3793, State 16892"
32919.91014424682,5.498253185956941,9.13539929161156,2.5744154553939445,17504.90677957624,1673866.7680261682,"7777 Oak St, City 3794, State 29267"
89284.58748543198,5.228388966509507,8.96497694698133,4.903624330714028,58421.63806660498,2362040.5225902167,"7629 Oak St, City 3795, State 41340"
77906.26883563091,3.095733076353887,9.754180959146971,5.459657098365461,26198.601256050777,1936001.8979308207,"9227 Oak St, City 3796, State 53404"
39293.850798754356,6.054160325742305,7.069694267355578,6.450492120938351,33859.26075297038,1682338.2061524962,"3461 Main St, City 3797, State 84884"
45527.14892517259,3.012362489571018,9.360588929382518,6.370548138590753,55202.16341099976,1818135.8674916404,"9770 Main St, City 3798, State 56180"
81117.68675844725,5.812963650484323,8.659592912822875,6.8899989678064495,45650.50598137846,1994744.8686351702,"6548 Pine St, City 3799, State 91172"
56672.185216195954,8.108922391693254,9.262673370198094,4.560392269688395,25021.64786712593,2021301.6511590604,"2853 Main St, City 3800, State 46212"
114448.41557861844,4.066114863097308,3.0813862089975665,6.153804334066133,30103.190095482267,1941095.9411618111,"1252 Pine St, City 3801, State 93315"
103686.62065356458,5.846289345437818,9.761320943060678,4.136408540636639,24876.14290932466,2474201.097167857,"9207 Oak St, City 3802, State 57502"
118521.04858622968,9.936127755174684,6.314711139925349,4.111569389280161,43660.060873015216,2453831.7851097095,"757 Pine St, City 3803, State 94540"
53370.37550553726,7.493203386832298,8.587280927023901,3.266741822364295,26620.59465844458,1675880.6602841208,"2430 Oak St, City 3804, State 88294"
117275.12695181793,8.730854170441589,3.890428835364466,6.091186435096149,52170.350160904156,2380983.7146678725,"9424 Oak St, City 3805, State 90614"
68811.04828124022,5.318780852484366,5.771587670697818,6.929075529067578,42686.165307942196,1875097.3702647288,"35 Oak St, City 3806, State 56031"
61276.691578237915,8.142887385006842,4.900224641146936,3.2817086417362895,14470.929763588085,1592118.458933062,"21 Pine St, City 3807, State 54431"
34531.457427241796,2.3240733835305747,5.041611393506559,2.2806579401053617,25167.460214192357,1061175.0625721344,"457 Pine St, City 3808, State 50668"
34748.87320736424,2.98328946033796,3.8627893396561723,6.077712187095036,19394.083724160126,978105.4410760533,"4479 Maple St, City 3809, State 76598"
92281.01303519892,3.624564743360497,8.64034682780105,5.101150262673781,30370.358815846546,2086260.702006052,"7921 Pine St, City 3810, State 19782"
71213.60949906251,5.2156153969217565,3.0646962020675472,6.798494002755022,38538.9656036086,1579901.6261523687,"8095 Oak St, City 3811, State 51006"
50386.94634324951,8.765959026606104,5.1875381988964175,3.2611960953847614,37939.58572346714,1751975.1562301363,"4842 Maple St, City 3812, State 97087"
85257.32756927094,4.770128406303444,4.220873802514905,2.3551382900064053,54044.03897661379,1807556.4801953966,"4775 Pine St, City 3813, State 40715"
52757.23064251001,7.236969548123703,7.123272584258384,4.462211304332508,17296.171134111108,1651830.0731979674,"7249 Oak St, City 3814, State 91964"
81986.85789099804,7.674514358427867,4.779766818301807,2.4273301148257374,66520.73390433405,2163787.702904237,"4371 Main St, City 3815, State 62184"
62328.78722844213,6.689458832706731,4.812989181696698,3.3089500055135375,27284.93194734096,1551602.340736104,"4328 Oak St, City 3816, State 86904"
104119.70039506372,4.85793574536109,6.418367007967231,2.6298893040958413,24516.175049549005,2054819.3786153067,"1614 Oak St, City 3817, State 91084"
103862.65446901014,6.616426733708354,7.56882327538648,3.1206608983003936,49536.607581714285,2299564.4749050923,"7228 Pine St, City 3818, State 18779"
72961.53583101611,4.73812474231797,3.849132931956145,2.5307232641069595,57358.58086439906,1800282.0837305556,"8795 Pine St, City 3819, State 91687"
61573.7198401514,2.6709899084160966,4.228580167258473,6.769529997136427,29600.664712887472,1447348.3082628879,"6782 Main St, City 3820, State 93176"
62630.38169031851,9.942431825488114,4.730223212161623,3.3928135672486777,53545.053368108514,1882994.361797591,"3036 Oak St, City 3821, State 83052"
102514.30731013961,3.0174596290600872,9.816237498825725,4.219487929962828,62442.83714884356,2386126.842226289,"5287 Pine St, City 3822, State 14955"
59536.15345178508,2.578787070688459,5.780067499600443,6.493059038171111,54842.238238452235,1675360.442957825,"9002 Main St, City 3823, State 10152"
48815.34363361614,9.028245993657247,7.192930634417185,5.386607939807371,7222.771562104144,1832666.0666419314,"5910 Oak St, City 3824, State 91039"
37621.95076877761,4.414677287143161,4.690799689011845,5.090187402808872,58778.97923880223,1503402.249912628,"139 Oak St, City 3825, State 81775"
72002.38087959675,7.202375792588061,6.433216676102416,5.527815951804186,55341.26229953388,2040148.3406769761,"726 Main St, City 3826, State 87270"
73391.88890278577,4.632045837297863,3.5188342207017063,6.144111285526909,48503.86547995709,1844003.0951601455,"2366 Pine St, City 3827, State 10018"
105681.78393626165,5.131634166355769,3.2431950214562884,6.3883463392588045,54401.457240713724,2123811.3899124977,"9629 Oak St, City 3828, State 86182"
49911.48268014575,4.096903776134372,6.281134687750221,5.213198353325133,68662.65072907603,1662341.8829535933,"1852 Main St, City 3829, State 97441"
64289.21463015599,4.744352046344082,5.7906150126288845,6.450036373470288,33022.33770819273,1563936.8940007533,"9055 Main St, City 3830, State 49606"
102756.51650043219,5.285603204692345,3.9581622378427936,4.676987637127384,9369.510272048858,1754154.1045607715,"7136 Oak St, City 3831, State 72778"
104126.12496740761,7.763328552738743,7.813210002445136,3.3864542813421172,34957.848025801584,2372202.223930921,"2510 Main St, City 3832, State 11955"
64614.99683808914,6.092289553878334,9.950324436294851,6.400383544419222,8018.187600418116,2038612.8823762063,"9847 Maple St, City 3833, State 63932"
71321.16209580128,9.548521737255815,5.769527748376987,4.7073641370654355,24126.276525749974,2049966.0027618771,"9881 Maple St, City 3834, State 81699"
57295.73017643546,2.335043150710204,7.371910451421761,6.530687937836172,43147.18646678933,1581664.2683707378,"7994 Pine St, City 3835, State 98062"
113929.93905773808,6.024546581056225,9.7408315965514,2.200839069752906,25125.488040200158,2367530.326253211,"6606 Oak St, City 3836, State 66683"
40677.93891674223,6.673798310653745,8.820744807128126,3.987578757706178,49550.69098412001,1695745.4399346937,"605 Oak St, City 3837, State 28754"
114037.4480701323,9.361575888594192,6.2448655631188,6.739025091812341,58429.11129957187,2468478.908274822,"203 Main St, City 3838, State 23870"
91547.98066518089,2.3932681889714207,8.162426391219435,3.2482504637915137,32328.5466531699,1884445.6999821977,"243 Oak St, City 3839, State 13740"
77841.49374180581,6.587996679481728,3.896945281753668,6.707681230192463,63508.96683404523,1975006.88943784,"2722 Maple St, City 3840, State 84387"
32939.315470604626,8.829039428223656,6.584726988246595,6.769512305646249,10189.530537776012,1628795.7505242557,"8905 Pine St, City 3841, State 84902"
72803.65726398074,3.9354218249538926,4.953421940259556,6.410711571129305,59607.35567302923,1716604.1339451242,"5220 Maple St, City 3842, State 92650"
66697.3294502459,9.0103387881915,4.128145815273127,4.8183402254664935,58857.25445355443,1805650.786226927,"1561 Main St, City 3843, State 18687"
44509.69307776103,2.1523472741943346,5.983966343781744,5.234697245403193,25929.603261239718,1140138.2181258178,"5409 Maple St, City 3844, State 53622"
89076.86431505912,7.859637033069838,3.917101881035301,6.348084992249346,24416.487163099973,1931078.8516975872,"2576 Main St, City 3845, State 11082"
117403.58166314573,9.464905769349224,7.892895757221399,5.879485411945922,24831.17377497832,2506039.306712826,"2754 Main St, City 3846, State 18735"
80596.99299580726,7.257581293120498,6.193680308373349,5.150469247277058,57740.59130238671,2273863.5910353954,"6834 Maple St, City 3847, State 96234"
94327.79487995512,5.512233951843584,6.7180124279526465,6.911297039353514,59057.476694662684,2299937.81524682,"5091 Pine St, City 3848, State 44918"
36160.54073094151,2.359048131781744,4.0246315706771,5.428383181668471,26431.959823798396,1079395.0597760389,"6104 Pine St, City 3849, State 70146"
67590.02962352952,9.36091050658103,3.9784016276544616,6.877409962238806,43518.37258389002,1822020.8708088729,"5239 Pine St, City 3850, State 59158"
40472.26366480463,5.762369781532598,7.083908046820868,2.286942373035454,14030.659913629543,1248848.318210134,"7646 Oak St, City 3851, State 72267"
85151.62519828594,2.231973954687584,9.895068234806125,2.6948018537110623,35470.61798826644,1876130.3763598495,"5401 Oak St, City 3852, State 14191"
114463.39423927391,7.518568570630095,3.6737540826640793,4.2572942300024526,69921.53530560998,2229575.10550828,"5624 Oak St, City 3853, State 30593"
89559.99592244747,5.854698028610065,5.000119999960469,3.924397304421576,15324.544600906045,1712808.8145865626,"4426 Maple St, City 3854, State 71384"
36912.274348297935,2.994762539539286,9.086213815765213,5.913674206785139,66591.57159740383,1656208.8756271345,"3225 Main St, City 3855, State 25848"
61919.95844865746,3.7141744744820766,3.505904085786659,2.8030701323460185,58576.556927725505,1500064.9964268534,"7518 Oak St, City 3856, State 40980"
79559.70414967663,2.51592544364677,9.131200049568658,6.880475895557443,68193.95231150754,2250699.915310344,"3591 Main St, City 3857, State 18455"
66288.6980519927,6.594348317668588,6.670001883623258,3.57532937630457,16672.619439684648,1670964.2858506048,"6945 Oak St, City 3858, State 74627"
105027.96094276551,6.976235834016074,5.8578674174849805,4.144618538700797,18878.701878818676,2279968.086908906,"2208 Main St, City 3859, State 76176"
103320.39042389902,6.045938386843555,5.167763950460191,3.3737251622001145,6096.366812765815,1705942.5918962068,"859 Pine St, City 3860, State 25437"
85064.79180928992,8.53681706402092,5.079820106894893,4.896818086632736,52105.61783951436,2097123.4015393169,"9167 Oak St, City 3861, State 51011"
63611.215061943476,8.888070570464109,5.140618077146351,2.29314350211292,46866.15507335206,1773032.185335704,"1020 Main St, City 3862, State 87350"
52980.27363869197,6.924995173465013,9.19362156672137,2.748387527852244,16574.253491107585,1721795.0254922598,"8480 Oak St, City 3863, State 42371"
39528.68863918164,2.1020518376594444,8.066566611223498,5.728988517093621,56424.42276023467,1529940.2918853448,"6358 Pine St, City 3864, State 55599"
61940.79151378987,7.561837245981885,7.688061054818054,2.9325029170240198,24447.707898562152,1822062.3005347329,"7773 Pine St, City 3865, State 63890"
67185.52654869476,5.343993735362813,8.591244042664005,3.1775722577833143,13774.712006491285,1768002.4207019915,"3902 Maple St, City 3866, State 38684"
90824.06325936662,6.524459865811096,4.799802641029014,5.964911178624188,32466.573226257628,1920540.3859453,"4934 Main St, City 3867, State 21708"
89234.38418678162,7.192644816151075,7.32629968457229,2.466505891786268,10913.040147745643,1836768.471434532,"7671 Oak St, City 3868, State 80470"
36309.73256771312,4.801892914616614,6.220463672705657,4.187369113854205,22110.837657761032,1175193.1451477958,"2667 Oak St, City 3869, State 95672"
65573.3383888042,9.336788041374355,8.477091446401353,2.1153169349861347,29136.6682977775,1981031.3036877832,"8480 Oak St, City 3870, State 35565"
46360.09804956257,3.0717989339982497,5.164792773312998,3.734036996589519,60371.171343419745,1404041.7052257091,"6225 Pine St, City 3871, State 51214"
44113.14347851252,7.3720944582482995,7.502250318089271,5.494907013053773,56515.66818405939,1837638.0484289092,"1835 Maple St, City 3872, State 30735"
104457.19347635213,2.0348766396526434,9.175486882721195,2.4505163985861413,33779.02857379019,2111903.1724014333,"423 Oak St, City 3873, State 56292"
33772.369504463175,9.397208843241447,5.815053333364501,6.441673133893801,52097.378753905185,1674275.2574739223,"5934 Maple St, City 3874, State 52855"
67726.45883119092,2.900033065904732,3.46635461157223,6.54749521470358,41962.22635163533,1484569.856350388,"9481 Main St, City 3875, State 35924"
45138.32901898664,2.759073841180597,6.6123557563925495,2.5249518756256757,27154.720580074427,1244494.7711190933,"555 Maple St, City 3876, State 93685"
109139.71941106266,4.664061064417954,5.421807414649182,6.953662181878883,52181.83232719351,2380258.448512121,"2092 Pine St, City 3877, State 37749"
80133.64619475316,4.988530288312645,7.7055776638302245,3.4876477669774446,49427.44504031457,1939001.8328654813,"4831 Pine St, City 3878, State 60809"
50824.25727391632,3.714400578583029,9.657230473240244,2.42050835565803,45241.13874258413,1728263.9129636614,"9004 Maple St, City 3879, State 17463"
75218.45584497388,6.680973287416998,6.399258225977929,2.0253355724863114,45167.10886781129,1812390.6135010808,"9421 Maple St, City 3880, State 84045"
95833.77237328043,5.543312784335709,6.263331611088737,4.0426144788193135,49393.82950125349,2030759.319687045,"8083 Main St, City 3881, State 48867"
116230.62080274904,2.2734047123286993,7.582093601340222,5.149049928530588,29995.458321764985,2189456.87787968,"2601 Maple St, City 3882, State 64896"
49840.1403820877,4.557216498042405,3.724482525154974,3.6608962495165662,61489.92797940065,1431273.9371295942,"2791 Pine St, City 3883, State 69805"
109756.35949164107,8.483463308585364,4.774543322475102,6.183586827373114,15550.009957269953,2121011.8417137098,"1674 Main St, City 3884, State 61515"
114087.37027507412,7.517612278894949,9.432855278502789,5.58303137782525,62452.555110545014,2722788.8567077634,"3724 Oak St, City 3885, State 45582"
112477.84900788596,7.798966828639044,7.689598293546364,3.7508076598401634,27248.319797079635,2306679.168675797,"6643 Main St, City 3886, State 73720"
87187.2921175719,7.584935392668188,3.0941083078839138,5.671548333043023,13127.055014560465,1774602.6442765505,"4134 Oak St, City 3887, State 92131"
86683.85889912369,4.487784171064266,4.4323783079131385,6.702438684846249,44001.78117414344,2072419.4028526775,"3530 Oak St, City 3888, State 72430"
66288.95698654404,2.797311376614207,7.779860862202293,2.4654799927150854,29439.13348957634,1558819.9471783468,"7738 Main St, City 3889, State 38212"
97715.80940734092,4.179737472264768,8.350794417938019,3.5305198007880843,58007.48226172875,2289557.848827436,"6350 Main St, City 3890, State 75346"
77816.46165158387,8.654282401481275,8.879017008718293,4.316629695583466,33001.055454369874,2220199.1611287906,"9459 Pine St, City 3891, State 75202"
90969.4264105465,9.843766382264569,5.045237623674314,4.489950638773843,48456.564161537135,2249345.9088967987,"1710 Maple St, City 3892, State 41106"
68561.21134639159,5.950776117932491,9.517200173942939,4.710978224430368,25036.769317813658,2080719.4226475619,"3991 Main St, City 3893, State 23962"
95834.68176388252,2.0776028393843378,6.870628255045247,3.5031345326932426,18614.404376647108,1830584.5475975608,"7855 Main St, City 3894, State 89792"
104202.43658440941,3.1203584970738323,7.87577315671525,5.336298229911746,30223.187011673548,2135326.9675792158,"8184 Oak St, City 3895, State 80059"
43179.26309425345,4.576644602530126,7.1771720394593554,5.2254225176491484,44442.509249158174,1570328.8260362097,"369 Main St, City 3896, State 71324"
104963.67440168052,6.628682788743598,3.859180382722343,4.88910753135807,47701.53804873787,1998490.1949453405,"1471 Oak St, City 3897, State 12597"
78626.68786112765,2.6007491664425118,9.741802615694159,2.568808608554383,42583.43324437119,1975945.4045722436,"1303 Pine St, City 3898, State 87052"
106019.9318181202,9.546858389679052,3.8601290592590685,4.384839455479723,69223.62171056708,2195556.971481339,"1895 Maple St, City 3899, State 78060"
68817.15357069131,4.920669386275206,4.784173694878286,3.781134437446878,49920.86212218575,1620591.6453335246,"1089 Oak St, City 3900, State 60478"
64113.64368447315,9.300673743398583,8.69539516156086,4.455192349190613,65548.77579379966,2373886.7488315026,"7485 Oak St, City 3901, State 89747"
112355.46592655002,8.244174422056174,7.33017873050771,6.60933217757513,12665.657668186344,2393637.1545850807,"7583 Pine St, City 3902, State 13356"
52605.234079356116,8.043498180124649,8.8670441576345,4.402656715792041,8989.240437876126,1903883.1279672505,"6217 Maple St, City 3903, State 27451"
105979.10927575288,6.853756638257856,6.610153318618314,2.069903959197559,25214.65563077699,2266425.975755541,"745 Maple St, City 3904, State 61642"
73561.85152584637,7.014270536414757,5.638952647566445,4.194183690420655,13878.280994467556,1714962.223977993,"7545 Main St, City 3905, State 40858"
76268.58982961337,7.104025881729985,9.452918496834496,6.10324090024691,39181.4543348374,2273857.7542303507,"6022 Maple St, City 3906, State 37654"
57762.145334053566,7.029771096204657,3.2537662226035637,5.900304616090841,38733.781479013116,1529904.7624215689,"9075 Oak St, City 3907, State 65107"
81573.7980557114,6.42982585118689,8.99291154247132,4.566950367640905,42378.06581885676,2124300.460590115,"6869 Main St, City 3908, State 47559"
59269.00766485902,9.891312147863111,4.6157244963144715,3.2488450642965763,53439.81225401973,1725881.2310126587,"3835 Maple St, City 3909, State 34652"
33534.24728174871,7.858324539405569,8.941154294277775,4.325443314572725,68136.43051380079,1998311.5325958221,"3115 Pine St, City 3910, State 74017"
54479.874480992046,8.21557110714017,3.9743762939181995,4.818511097090958,62086.81494354452,1749379.539359401,"5705 Main St, City 3911, State 96277"
30574.11390659316,8.979702520669393,7.061532745833784,6.999357191370669,12693.870572412805,1777759.2605773935,"3557 Main St, City 3912, State 12325"
118051.93083511709,3.7251181018067934,9.216755433080305,5.220890450846887,27003.38977009272,2492964.5117561943,"6958 Oak St, City 3913, State 95908"
116917.24888377727,2.6704332727604863,6.314777528292233,5.4713246503130675,21628.496628122724,2007037.2784355446,"2355 Pine St, City 3914, State 86382"
65563.97677250745,5.863155492788789,8.22596671662375,4.4572707178402595,16493.128255686534,1907092.8605307315,"6694 Pine St, City 3915, State 55355"
95553.37689056814,6.112645564954185,8.632701324988908,3.7724477539126493,40407.116982625994,2236483.616772787,"2395 Maple St, City 3916, State 26425"
61122.54885693824,8.633454239599342,8.155459461017454,6.06476491823603,40962.186132127485,2203774.8065513643,"1849 Main St, City 3917, State 79727"
90398.38413773786,5.5502686342586856,9.477308158122188,4.474661621696181,19770.913812723986,2124142.955730291,"7431 Maple St, City 3918, State 23024"
102488.70387413813,6.566824204354502,6.127839613639501,6.973450649822626,51273.32126993456,2203782.9478703504,"9839 Oak St, City 3919, State 67548"
115208.06202230166,6.216567508107667,4.211878074156091,4.28560287134022,52639.42944601784,2112048.9672250417,"3335 Pine St, City 3920, State 98999"
66019.10482647049,2.3056222700591285,3.3346774459173583,2.340001418237887,6363.699664205666,1069798.4080677235,"655 Maple St, City 3921, State 85120"
100496.8184660443,6.921719172775312,4.725219087462536,5.412890685450414,30724.250741950575,1961054.46810761,"8076 Pine St, City 3922, State 15452"
53933.56055689069,8.624346286194019,4.002382527161695,2.2332072546290553,62859.14167810537,1614774.6205204313,"4840 Oak St, City 3923, State 90166"
119129.90734142835,3.2600043846064306,6.905641190041363,3.2525079844235165,38820.709535849484,2284098.5620923904,"285 Main St, City 3924, State 96044"
32319.263888791604,6.754653871412766,4.294617360482124,3.768691263899517,27595.80709353463,1435138.915508401,"3079 Oak St, City 3925, State 69606"
84317.59258510088,6.748884355571315,3.2725359510255982,5.697417928106638,21488.949853683458,1587771.3552678886,"8407 Pine St, City 3926, State 70585"
89355.53834861945,3.31347971245087,3.251928802080675,4.471179632038064,20818.043794688347,1683960.5854930903,"5120 Pine St, City 3927, State 73187"
91924.1001366716,2.987708589845888,8.82098648855403,2.143229656551283,11484.922200302412,1848256.4790439403,"2309 Oak St, City 3928, State 91537"
40834.88209101801,9.84041554381188,7.140149520101174,5.084249256379611,58119.71724105099,1949495.8767257344,"5120 Main St, City 3929, State 76101"
114467.68051258173,5.1497533572243,5.5065971132536475,4.057181187133311,10632.731350621129,1852156.7313570995,"7640 Maple St, City 3930, State 84528"
46306.49511450745,3.8193738297882343,9.259596299181728,6.609172549835535,23999.15978101803,1765475.8237036665,"1279 Oak St, City 3931, State 38206"
86047.8062915857,3.3705963556349996,3.4913762798539953,4.497811555701177,7968.923006812958,1282565.7051094205,"7192 Main St, City 3932, State 62656"
50040.84712107765,7.3408137086658805,9.862254509094782,5.544875729696695,55790.12703204053,2133119.9316537734,"9184 Main St, City 3933, State 24062"
57649.47753191438,6.8755623786182305,7.314042531781227,3.0943424616477344,7553.43934474138,1661719.3720686263,"5614 Oak St, City 3934, State 72258"
79181.2687555312,7.14841698389934,4.284249777781939,5.804867822658267,25039.57175143355,1810418.1758392968,"6518 Main St, City 3935, State 49673"
67547.40767081188,2.704048220091618,7.753483692838779,5.604776552418362,42264.32905563316,1736929.1099272256,"377 Maple St, City 3936, State 60256"
44420.30408788557,9.148276667987496,8.34366881848494,6.520408542706541,31621.48841907385,1977782.7455765556,"6747 Pine St, City 3937, State 68957"
45384.276217876344,5.114131174472386,6.005399483595421,2.169108208595996,23347.61937119153,1410900.7736455258,"5675 Maple St, City 3938, State 78383"
67633.03093465196,4.5069552514428635,9.031428243718832,4.237503488087256,22887.28970779021,1844758.6062336264,"8215 Pine St, City 3939, State 49430"
98155.46804479507,5.698891577981914,4.055126851075292,5.395777013698151,56856.369890406204,2104249.598013565,"3349 Oak St, City 3940, State 90990"
110816.81821630096,5.120528525981026,4.951863085043259,2.4758195004010752,68308.57618067093,2166600.706524358,"9111 Oak St, City 3941, State 85707"
37571.48960334445,8.908616025113167,3.6544465310879284,4.053020335744562,27622.669579171572,1426083.0936352082,"377 Main St, City 3942, State 49202"
65379.351680346095,9.434087801583136,4.476144884251465,6.710733015330977,7544.458384586074,1710045.8472661856,"9443 Main St, City 3943, State 36246"
39022.1007350589,4.42762573159685,4.671101683378016,4.179672454455641,7376.775564092048,1169234.6791657563,"7621 Pine St, City 3944, State 54100"
31493.32325693381,8.911486459679638,9.42343233645197,6.927023917403157,54348.87198869667,2051409.5140425821,"6486 Oak St, City 3945, State 28150"
89554.6814379561,8.252185036264537,3.5467678212580935,2.284195305399098,40904.03840459325,1825152.2857165711,"5506 Oak St, City 3946, State 20556"
84220.4497769929,9.446461378758094,5.991905841313966,5.589148880704457,55933.522732126476,2117838.4554692972,"5427 Oak St, City 3947, State 62396"
44671.72024333976,3.9660024974871027,6.7267908105883905,4.905081181241347,50337.30566875736,1609607.4564906668,"544 Pine St, City 3948, State 54623"
51043.154978375765,6.615673200967833,9.290851376615127,4.5026983856606275,63987.912702250775,2158442.972903725,"6048 Pine St, City 3949, State 26351"
32133.697828006654,4.196356677923557,9.983873530628495,6.854237007425047,62578.57891803053,1878299.7967351726,"1621 Main St, City 3950, State 24968"
105145.24851249634,8.592755923874993,8.273716804438852,2.648252002455643,56241.28071537653,2535455.82079401,"8724 Main St, City 3951, State 50596"
117722.15364436964,2.042593524568514,9.795536933983207,6.479994758404567,35887.29540273934,2432612.876506949,"889 Oak St, City 3952, State 59544"
42191.35831152217,6.518553303091169,8.509707927751116,5.456202055683051,25028.21649425041,1791356.891908933,"9814 Oak St, City 3953, State 12363"
50832.769238876834,4.713627450175344,9.742418486799917,3.2949803664981636,37956.74118390159,1793442.1191421878,"7355 Main St, City 3954, State 37436"
108156.85715522406,4.581469656622562,7.950895081611186,6.508345728161467,37634.654475788535,2284747.4270233638,"318 Oak St, City 3955, State 88202"
113381.74181605663,7.159250590919336,3.5583439781574975,4.1464745893050665,44667.91067780695,2234711.082314806,"8897 Oak St, City 3956, State 23785"
67766.46445261293,8.811875594511951,5.813441308948736,6.071136640365355,17096.341905888767,1797895.7058787618,"3772 Oak St, City 3957, State 96164"
34556.02250421667,6.87356313114661,7.526180986617293,3.944182585237,47615.29222892427,1736681.8938757868,"4654 Pine St, City 3958, State 49653"
33545.265032353745,8.82538382917378,5.455029566179757,6.254654137166205,34679.06007337803,1684752.6777542543,"4007 Maple St, City 3959, State 57670"
81655.48794621094,4.11677689504824,4.91368742679645,5.183145592225243,45313.314076155846,1854231.3497119802,"4643 Pine St, City 3960, State 23950"
65360.55980038611,6.156014838119849,7.041794869931637,2.7052331679186357,20574.313489770466,1583854.9400335322,"2750 Pine St, City 3961, State 34584"
32578.718481988908,5.604292312536608,9.534513136917045,5.248315817347638,33235.668102028074,1695106.1573529027,"3655 Pine St, City 3962, State 70037"
82492.71530813011,2.0931591960247697,3.2448731146130747,2.956723813509363,18663.07893941382,1350992.071448074,"9516 Pine St, City 3963, State 53256"
31017.228293012024,6.454497145125921,8.384618424790064,4.059613139470813,61894.835189192105,1685329.258766175,"2371 Pine St, City 3964, State 15747"
100863.47623343457,7.292194593169399,8.05909094631239,2.8514779212601686,36717.467927699945,2301378.6037087543,"3534 Oak St, City 3965, State 60403"
57578.95404330344,6.7353152353525605,9.747673977718009,2.1100805783355927,19623.79201229779,1930711.2325794145,"2967 Main St, City 3966, State 54088"
33623.22027083089,7.890239190267372,9.514978556327804,3.0594326972497874,7678.565223200509,1576262.9877482783,"9359 Pine St, City 3967, State 83107"
82951.6998884838,6.570716227624617,8.33562793430935,4.681860118620628,48923.013202480215,2192835.647154469,"3008 Maple St, City 3968, State 66965"
65791.59729897493,2.5340020388060553,6.642861352778191,4.40780483888673,18951.906409334122,1518932.7669823812,"7207 Main St, City 3969, State 30581"
117642.03720214346,2.9315641926776914,4.429872872634639,4.507485477680318,69322.84250072058,2275614.2928545335,"8855 Main St, City 3970, State 14025"
78977.8796253332,6.771796620351619,6.816650028279021,3.2384343922330068,39690.524271986156,1943596.220879097,"4258 Maple St, City 3971, State 79489"
54771.526293330746,4.199833535789121,8.357463957437577,5.425806003070931,23783.504756122085,1584555.1944143334,"2295 Oak St, City 3972, State 46235"
93849.49781705774,2.6371610322781267,9.269684488465252,5.521316434101729,47749.03319652097,2058968.9639683096,"1033 Main St, City 3973, State 77007"
54434.280228844014,5.436821947588374,8.527984064473843,3.7898391277983277,22889.29502347556,1762837.2304336908,"5114 Pine St, City 3974, State 72784"
111381.89622668085,6.434580784669243,4.366868546337377,6.4058504423708715,58317.829104133525,2192593.970010465,"4072 Pine St, City 3975, State 76684"
63724.97734566388,4.629967906796852,7.1978041995964155,5.220116083177739,25035.343310446224,1793225.1543390055,"8233 Main St, City 3976, State 95676"
79488.17064985847,7.763469617806224,5.325214216719499,5.565196376293159,69236.10260573411,1989086.7301932084,"7409 Maple St, City 3977, State 66413"
34551.579344180594,7.150164864809957,3.064439671734501,3.386699589694697,44334.41105394408,1217561.0367205646,"6664 Main St, City 3978, State 78983"
68350.91141570077,4.662546888733376,4.401546550520663,2.003058175777935,59886.72468127312,1495228.6663630186,"8277 Maple St, City 3979, State 87146"
104912.71856948955,8.038980231268486,3.7925445495341448,6.3268780605105475,9733.005522597445,2036412.202204247,"7833 Main St, City 3980, State 22737"
102508.39248270077,7.189560340264284,8.89903386477628,6.112121922899043,27639.46213010223,2482930.3734222716,"4458 Maple St, City 3981, State 21151"
50188.67029681736,7.099563029743217,4.809543765034684,2.615959440214151,52936.660600799725,1618652.9576321924,"2640 Maple St, City 3982, State 23698"
50347.11639095064,6.427421606296544,4.9928857822128885,3.8705256747815326,47578.836127137874,1469689.4256401157,"931 Oak St, City 3983, State 73011"
103557.47809919131,2.0911173447084224,9.719556002592189,5.306696541942912,17625.802893194254,2090448.6647479013,"1822 Maple St, City 3984, State 97747"
113735.8578152393,7.572057467815113,5.653607061341965,5.260554286093641,28153.19048313114,2290263.996310126,"3810 Maple St, City 3985, State 85321"
38582.48291457032,5.008334328873252,3.0670994810107617,6.301751674042783,22123.821486690158,1012507.0209125248,"5532 Maple St, City 3986, State 25017"
70505.27754836027,9.540877681269244,4.9869230384229555,2.7013408081771426,44869.06103451979,1862322.5376000244,"9313 Oak St, City 3987, State 11924"
60370.88510678061,8.543878168617642,3.835097064212687,4.1496987389255935,27396.934914820373,1750876.6967111607,"2441 Pine St, City 3988, State 98933"
108361.96099116954,6.701555756250498,3.719659932150978,2.486122089632124,25088.52573002274,1898300.9287173385,"3443 Main St, City 3989, State 40737"
37517.24232120169,4.017455854554155,3.5424110309502463,3.947976242193141,18479.56872836221,921420.7654201543,"1208 Maple St, City 3990, State 81118"
49001.334830223364,3.6297391462213326,7.152816291227641,2.075537227938522,31586.76285945214,1403184.6152793143,"8254 Maple St, City 3991, State 80183"
97722.15038278449,4.723078701420393,4.32543406540901,6.4913653255506345,17707.668362775985,1779620.2331442267,"7403 Pine St, City 3992, State 52043"
34616.446408309406,5.812543548640148,5.528699558287073,4.635219984143405,67567.0231795461,1770010.1995837558,"239 Pine St, City 3993, State 20985"
74328.18426428604,4.368524080311577,9.034124012910118,6.249011304011768,15042.617747194721,2113689.303598965,"3787 Main St, City 3994, State 86840"
69789.6331211748,6.119435963139862,5.97036697857393,2.299523505016819,64364.80647232046,1945400.76857692,"8630 Main St, City 3995, State 57640"
60096.106108987384,3.3229634041054874,9.409839450361464,3.137290552364603,32850.751380177826,1743961.2677217524,"7261 Maple St, City 3996, State 38552"
65511.50837870314,9.821702502604,6.4855663737692435,3.296899976105903,29561.289451511933,2031821.93145748,"6633 Maple St, City 3997, State 56453"
77694.65282372097,2.863396439719951,5.791856303878291,3.9334574731939402,20035.787058815175,1488301.5501183188,"1794 Main St, City 3998, State 58576"
44523.06225495448,9.455553117234977,8.25272248963491,6.01433186198773,46324.161733888744,2097934.373635588,"8108 Maple St, City 3999, State 45590"
81479.62904552335,9.30862409122156,3.5122256913760146,3.9327893686574633,49559.320975704366,2019783.1900066428,"9026 Oak St, City 4000, State 30705"
102488.90963699877,6.202883854555984,3.6263486808769216,3.023267648231635,35392.11254640714,1877665.2022819975,"8996 Maple St, City 4001, State 69201"
98414.48368111432,7.799282174688675,7.563815997460725,2.324951301693842,8620.948220072569,2205986.13682869,"6834 Maple St, City 4002, State 98169"
43850.991422439634,5.4883863837807025,6.408584992674738,2.397458741763437,64703.159794755746,1576333.4811077071,"3148 Pine St, City 4003, State 88010"
43432.45227673265,7.0402766203395055,8.53290675223447,5.800236029804887,68721.39363696476,1860076.3832322063,"8135 Pine St, City 4004, State 13719"
54135.693097042196,4.7246074993689495,9.41389586140472,4.224014955183165,33017.82198876927,1920305.0347505803,"6095 Pine St, City 4005, State 28449"
62496.72537069335,4.409272158283563,5.718568143700833,5.6309056100000765,44887.95248160626,1687758.950911266,"4381 Oak St, City 4006, State 53939"
66761.00232676344,6.62583828935611,7.174870186092524,5.411435608818488,34269.41070584353,1966759.734746481,"4746 Pine St, City 4007, State 74339"
91172.74951500108,5.985037393471843,6.5048763945671695,2.676812308801289,25922.177307597838,2123373.391346945,"8186 Main St, City 4008, State 86419"
35101.23889492518,6.636290953199849,9.87127458949703,2.714439670961336,10025.721535757497,1531865.2943370044,"2405 Pine St, City 4009, State 36412"
33120.543380345975,4.293284650296184,8.817590851496167,5.776710077170669,34644.40247582443,1583462.298648207,"7536 Main St, City 4010, State 32542"
65271.950664951815,4.935662654535962,9.382163957941476,5.606341467427086,58194.99616336435,2266204.4313090397,"179 Main St, City 4011, State 67091"
92744.73229241825,2.6711836850312745,4.78038061304323,3.890153834371552,6107.044970720232,1657549.9691894806,"5523 Pine St, City 4012, State 96860"
47409.180866083436,2.4182109781776457,8.40768496213816,2.3871113166642006,42836.99940671445,1483437.2166538083,"28 Oak St, City 4013, State 24410"
87735.40331306265,4.02765703738413,4.858312574983542,2.060490108492261,62250.18706723478,1744965.7592355104,"8246 Main St, City 4014, State 98823"
53384.532414626956,2.593974874644366,4.461197733998729,3.440784747308724,19140.71295093327,1166558.9297619795,"6774 Pine St, City 4015, State 89077"
109747.74979321647,2.8301976690779256,9.609863117588855,2.0461113679361347,16911.631204789042,2079876.4573749108,"5922 Main St, City 4016, State 10331"
110612.09498399548,8.503427243151496,3.1351309170250667,3.150363105518517,55197.980670626304,2176338.3938271753,"1718 Pine St, City 4017, State 43084"
56755.84838531938,2.3109895761335144,9.757720925644009,4.097503701056693,21580.618022754064,1702397.2885766213,"6245 Pine St, City 4018, State 79087"
50699.43785669164,7.271542351477942,4.044833278921644,2.607078826559771,17478.97739144215,1387689.185636084,"6099 Main St, City 4019, State 17792"
67017.35748596082,4.180461990523204,8.736066572552877,2.521388789157731,29569.30128700028,1717488.890143754,"9555 Pine St, City 4020, State 90884"
51647.842666213386,8.972365445665012,4.931457871476722,6.482187178593683,30512.63079756417,1699558.7072566277,"7464 Main St, City 4021, State 83110"
90514.54589625333,5.879938276619996,5.454916292015092,4.927350145114446,61816.56909607679,1886869.0485929362,"2629 Oak St, City 4022, State 24111"
104345.8216093457,4.444611674622606,4.517303979253895,6.672278433813907,45198.825675689,2067736.2312938978,"8049 Maple St, City 4023, State 57986"
90578.29178200953,6.141111485515476,7.098598297367557,3.729130818928396,31387.49466207331,2167081.8182590785,"1210 Oak St, City 4024, State 41736"
104191.54025244145,5.055664152362151,5.436668832555119,5.3857246866458155,39735.217678574845,1947405.3548045624,"4397 Pine St, City 4025, State 29819"
65729.29459867267,6.514408517358642,7.601751276462642,3.023458373108952,67007.74016614282,2065238.7490603987,"1878 Main St, City 4026, State 78784"
44068.527363797475,2.916262946610786,3.109531225594462,5.091701586399706,12358.9539796432,988705.3013302218,"3874 Pine St, City 4027, State 18714"
96415.58526578329,9.975924022500408,3.450624184605277,2.647928650049922,18501.508912104942,1991197.5079826345,"3553 Pine St, City 4028, State 97525"
62442.70546273985,5.40444702157374,3.6976280691187404,2.0104031958814286,67564.36592812609,1604458.3218738858,"2707 Pine St, City 4029, State 42668"
90414.37427062192,4.785845117658949,5.932955797171617,6.657659007047895,67226.11515426828,2194403.219611719,"2533 Oak St, City 4030, State 46276"
54357.95477835891,7.681678786530119,8.703573208619833,4.774471880876046,16515.752382210223,1856244.6520125584,"195 Oak St, City 4031, State 45793"
37310.66713260054,4.91119525196266,9.217245372648678,6.634703313910197,14432.073113144384,1760080.709357496,"8146 Pine St, City 4032, State 12537"
119332.3615938987,8.666194440230061,4.713675180426305,3.66915761851036,32370.533732010288,2310395.7973694676,"100 Pine St, City 4033, State 39051"
44058.13571375394,5.634165794883402,7.020588069673098,3.638930345808784,8231.689011717992,1363720.6764881657,"5715 Pine St, City 4034, State 20302"
118957.8894567133,7.756467306123479,8.378554948848205,4.003275008865159,47568.729598534104,2615500.059271889,"6276 Pine St, City 4035, State 90266"
117955.19393098025,2.8596257315350924,5.021806009437261,5.530204919790841,10037.241408013242,1903481.9569787246,"2691 Maple St, City 4036, State 77438"
101443.62935172356,8.768953484440894,5.863054157153913,4.829043170930872,8771.925761128246,2126899.21489712,"3024 Pine St, City 4037, State 91221"
89348.06658737978,7.885743894224879,6.667819418799997,6.626774535495589,36537.1508535752,2160705.433185104,"6063 Oak St, City 4038, State 49286"
82002.63452259763,3.6937342276957255,3.944123924856334,2.127204505662197,67256.1313471566,1652658.6889502865,"4940 Oak St, City 4039, State 74790"
107949.13908400512,3.162288077966293,3.181876056080462,5.540979689862683,32741.735844105373,1842021.1704160548,"7140 Pine St, City 4040, State 38786"
56049.55694575391,4.530338789804995,4.069640665227983,3.651638446832772,28171.27531293582,1368568.2549973452,"7225 Maple St, City 4041, State 54173"
72091.30912363893,9.808564688255235,7.3879753487747335,2.901168259092306,69867.18650764858,2345145.9183667265,"6863 Pine St, City 4042, State 86394"
85745.09724298518,4.054652596536469,3.515327830735772,4.551978112600494,39577.98245064692,1634363.496433505,"6005 Maple St, City 4043, State 58205"
67007.1428282542,5.649017671573066,4.327874553950898,4.52531892089998,29390.691447866157,1383379.9162940665,"1026 Oak St, City 4044, State 60952"
68473.78086812411,2.2401618057386905,5.364977199867126,2.685055143442142,30080.95286720412,1420513.4137504995,"5187 Main St, City 4045, State 67704"
59725.620075187595,5.17782023652986,3.5450904501445644,3.0094802806644494,17672.36724217818,1155757.6173291008,"6602 Oak St, City 4046, State 62549"
80780.86350160824,6.570560123464822,4.341894898131441,4.040823324507775,38294.49873409003,1837952.6238551799,"1227 Main St, City 4047, State 46417"
106551.70752136044,9.62499690006372,9.378888522884576,4.044057061961577,33525.57683092038,2418637.8052261267,"5912 Oak St, City 4048, State 71700"
48137.55402056816,6.133888359520515,3.1350939255888934,3.5877906980984235,22601.69426258187,1160682.558243271,"5638 Pine St, City 4049, State 85528"
114098.97348780972,8.552858609421502,7.574023469220535,2.7427257575499047,15435.105629114385,2297778.3979313974,"7236 Oak St, City 4050, State 52376"
92017.88883734067,6.3770211405512045,5.690862516406295,2.0218683955048977,25230.52646339099,2035502.6913716868,"7851 Pine St, City 4051, State 32322"
104094.58914120271,2.326280107484145,7.708541176026598,6.851175312140103,38064.4162997024,2062511.5201595856,"1962 Pine St, City 4052, State 10843"
80057.16233670105,4.520066201518192,7.120842042543832,6.7174961485196345,8791.66269851211,1842965.9931092348,"9833 Main St, City 4053, State 72689"
100156.50312816571,6.604396062648826,4.56449128048251,4.418251895880676,14993.361857957138,1962456.1607146312,"6563 Pine St, City 4054, State 59916"
31458.035760552048,9.604751727448996,8.93046641301372,6.9752587663750285,66597.7223529912,2199907.6870973445,"9893 Pine St, City 4055, State 74723"
103654.23823015817,8.873042878009866,6.443582678265496,5.368271653911217,40285.597817037036,2435936.7543379776,"5576 Pine St, City 4056, State 31013"
33612.49731768299,3.826844913430781,8.757752132394302,2.3442876880377077,9124.204737902463,1453427.738933803,"9285 Main St, City 4057, State 52229"
110092.20387265763,3.760878640153308,5.842087753317534,2.5885909954131368,50050.70432002224,2170674.948347304,"6507 Maple St, City 4058, State 78326"
119276.6472514779,3.609383736911206,9.892798877406673,6.580554219348189,9017.186555137258,2286249.8317693914,"1253 Oak St, City 4059, State 87950"
56466.071595910005,9.379991170420025,8.393425509509074,5.150261010748142,53026.82475801424,2160745.4797850475,"8850 Oak St, City 4060, State 31617"
48928.670065721424,8.821329224813766,9.761651435788014,6.215918133286756,53747.57691180175,2251366.8005357776,"6387 Main St, City 4061, State 69944"
98882.70274722367,8.19906745802359,6.600285352369012,6.4913482481692215,47320.13342370142,2262494.314159119,"5793 Pine St, City 4062, State 94406"
52772.37068282279,5.141880913793821,6.315837926034903,4.23971005641193,52593.29540025773,1622266.5776219554,"2844 Oak St, City 4063, State 38618"
107900.61448549831,6.035045634390134,8.288176665276804,2.2426297578834653,10717.775765848754,2084361.1018496759,"3239 Main St, City 4064, State 48052"
39255.8332941729,5.714653958361223,9.162038841094011,2.94140174448661,52240.7359030924,1837962.1685941743,"2690 Oak St, City 4065, State 24899"
41335.967674142245,4.027184860474981,9.749020571058907,2.3328597365121757,13884.740782052391,1527121.9494225981,"3333 Maple St, City 4066, State 16954"
118123.6399590554,6.040224369190136,5.271863342227498,2.9436992284925365,27067.88397266985,2096562.4927128765,"7264 Main St, City 4067, State 41089"
90645.50084430042,2.2439723828220357,8.590932016898472,4.0526646322793844,66278.44147754114,2030733.3436267723,"7051 Main St, City 4068, State 97181"
106219.85019860575,3.0544829879796733,4.474519183448757,2.5909840525749273,37686.90604784411,1832308.812558031,"9383 Maple St, City 4069, State 93262"
59189.643961636626,9.092716769351572,6.819020427218117,2.833666239026716,67882.7180853959,1959718.6543607004,"1655 Oak St, City 4070, State 82672"
90883.53745685439,8.013438136251386,4.258937038864394,4.229108910358396,10779.95982763794,1855329.2674656224,"5982 Maple St, City 4071, State 35564"
83481.76445777375,5.3829472724726966,5.431781532252372,3.7008547519424475,36041.17897160671,1715442.3483333238,"1078 Oak St, City 4072, State 62347"
84283.51081106524,6.137202898271018,9.519508570445215,4.338290620940205,9056.150817996593,2104476.0373286293,"2215 Pine St, City 4073, State 69022"
91427.92135839493,4.959991087679819,4.022634898411603,4.14586013879531,45963.66705595351,1794388.6222346132,"2070 Pine St, City 4074, State 20076"
81782.32558161888,7.92623893728538,7.426806265946375,5.222390129899417,10115.955088953564,1890601.4907244039,"1963 Pine St, City 4075, State 81978"
68615.61323723994,8.273497433856637,7.1506799104918235,6.6859477443792725,16398.907165124525,1821729.9612737633,"6421 Pine St, City 4076, State 94289"
54833.04249424922,8.106281521625274,3.845168468962905,2.5393216922212125,21823.97015450323,1328855.4412776716,"2320 Pine St, City 4077, State 15555"
99172.31978218818,7.780893798675597,5.281853306381685,2.4963007465459746,53668.35035819141,2125907.0207094783,"1893 Pine St, City 4078, State 86025"
50364.51870028676,3.6360347095423666,6.94087053160686,6.26403055545451,15657.537723174859,1519024.7137243946,"3839 Oak St, City 4079, State 77025"
92311.88755389728,4.70375983392383,4.310250262919432,4.531983523262296,60031.08346404941,1966224.174524553,"4010 Maple St, City 4080, State 77357"
50999.9540384394,5.758763479869399,8.604365594889707,5.8320251178422104,13573.756024002056,1759871.7873971618,"1273 Maple St, City 4081, State 52846"
86279.71529590085,4.646343931421245,9.80509556674325,3.077109518036407,7290.889189560162,1932437.4002605036,"8889 Main St, City 4082, State 86092"
97237.04404161261,8.039521601266632,4.503315799737305,6.144312865837759,30677.95223302841,2178171.2224082346,"4215 Oak St, City 4083, State 29225"
49684.25000158853,4.634828193999637,4.308383753534032,6.61923312096348,68663.70672813419,1570927.58466735,"7942 Main St, City 4084, State 80899"
35394.897077517744,3.1058566942826973,6.184545502582113,5.177415077732441,12172.244806270519,1265204.0980651805,"1118 Pine St, City 4085, State 17447"
41787.63686947567,5.192323616386433,8.234356939980225,2.529395107369011,11611.698862575888,1453765.9088970642,"813 Oak St, City 4086, State 12460"
84539.7270543923,9.839315462259043,4.97120427164676,6.476474070781694,53825.82320171555,2236044.8466909486,"4339 Pine St, City 4087, State 30103"
106450.17656031619,3.807051303468607,3.1391593608809627,5.962438636850356,25290.510109581744,1789879.9826859974,"7232 Maple St, City 4088, State 54906"
34049.71391118819,6.897269271545833,6.788544396230257,5.754388882572449,51623.3051196716,1698555.8341205823,"2355 Maple St, City 4089, State 69141"
96073.61331374817,5.46378439871765,9.696203974371153,2.1836409445295777,18000.688313818617,2164395.4539400046,"175 Main St, City 4090, State 54023"
60718.67813550469,2.568196541194613,5.738937987848619,5.9948126262848564,34904.67962288059,1630463.4814106848,"6741 Pine St, City 4091, State 43461"
73067.55329275702,5.903012847984476,5.940941879281703,2.689755052341785,22243.842053679662,1611144.8831868623,"8740 Main St, City 4092, State 62449"
113597.3594861009,7.6173146291865,9.782312019798265,3.111930880984442,34349.33396714064,2387539.7505803746,"3987 Main St, City 4093, State 14368"
59877.43542622609,6.10575980662255,7.8622532813870984,4.8856741743462875,54991.31101804475,1857233.645481559,"3024 Pine St, City 4094, State 71891"
71880.32405455376,8.976848509972648,8.034203459894876,3.324903864584415,54530.64613104801,2289674.130952336,"1529 Oak St, City 4095, State 19522"
31231.4173284613,4.311496133260661,6.938914037597473,5.306741031559598,38525.19869879204,1419374.4454074178,"9954 Main St, City 4096, State 24176"
37343.88480043545,2.6899933704317194,9.82226447604269,5.040352238495408,65344.169841868315,1780857.3205282155,"5050 Oak St, City 4097, State 29126"
53273.24320213056,9.492524893264049,7.822065390978892,2.540747990066313,22145.966659137808,1714712.5195558588,"1097 Pine St, City 4098, State 39840"
32506.701673896696,5.025570796225752,9.265229261236186,5.280072897957531,20620.23782275015,1585622.646016654,"5004 Pine St, City 4099, State 28487"
86823.77934434259,6.611244411629067,7.895652060132548,6.61977454912465,44897.41607640319,2151251.2312839692,"2743 Oak St, City 4100, State 90765"
68375.85211214604,8.336025009041567,8.145810773882772,2.8055495259291656,45384.30722409129,1975734.5278772165,"4300 Maple St, City 4101, State 59277"
79333.06824552198,4.594509311004645,5.0328764549957254,4.985310104714437,8025.10257172331,1575122.7121227717,"5998 Pine St, City 4102, State 64826"
45718.24673066966,7.729316305420889,5.1243508860967335,3.7093268596834705,44505.55130514834,1631913.64156594,"4175 Main St, City 4103, State 68132"
56633.882649295454,3.0833507985426243,8.480892547032205,4.29805835886802,29338.350227685933,1729796.0301513833,"5499 Pine St, City 4104, State 45120"
89744.20273674527,4.330349977644042,5.076944024189297,3.4350008953948494,53583.76414583634,1948988.3855696095,"9704 Pine St, City 4105, State 79756"
116877.24512673599,3.1576850890921593,6.939390495610722,3.770653181738476,57526.86819544274,2123753.470295756,"4838 Oak St, City 4106, State 34656"
34537.50962419883,8.489844467210862,4.7454661763469135,2.144559116332786,40889.99827055738,1417624.9285140287,"7016 Main St, City 4107, State 75710"
110134.58887697395,3.781193881814283,8.718883665663487,6.907758689586103,5110.827047647231,2201024.988701078,"8868 Main St, City 4108, State 51307"
81919.30811800876,7.739228443241682,3.7735094585938302,5.123999610363741,46363.777660831736,1740355.8950366033,"9583 Maple St, City 4109, State 27822"
80752.76100800614,9.54638717796522,8.80612647833165,4.503527952469426,53677.28317828573,2394427.718382586,"2926 Maple St, City 4110, State 14819"
75025.06816869843,6.222177672551016,7.219108603553213,3.9185767475016338,21183.912305048427,1837322.395805407,"5372 Pine St, City 4111, State 21984"
36245.467731376506,6.3202335380855015,4.308366743789541,4.696872794120138,35201.99007415127,1391204.3951273526,"6713 Oak St, City 4112, State 92277"
38088.916656254456,5.688268544782496,6.7942476985428275,3.9005299935790196,67772.23052176624,1672844.1697252775,"3398 Main St, City 4113, State 10292"
84082.08050931775,4.607121147149142,4.977491857931383,3.7995396374683663,24377.510970616724,1650317.9020339546,"5444 Maple St, City 4114, State 54362"
60686.27142920025,5.805240247399337,5.264271343113476,4.319732708610065,19504.96131771315,1637959.467003613,"2577 Maple St, City 4115, State 10819"
112554.12599199126,6.822460258134075,5.460696291178163,3.379915168355954,18705.56138107066,1876321.8879993886,"4226 Pine St, City 4116, State 62772"
66593.14836235251,9.887932577365275,3.443234728806247,2.900249499833927,41322.05423300976,1722978.134113394,"7930 Main St, City 4117, State 24857"
42895.3312832377,9.502116474545794,9.901731790809922,4.783029490901468,66736.16158502043,1997044.2792774132,"4689 Oak St, City 4118, State 15751"
94324.69501518324,8.897223666344974,3.2207423969185687,6.2138271807515055,44564.858398023054,1963787.305514615,"5615 Maple St, City 4119, State 96276"
56401.80792969088,9.113044285638868,7.637478112289949,2.7641408886294614,24716.002815447897,1889654.153599106,"3645 Pine St, City 4120, State 12656"
77292.32766203038,5.742793466336344,5.5985935343020135,2.1636717030210932,46507.035574384514,1677976.013599757,"9877 Maple St, City 4121, State 52772"
92804.9506954653,7.2595546174197185,7.522072036626892,3.234058725770181,45614.74934385618,2075516.7273777835,"228 Maple St, City 4122, State 90632"
111023.77000818633,9.160533783489713,5.493737771613087,6.898603217269054,43800.133822427524,2671916.6749571674,"2874 Pine St, City 4123, State 42720"
101297.20753215085,5.1436061199308245,7.716254523812011,6.143790368716696,15362.70344773963,2012651.066381193,"9452 Pine St, City 4124, State 82103"
90872.49610854517,9.69409982676375,8.104648566278525,4.9793302676429825,46246.84195742462,2587468.045851131,"6557 Main St, City 4125, State 70041"
91166.98641556292,5.326288496553464,7.833868482797514,6.64624457621568,32960.68941344248,2151664.33550286,"2515 Main St, City 4126, State 40312"
115133.2179628878,6.808661323145725,3.797733869507066,4.226395584186223,6208.4838104971695,1900935.3297809046,"5505 Maple St, City 4127, State 95089"
56624.168774688245,7.6784377061789755,7.598252642582793,6.91640301287587,40084.69166458718,2022617.9722304873,"6414 Main St, City 4128, State 97257"
30100.088477656867,9.604736104607507,4.959912846178681,3.4815102255964203,69302.33843919715,1762647.1242195668,"1184 Pine St, City 4129, State 39100"
54475.91034583788,3.9569301924181284,3.2016095939853346,3.2015287475796956,27733.07340485893,1118838.8158389647,"6740 Main St, City 4130, State 58699"
49610.22416640696,7.969047825909138,5.903814703222677,5.190241005735055,67761.34919071279,1810348.8063701035,"3066 Oak St, City 4131, State 56046"
89565.11266025984,6.1665246891526575,6.034801719626607,3.890769839751802,11253.373208068646,1944438.433331682,"960 Oak St, City 4132, State 25406"
87034.04397889762,4.1484571249651285,6.270218933467126,5.131827709881289,52609.257531374904,2025181.3609106157,"2008 Main St, City 4133, State 43489"
83411.52444342515,8.212854718371124,7.933769157735013,3.524977591513429,12431.449653084295,2157557.8720465717,"7701 Maple St, City 4134, State 90190"
31461.909888850834,6.4177782413907725,5.161906663997214,5.0895912841899555,22782.15228109282,1366570.2394521646,"1255 Oak St, City 4135, State 44429"
95590.02490055827,7.287790565197406,5.206963591727458,3.378731302925182,42104.65429593808,2229554.47608601,"5419 Pine St, City 4136, State 37296"
59117.73712369424,4.583208548623208,3.423865793688824,2.2548603440944497,43530.680108488676,1397405.1329118507,"5740 Main St, City 4137, State 16960"
89855.0390105968,5.85019161462084,7.8077485119460714,6.560679509615917,55388.73562022113,2311625.030015375,"9257 Pine St, City 4138, State 44339"
80092.0585651938,6.9388340079045365,6.974782639797088,6.416026009367311,44995.241469783556,2155474.022062449,"3016 Maple St, City 4139, State 29830"
60845.783288511644,5.239286514158752,5.445975788856517,6.85399074636336,43584.95578473645,1715395.8378435026,"1430 Oak St, City 4140, State 89355"
42111.8640393697,3.5869803187816105,7.936322852421482,5.582635881107024,64302.95065429399,1809176.0301112689,"242 Maple St, City 4141, State 93987"
38497.70078944329,9.693123938522433,6.76150424458814,5.413605888676514,34390.44889359522,1768618.0879021797,"7832 Oak St, City 4142, State 50106"
104836.64998010012,6.091740320340939,6.284714621093777,4.795015350374154,19642.27561517858,2176610.5250071823,"6888 Pine St, City 4143, State 99370"
112655.77878734023,7.871362962301604,6.579271805627885,2.629712081762613,15516.258026535967,2297390.318386688,"301 Main St, City 4144, State 80913"
88480.92420878696,5.288377548448465,7.454436876869396,2.94617655474635,30999.648792617485,2031812.0784213555,"5708 Main St, City 4145, State 45168"
39309.0703374435,4.841054112205731,7.620018232022196,3.447348443362681,51328.92908759022,1654981.5987087488,"3159 Maple St, City 4146, State 53878"
66182.44951994167,5.257314387737,5.02270473398502,6.450781812866972,7765.326520443558,1457823.7015336421,"7966 Maple St, City 4147, State 92797"
95604.52800946415,5.273573150285198,3.9852035437380726,2.8648476230153754,13388.470123111398,1636392.6416319832,"7010 Main St, City 4148, State 13534"
100183.87956090613,6.353440927535629,4.096439268333631,6.614365872439453,11897.374906736562,1989482.1794584729,"7792 Main St, City 4149, State 31720"
40639.67600619797,6.347758959850905,7.475736201321012,4.613928665257086,43041.25994834482,1817830.882041494,"3104 Maple St, City 4150, State 94756"
30002.764696084418,5.977230527062973,9.110113000369882,5.577848177365361,20786.202284532308,1404921.64753637,"6314 Maple St, City 4151, State 94037"
94092.33412925445,3.0782862793395047,5.866473948418863,2.551222433402833,15806.862839590773,1662940.243607926,"9327 Main St, City 4152, State 40622"
62093.65583875851,5.968603828004249,4.186641122306236,3.3451677438795544,43530.09678329645,1574665.6160466303,"2718 Maple St, City 4153, State 32798"
52903.31984564342,3.352831203365212,8.296217488056982,6.792593040907132,54485.14450440465,1748648.2252104226,"7442 Pine St, City 4154, State 57373"
31160.77228105729,3.0090862903661213,8.82742632093614,3.330749734648657,26590.069569423184,1318877.0184721777,"8382 Oak St, City 4155, State 24349"
78626.94660853497,9.461165738729342,9.164077101846766,3.4826086019557305,42583.29936897875,2357340.663452504,"1570 Oak St, City 4156, State 27871"
106603.56618833836,6.839600105181634,7.247820002396132,2.9879869242053974,11378.086857964912,2292508.906267286,"8760 Pine St, City 4157, State 73412"
116186.84816453292,7.275920464996674,9.025099915716593,2.6453683265341477,65787.41697974206,2452788.2772150105,"3505 Maple St, City 4158, State 39477"
80917.04555519603,5.21434936266691,3.107904709138854,3.16628820726999,26898.252045460235,1530952.5919636453,"914 Maple St, City 4159, State 23055"
76301.51949659048,9.271847135318914,3.7506506123866648,5.211634459753991,69837.87005627758,2078526.0189758302,"5230 Pine St, City 4160, State 31585"
37655.0746940317,7.103443916637324,3.6480324693646913,4.276838667517818,68608.20413023583,1572933.1182180962,"5398 Main St, City 4161, State 88133"
79398.55213883397,8.1533589561887,7.988232789783131,4.768779181689493,55623.524206827744,2293805.823172153,"6696 Oak St, City 4162, State 41983"
64198.11710688552,4.948499752221711,3.4870724848050534,2.6118241438301215,6304.361201452837,1454388.7427801243,"9399 Pine St, City 4163, State 99641"
84642.17527952192,9.680095046553003,6.474550607264149,6.010582235814501,40325.869824983616,2233228.029235934,"8181 Oak St, City 4164, State 31118"
64985.371308889204,8.56369032126652,6.308948290454024,5.92047350289924,10644.367328600747,1944789.4131577306,"4690 Main St, City 4165, State 89668"
51626.921110533,8.831587704116348,5.174924664907687,2.107949555713377,63183.971687498546,1686364.1475780595,"4097 Main St, City 4166, State 49919"
38546.874770553884,3.377554139406034,9.0928361895947,3.917575472551525,56326.35642208119,1686730.690789253,"4815 Main St, City 4167, State 84010"
58342.66001300061,4.167705662969756,4.1930324131599725,2.343853009855739,68202.1244787194,1417309.181440676,"3601 Maple St, City 4168, State 91791"
38698.0350858977,4.2850127974686165,5.467239490794679,5.9605288970747905,44544.891954736704,1530236.9207368088,"9402 Oak St, City 4169, State 75976"
45920.725574158554,4.167273785974969,8.419200500160503,5.6863484156285224,38941.23229148197,1694359.3127153222,"3808 Maple St, City 4170, State 42421"
118860.25427215913,8.843265296834304,3.2129562007529895,6.5099404714657805,38733.3006363852,2312549.127201435,"474 Oak St, City 4171, State 29163"
69969.32012159568,2.255078361668737,7.710652801724581,3.182019794765573,30119.144339532417,1644018.795849482,"5037 Maple St, City 4172, State 75521"
77868.45898545149,2.6087999118461944,8.714784084530994,4.281479415638994,35464.854369894165,1970718.8166938466,"4343 Oak St, City 4173, State 88011"
108625.66758634939,4.19131896503923,9.52587487186717,2.922439385821989,46301.81790379777,2416818.282344053,"9739 Pine St, City 4174, State 35132"
119601.2010441619,3.598983797195549,9.134076483440396,3.8561746723705976,65641.59449115802,2451115.3886064156,"5244 Oak St, City 4175, State 54437"
82444.30044102133,3.854876911062787,5.235688817835796,4.61121625783442,43732.481986642015,1699364.109800158,"5055 Maple St, City 4176, State 66909"
103122.64389397544,8.3835455140264,7.1045489892606675,2.266653949192945,60712.536250628866,2387553.0604767255,"6295 Pine St, City 4177, State 63371"
59424.692190300775,6.505012751136375,3.541054452053261,5.574352053386926,61080.694234662544,1741373.3441396737,"8187 Pine St, City 4178, State 16415"
57516.9561702562,2.046165290343744,4.80509002483606,4.716466801855376,38724.12393013685,1583289.2072243644,"1895 Pine St, City 4179, State 72098"
66243.33488951041,5.434582125633562,3.6595566512325517,6.144795086053366,27585.526697345405,1579497.559010287,"3802 Pine St, City 4180, State 13518"
90525.65364062841,5.2630794148028714,5.206311031077747,3.358902505955986,46572.30176658527,2019297.1138931075,"5682 Main St, City 4181, State 52440"
91397.25203295889,2.9115621555563482,9.126310494211102,6.5166055263462725,33982.02722446478,1993778.6760805894,"9746 Oak St, City 4182, State 89935"
58371.54911845057,7.409134308811657,5.430167877720049,6.993471265152217,10293.656375925639,1851153.6416202853,"1699 Oak St, City 4183, State 95490"
41988.89317229658,7.616777507035929,6.933286721009985,6.596492191888372,29557.591528108187,1761642.0892656725,"3427 Main St, City 4184, State 21416"
86915.66308189576,7.7671457524167815,6.033665936804586,5.889462379165771,69614.68897320612,2260004.0585092893,"4786 Maple St, City 4185, State 57678"
41549.327596988805,7.827767564468736,6.212415670091147,6.061844014368904,8153.271551708669,1510026.9812444348,"1282 Main St, City 4186, State 92426"
82064.3257406397,2.0004226154583744,9.787004362855907,4.8687212127229325,50283.349273560234,1990383.1401713777,"1723 Pine St, City 4187, State 27341"
92407.9915250678,9.631366430773777,5.073081277847006,2.9507693145630522,59677.26582963106,2116275.4680301575,"5859 Maple St, City 4188, State 49205"
93055.03467550065,8.513670136437305,7.3912712866621995,5.385203425738586,47167.18372589962,2535971.141124845,"763 Main St, City 4189, State 15949"
97812.48995936371,9.231853572714282,5.94043868705613,5.563765010299658,42033.63502561385,2193133.3548022993,"6263 Maple St, City 4190, State 16621"
108557.3479409098,2.125146362459473,3.4280232673338036,6.9269257013395285,50991.03710361924,1828008.8396904236,"9952 Oak St, City 4191, State 50545"
74996.30927683096,9.470870366285915,6.425315821369652,4.706506581281609,32907.27792447762,1973041.415245456,"1343 Maple St, City 4192, State 49983"
95722.4270576614,8.478308229504837,8.693403303315758,3.356845075125282,10938.51292507699,2112191.7879001326,"9829 Oak St, City 4193, State 98538"
85725.5461829253,8.697753143669589,3.6912707807718186,5.418362608697533,67554.1640297198,2089297.1373685538,"7754 Oak St, City 4194, State 77541"
46797.59458179143,2.746299077775748,3.4871429317741627,6.896879098332273,33099.55004897274,1365557.5087099907,"6872 Pine St, City 4195, State 37141"
32312.068038246736,7.910224231348781,4.075420642752867,2.88606954134547,48250.30041592114,1311449.899062902,"8951 Pine St, City 4196, State 82900"
55608.72471092404,9.679333517136728,8.350800779725143,3.6299895926780135,39535.17839780419,1877361.1371373674,"8303 Pine St, City 4197, State 30005"
69873.03357038574,7.428378731345285,8.067967689013166,4.709404768863406,8553.749678541046,1928823.7101522482,"1139 Main St, City 4198, State 59875"
85539.53499857907,6.564491236996852,6.955124382342774,2.851073174410024,66928.529064515,2154627.2692099498,"6632 Main St, City 4199, State 89331"
106496.33974528848,9.565037421991976,6.277584828648427,2.1111031975996917,56514.91969743102,2491602.204267666,"767 Pine St, City 4200, State 21573"
47662.11450355491,5.543496973875488,9.218280702918355,3.684915612206253,14691.36314051067,1629811.9041013059,"9486 Pine St, City 4201, State 14017"
41299.48109086294,6.79434853048383,8.366884766834378,6.326854007505291,68807.17695873734,1929888.845835749,"4271 Oak St, City 4202, State 99106"
116713.19527268948,5.8107063479549295,8.683595759112636,2.217341996618574,52898.589191161016,2468415.1002536877,"1959 Main St, City 4203, State 38797"
39724.01034387664,9.462769770882392,8.692836109454579,4.144645295084588,35700.90727784007,1877549.7870363381,"9187 Maple St, City 4204, State 32781"
73064.19630964703,2.608677814124058,7.499020083218906,5.811003864630412,44739.053676372256,1819766.6770452005,"1852 Main St, City 4205, State 16910"
82700.73559139717,6.008957606602785,6.206102370211621,6.765912984554427,11937.884330948838,1831145.8262478164,"3872 Pine St, City 4206, State 95143"
78723.69788166945,7.4956195310835065,9.052744268099552,6.927376995022161,41426.74815101471,2116154.7789363884,"9415 Oak St, City 4207, State 72126"
37742.89413296489,8.335252307377896,9.482051923222755,4.109846903043708,9787.969681108862,1668452.245141208,"9669 Oak St, City 4208, State 54211"
35132.422260325744,6.664149179553091,3.166642302808401,6.751921471895588,40415.59171275463,1414020.9953344003,"6362 Oak St, City 4209, State 30300"
39493.50847149321,9.271341952971632,3.360884112863759,2.177094866404319,40925.219769581054,1482336.4081695375,"7488 Maple St, City 4210, State 18828"
82702.89154853512,9.535931575070974,9.71120307835906,5.729584689992782,61838.52103544836,2514690.5840255194,"4807 Oak St, City 4211, State 16842"
78991.0398870889,2.514553785548668,4.940124296909364,5.213730173168065,52128.73751769911,1857852.2245027856,"3676 Oak St, City 4212, State 41430"
51036.67128330698,5.218964316330995,9.113586077545932,3.2476092879307616,21220.905493982802,1701064.2137910957,"2521 Oak St, City 4213, State 39930"
87399.67276610323,2.1876721737692355,5.7215658327298184,4.536592503398245,62747.6992422107,1757157.2370992857,"5018 Pine St, City 4214, State 78171"
103806.07518500845,4.635333258995543,3.8337004032654893,2.6477686888024783,42260.773215120375,1702021.9681553512,"5773 Oak St, City 4215, State 22406"
33742.10638619344,6.294945743764817,3.56310240146534,6.357985754757805,44414.666107312194,1471855.2386086704,"5160 Pine St, City 4216, State 29380"
74831.69491932381,9.28635944407959,4.095555293563195,3.7894904277282397,15983.788999441591,1696582.6301852209,"8948 Main St, City 4217, State 25733"
92037.93708924213,8.772434579723223,4.749252364071554,5.130222352328582,60755.28373799241,2075217.9259568686,"2779 Oak St, City 4218, State 91129"
52708.073436271836,3.019997813375886,6.419628477515784,2.7938814314363114,65512.73247607536,1377103.3914126882,"1667 Pine St, City 4219, State 96919"
57699.38147638342,2.7442429979271656,7.910485303960485,3.0308242231560354,55374.39221716903,1675269.8656700428,"361 Oak St, City 4220, State 15714"
85227.41126904453,6.714138710053336,9.904790035397099,6.95978185401576,66148.9094219254,2560377.339654616,"6044 Oak St, City 4221, State 83058"
110814.17640993632,6.256943779670261,6.090547203024197,5.765431972206646,24649.49376795248,2134674.042926153,"3798 Oak St, City 4222, State 21553"
102893.19782726094,4.131021131440191,6.627294596401769,6.809859348870354,60972.74594358012,2169501.5967273847,"3761 Main St, City 4223, State 83904"
82481.71971896251,9.195624676430683,6.652709909682789,3.4792558260602204,36778.05428614326,2050145.5931376321,"4041 Maple St, City 4224, State 50896"
95719.95459815243,9.418931275692428,6.7760404884155525,2.822814383099102,15654.61819133302,2257506.0732035134,"9505 Pine St, City 4225, State 95919"
62834.02231870188,5.220891506721301,6.624184599731236,4.515342317394155,48472.03893717108,1657841.8689417434,"8723 Pine St, City 4226, State 70849"
87686.89752888819,9.122420456908163,3.061423285433425,4.473341411136717,49467.81759588213,1895273.0882402246,"1262 Main St, City 4227, State 80818"
71956.34320148014,5.071591154103781,3.0120737547688847,2.8747325687899394,23650.09339418486,1539677.108097883,"2887 Maple St, City 4228, State 31531"
47094.25228118048,7.894534654637601,3.6836642268828603,5.666097847907051,6787.066555792054,1413698.2908528608,"8448 Main St, City 4229, State 34354"
93156.44464895315,5.807537740381793,3.7108962240042516,3.8088876721936704,17990.071840561617,1740942.802175475,"5872 Maple St, City 4230, State 96280"
80081.81736139397,2.980665252057464,7.934278362683573,2.9318261546525863,30985.54059880264,1762631.5793234645,"1981 Pine St, City 4231, State 38128"
62275.94237582323,9.423473609896172,4.434412227611999,3.659916972716442,15891.589218891455,1640992.0191879938,"8593 Pine St, City 4232, State 55832"
112020.52710707676,5.632772747020293,9.26299873328929,4.818293498175075,17611.94663557427,2321709.438362719,"3638 Main St, City 4233, State 66316"
31884.070604405995,7.875896322579229,9.500244307039136,5.632354660902216,30440.393184847522,1707889.0593803814,"9407 Pine St, City 4234, State 15550"
58419.58361245464,4.937390515450337,9.83125336527129,4.409454430287423,67516.12993005643,1979424.1661474975,"7386 Main St, City 4235, State 17138"
35119.32579998819,2.1510470286098773,9.57356913420914,4.627974949141867,54675.82850149714,1715259.0907860985,"3394 Main St, City 4236, State 70486"
98987.45845994644,2.8042428695346873,4.903218253429673,2.694729679713742,25783.646079726666,1726063.6959190047,"6358 Oak St, City 4237, State 64816"
93189.67087024133,5.969755835919395,6.568437912924587,6.573454623541161,66854.26447970563,2318785.869017382,"8566 Pine St, City 4238, State 11194"
59821.699686268534,7.519714857010899,4.228184791378587,6.6436209899602225,46967.04149681763,1761768.6787865525,"6488 Pine St, City 4239, State 39533"
90809.66119863658,4.6778826126342326,8.643467586207032,5.417132952090018,34604.22690160911,2213095.155366222,"3482 Main St, City 4240, State 15615"
65634.35035763549,7.563907673421203,9.219021936008673,2.0881570446701234,35439.51293208456,1986431.0391300463,"7459 Main St, City 4241, State 18016"
98062.84122801908,7.589084715455648,8.959021875082604,4.68537107951663,31698.39040930047,2327691.737386125,"2058 Main St, City 4242, State 28801"
70876.52964630355,7.631487258622647,6.033568640877844,5.146094860443068,20144.48341548608,1746602.3806160055,"126 Main St, City 4243, State 47246"
67105.1755048499,5.940174832164067,8.310717192807466,6.97327111479055,30131.092493890872,1851374.5546537593,"6471 Oak St, City 4244, State 47386"
114125.69239394709,9.319089200972032,3.683054187033886,6.980334775973984,39313.26496282052,2195628.7699818136,"1010 Maple St, City 4245, State 25318"
52579.11899016302,5.913572143844925,3.281713394334755,6.288056176627787,39321.77779746437,1432715.67081679,"4369 Main St, City 4246, State 54778"
40840.26059969089,5.6021215479731055,8.272654900161326,2.3191549601305677,54512.89864381367,1532156.2689879078,"1251 Oak St, City 4247, State 53348"
82608.88019335124,3.595046552085016,5.977486920300786,6.766381953893649,28321.86071522792,1690412.2549411722,"2320 Maple St, City 4248, State 98458"
117238.9631055761,4.461240698850692,9.968844853176984,5.063306235759995,51591.87190475691,2707031.7901125564,"3196 Oak St, City 4249, State 32722"
64005.5292354468,2.3386759401464268,3.6807795109887267,6.0044338523958976,42575.9695199645,1466882.2618979663,"7912 Main St, City 4250, State 46042"
35583.30872659034,7.068282348929362,8.989393770746636,4.035964248429268,67519.95129424424,1841893.7174758497,"9249 Maple St, City 4251, State 74181"
60537.474057861065,3.988285951416743,6.359881458702942,3.598347356172949,30043.520192208875,1798905.022382372,"3049 Maple St, City 4252, State 78475"
75533.84888876026,4.433242035883721,8.79005136852714,4.31622072741904,63579.07017695137,1962761.700999985,"8733 Oak St, City 4253, State 71572"
44573.07059689923,8.16651617331457,8.719890975191014,2.7343725648441346,58341.76557438882,2022948.9251134521,"8616 Oak St, City 4254, State 21028"
89229.1996250843,4.617769465291631,9.41194400953454,3.7853306937665305,46448.1784983147,2210790.1953048157,"6459 Main St, City 4255, State 39587"
119797.44501091806,3.9375671361051374,5.08495007900272,6.288087498841393,47543.44033823762,2306513.3421823657,"7448 Maple St, City 4256, State 74597"
70656.55283832995,3.352461993069646,9.648595474234021,2.1897524313044077,10502.245749416696,1775175.4393888,"1864 Oak St, City 4257, State 47980"
61925.57010571913,8.198867217455646,4.061668722503342,2.754390234123022,66764.5993635731,1583362.7573472718,"2119 Oak St, City 4258, State 48394"
66063.375015102,3.037650063920215,3.5737814431544335,2.6255807982474275,11950.844127223354,1246486.460138808,"9542 Pine St, City 4259, State 17358"
40363.156055568106,5.630030082002828,6.021308621606444,4.01537771350114,41610.16506832796,1528905.4965949717,"9263 Oak St, City 4260, State 66291"
109494.62412836014,6.055440928617555,8.7982607804929,6.9849345044543085,26454.60202919504,2224201.6655810736,"9613 Main St, City 4261, State 73215"
67334.30899692167,7.499119301485717,6.313947914434119,2.8667896510569135,32940.378588840365,1998525.300054331,"4266 Main St, City 4262, State 39927"
64854.69702823572,7.066267858663964,8.805006742713598,2.7274132479963007,44661.89570439311,2042513.538011775,"8812 Pine St, City 4263, State 35832"
89372.12456374269,8.485765383561398,8.107807640560136,6.575278648880772,64075.339562350906,2551467.957352135,"3719 Maple St, City 4264, State 73524"
69783.00788380112,2.358011471409905,4.465998702972534,6.410252584829829,34741.863032199595,1422474.5023945707,"6915 Oak St, City 4265, State 86411"
88341.01219270614,4.371525798235178,9.642171374296247,2.1612018499827723,69202.42109491868,2353270.034971158,"426 Main St, City 4266, State 90279"
35530.16611177087,4.241072950203038,3.425468180405824,5.758529800896575,43532.784247847485,1340763.0242827667,"6919 Main St, City 4267, State 51176"
103235.10093500048,3.168135244736866,9.287957952806565,5.277328507382148,15436.006271741342,2194651.117205329,"6314 Oak St, City 4268, State 22645"
114645.35575914623,4.313426030851545,5.131104142932618,5.838704049263545,17350.6041640314,2033590.177014636,"186 Main St, City 4269, State 23157"
88388.88475434473,4.478122513143227,6.501036582150795,4.472512273979611,51547.21731330132,1930430.542068726,"9016 Pine St, City 4270, State 85705"
115910.93359729297,6.175075695419826,5.956463108905141,6.956896092241478,8275.856625819813,2172845.6435743435,"1185 Pine St, City 4271, State 34759"
43628.9082932967,7.3096358314100485,4.202841898418413,2.2192350935548157,36222.20245444475,1334483.3400298827,"3609 Oak St, City 4272, State 85347"
72967.45705323183,5.048804108894513,5.507028064811852,3.1718579320190288,14634.242137228579,1648203.5335479742,"4327 Pine St, City 4273, State 91798"
84162.60605509026,7.755761850507049,4.350541054049566,3.9827299348680754,33159.21128655992,1777747.7993673221,"2436 Maple St, City 4274, State 42925"
82356.2982679068,4.68932270863664,4.427205328223667,4.248889707828516,53744.63243466177,1864860.4699273133,"9534 Main St, City 4275, State 59146"
66131.56011801389,4.322269418518083,4.309397852184663,6.606837013497593,34822.840335693225,1510601.6560912442,"7765 Main St, City 4276, State 27459"
60427.596842963525,6.329504446856195,6.42312166242616,4.800021820386294,15624.322083760253,1630487.933380926,"5123 Main St, City 4277, State 40342"
41414.16202953769,2.189730882446325,8.585519572579209,2.2255549776019694,21375.149073181758,1445716.5646192795,"8191 Oak St, City 4278, State 66993"
65256.820550605036,2.638312989072003,6.982790236328687,4.039314817128309,28890.073262391856,1538357.2126931495,"6752 Pine St, City 4279, State 65525"
44639.47335949366,5.343756348692216,9.252446119855893,4.08245206184535,9521.476926616957,1688912.8360042241,"5000 Main St, City 4280, State 89114"
96092.91088429965,9.543301691134051,7.455811420037069,6.827454692188924,42981.946345272925,2509591.895261834,"8023 Oak St, City 4281, State 76669"
48794.78419451309,7.772094238747389,7.825380809428231,4.995985455105541,44489.69643307326,1847815.997117597,"4239 Maple St, City 4282, State 15786"
35270.877475608046,2.705012556004462,7.673250608089022,5.178255355794694,9039.875263616885,1418544.8083309298,"6573 Oak St, City 4283, State 90131"
79712.95240355108,8.77054410224699,6.146214352286188,5.566265156256354,31150.23587632053,2057871.4455977601,"6094 Main St, City 4284, State 67464"
83570.67594474615,7.858406164865448,7.82537175540058,5.850196578410616,31910.044387507118,2299940.5800711694,"2998 Main St, City 4285, State 86939"
108472.1755152455,6.887572205621225,3.4879542252827282,5.175255351012446,26698.271955919077,2176232.2162538213,"6312 Pine St, City 4286, State 92340"
81928.34511759137,8.562343684873419,9.018960303409642,3.1859717556696774,41253.08312152227,2246631.9257999263,"9922 Pine St, City 4287, State 77621"
61093.27683511011,5.232878781943657,8.444685004107422,6.370229571705821,27487.236853907267,1941190.0776003283,"7070 Maple St, City 4288, State 28761"
102271.06933736884,3.772008406830822,4.7166097076217515,5.660599002053151,32066.603166057394,1855034.0836845639,"2858 Main St, City 4289, State 11455"
78625.1003868679,6.096187112870075,8.376227179778578,5.709352425484779,56839.03058370436,2113352.8186267144,"9181 Maple St, City 4290, State 88718"
37135.225616807256,6.3907340447477905,3.0884982098001297,6.982783696173746,15537.108102963093,1205591.9008508571,"1891 Maple St, City 4291, State 51609"
80926.55042819219,6.3066109760792965,4.520726007366163,6.012632674316579,45242.45519472236,1756585.3619033424,"2429 Oak St, City 4292, State 61469"
111721.66908794962,6.520590331840842,3.4559606706962716,6.145757015775766,37863.63610990496,1999653.1741853068,"8239 Pine St, City 4293, State 50816"
65668.13629483985,9.589639345913447,8.461588416325263,6.757027578550792,24829.65643615769,2199092.773019511,"7348 Pine St, City 4294, State 17282"
56669.322170982006,9.21796498476985,8.29111905824871,2.7556699992444695,52289.7526718767,1983634.9574000433,"7194 Maple St, City 4295, State 20446"
42912.2511316218,9.005736292471514,8.695452166612814,4.488636882390339,40827.24337017462,1984892.231303588,"73 Maple St, City 4296, State 13457"
43630.09697418216,8.411334487269016,3.031371853278702,4.902835117953938,36028.499252445195,1456546.1859701616,"2023 Main St, City 4297, State 46853"
68949.4335907637,9.547424858122284,6.508629086748856,3.646378646112288,48398.505460128006,2224055.19863958,"7589 Main St, City 4298, State 60695"
83611.18417453766,2.787957133435226,7.933853382621356,6.197016719472527,57148.87001878845,2134306.549262569,"4497 Pine St, City 4299, State 85764"
37255.38646526416,4.120986091565916,4.087807901173108,5.812098108228617,68223.47135218245,1532529.9083604882,"4750 Oak St, City 4300, State 43615"
114561.17301226492,5.960447565236679,7.548535092588373,5.60441537254062,45907.77394446428,2485376.713002847,"9688 Maple St, City 4301, State 98494"
97962.02557006764,8.772275944987243,3.5887706951678,6.985747198790834,61838.59905102489,2255240.469890119,"539 Pine St, City 4302, State 67414"
82796.15264552964,6.04132569218186,4.2692809927301925,3.296906867041953,5070.950166492201,1712305.551537856,"8448 Maple St, City 4303, State 85922"
104559.48038450917,7.98427791473271,6.330577704962208,5.677286258377107,39465.32002718293,2385779.8504524576,"902 Oak St, City 4304, State 28267"
37216.8081130902,3.1116792419913297,7.574956068767714,4.7570223745295035,18952.090670062877,1392226.014613828,"8332 Maple St, City 4305, State 86396"
72915.4989959812,4.0193105038124814,4.021083888677273,3.5649459124693803,11122.509710403916,1434933.6187636903,"9639 Maple St, City 4306, State 30543"
86708.38141754971,7.854208760301379,4.296563315816565,2.8029343536156293,39578.11610918549,1939320.859793329,"9487 Oak St, City 4307, State 86610"
104578.76155064603,3.3178720711017924,4.431124569459641,6.479419185337735,53543.722899691114,1961135.0227309202,"1417 Main St, City 4308, State 73534"
100512.2604044341,4.810847477239414,4.6709056328928495,4.977277413539227,31797.713960834684,1856264.37413422,"4964 Oak St, City 4309, State 97041"
54936.23247420597,4.118930062508571,4.585876939684039,6.124669188203973,48556.98420738827,1691244.572962565,"2583 Maple St, City 4310, State 11500"
114679.21526032839,4.798893553779828,5.766043759483457,4.726724920007724,36831.75149966175,2360422.202535492,"8120 Maple St, City 4311, State 10814"
41191.12572877833,7.6665923926237625,7.57652755585706,3.0998854032700978,33410.581287362686,1568524.3040814358,"8788 Pine St, City 4312, State 47834"
108762.02567590369,4.942777449142408,6.0662224819412875,3.6877440655016263,23866.68162833094,1983123.2146341933,"8419 Pine St, City 4313, State 62987"
117384.62246441568,6.442106580863522,8.431817361249216,3.9076942123677325,29868.578442565296,2551322.9431215427,"4913 Maple St, City 4314, State 21510"
45943.817090036304,2.799455016435277,8.034879541640304,6.864674062518511,27736.71600163781,1640177.0862513352,"2065 Pine St, City 4315, State 24200"
94985.94577834068,8.440141545877022,3.8856883983435297,2.0281663919069124,47002.1669609673,2046220.2440388761,"9730 Main St, City 4316, State 40141"
33625.69669001986,4.959109005184999,3.3418913632452076,6.928330115122535,12541.20323314407,1211779.7753237672,"1365 Main St, City 4317, State 92186"
66488.05426252395,7.1882732722667395,9.145590947997242,6.9023081755491535,11021.36396470739,1994044.3309939597,"8152 Main St, City 4318, State 23594"
76465.49692779066,7.803116813294661,3.558817465940114,6.980753952650683,47900.84462354992,1921440.0414141375,"9463 Maple St, City 4319, State 42212"
82258.07033186706,3.677287376893603,4.038374265037992,4.382940894598173,40509.37454212725,1688769.3279847808,"68 Main St, City 4320, State 55663"
114234.35234237036,9.0773998796268,3.1549329289068266,6.819044848104998,32963.00628827274,2132145.368577557,"683 Main St, City 4321, State 86682"
90502.56185647752,6.9297940128556235,7.398354557090577,3.977995909249137,14908.787486513731,2068776.5928064156,"3139 Maple St, City 4322, State 52291"
73315.01560973133,5.429801134011852,7.07659394210844,2.1314722033419335,31716.76227150525,1917066.7752393323,"3191 Main St, City 4323, State 91578"
102870.75326393003,3.4586814686257563,9.908325665046789,3.1217359318588227,56332.56461580075,2336209.2364247637,"7354 Oak St, City 4324, State 99157"
115547.9538858968,9.538407503209655,9.208526774220203,6.726481224686923,62825.3803263017,2900260.319203276,"8949 Main St, City 4325, State 23930"
31985.953381406176,8.040545633053,5.875902242366368,2.068823466677,50667.47704767431,1528031.9756957884,"2596 Pine St, City 4326, State 74402"
118426.91450304349,3.664196501865991,5.601100886387745,4.729970677114875,8894.291432257254,1973471.1634659597,"1219 Pine St, City 4327, State 18675"
37751.89251573123,4.701686197793796,5.077964239959895,2.3780079444733953,48576.635479072705,1400753.9137427951,"4684 Pine St, City 4328, State 34384"
103294.81013418852,8.477394064704587,4.0668484402651695,3.4319828921378925,20664.063320509147,1920438.9200395118,"7760 Main St, City 4329, State 87277"
55230.12772962713,7.565421305722712,3.9665855962140633,2.4404642535594334,25491.330796716327,1581834.32373949,"9314 Oak St, City 4330, State 51589"
41896.16919784846,8.126274341725795,3.925985956067238,6.297643105565282,17731.758517398994,1479562.9274673315,"2467 Maple St, City 4331, State 74763"
69587.00757424514,5.529608817703459,3.79880330030745,4.955353548238529,55424.1263903133,1608359.1589836532,"4176 Oak St, City 4332, State 53689"
87956.09215028521,7.731810101137335,4.683584296838759,6.510532328591564,47159.13797142314,2241750.7985103074,"6557 Main St, City 4333, State 38040"
64285.66605211275,5.09194978291131,5.146680412191815,5.441765997701141,44769.27854894676,1713098.1014439657,"2382 Main St, City 4334, State 35927"
34910.886745442906,3.6901033355055715,9.731052797272412,6.855145656225498,48418.21962850294,1687548.974117275,"6907 Maple St, City 4335, State 99233"
83951.5025692845,7.06141627873088,7.0493127570132,4.549388273802033,20390.19699125372,2105418.9458598937,"9029 Pine St, City 4336, State 62601"
111216.29484996073,9.808111404790353,9.913170421592966,5.193552908814373,33901.8869311485,2770405.3263315386,"7575 Maple St, City 4337, State 85794"
64489.38293525265,4.484807771162637,5.607268634779713,4.881544099445283,46161.4919006843,1517773.5207564116,"3002 Pine St, City 4338, State 80610"
49469.94998677443,5.687756737700317,6.2033864281260875,4.421302147233064,46378.61179518953,1587324.3426714013,"8625 Main St, City 4339, State 30731"
69831.96113395339,7.392010968558829,5.272050614156955,6.229796827115063,56470.37107908348,1986839.7028310555,"6120 Pine St, City 4340, State 71258"
34352.64399439028,6.332050256979903,4.280213556275869,5.2226256783518,23661.757834727185,1061576.9290548915,"7051 Maple St, City 4341, State 86685"
103843.88260322473,8.747422365672394,4.002152954443054,6.006561324277364,55071.84791029346,2260045.268489839,"8413 Main St, City 4342, State 96575"
104370.67298551681,8.093941651756127,9.615554384654823,5.9318196830120655,33611.99124010082,2579460.647176753,"5178 Main St, City 4343, State 30192"
82920.04170866655,2.4663776308988563,9.90767477259129,2.9552258032764764,48561.22498383076,1958246.9912187774,"7817 Maple St, City 4344, State 58145"
61779.26000445505,9.987369871390193,3.314366475561121,5.250817662588219,34621.75970424364,1740008.228683811,"780 Maple St, City 4345, State 50653"
101980.5028001205,8.019219629755739,4.0524211231223655,2.9982400959066706,66659.66103641131,2168951.591310541,"4732 Pine St, City 4346, State 99875"
79921.83223095305,8.911226530352906,5.9646686461071585,4.916602391218854,16654.64720820689,1833595.0377048468,"7567 Main St, City 4347, State 89896"
104333.90776950146,7.209581696762771,4.304334334410852,5.387173422231502,48875.33075785321,2246112.820428515,"9996 Main St, City 4348, State 66314"
86831.29133247185,8.850281024374098,5.547162755388183,6.986175357937935,42474.77504993033,2260344.5004390487,"8120 Main St, City 4349, State 77654"
100596.49258915176,2.8990637994296753,3.9036744490174335,2.152709890748692,16227.517661603399,1579957.248129638,"1583 Main St, City 4350, State 75056"
83870.66938959839,4.781902684474525,6.195582297052532,2.4562119705686047,9290.411827758415,1673728.6978005804,"8650 Oak St, City 4351, State 72502"
67272.69613940996,9.011367548835942,4.9018623131848145,2.3851334818561574,56944.38528315814,1944346.6485216918,"677 Maple St, City 4352, State 19605"
116215.12739335238,3.613241690135138,5.463335390310625,3.9918064313337003,15234.336687007237,1955739.751728997,"6364 Oak St, City 4353, State 48155"
78700.24423909604,2.625936788640182,3.660188560239233,6.107941807429069,17122.934381075436,1286876.472718342,"5750 Oak St, City 4354, State 32720"
84458.05666864845,8.304951519561751,5.996896354970992,6.220281663935678,68598.22455928756,2317873.079516752,"112 Pine St, City 4355, State 66659"
49843.88754732743,8.68388924514637,9.88280327673099,5.6848979786057585,51621.955345981,2070588.3838832986,"3152 Oak St, City 4356, State 73598"
86308.57104845488,3.301217745519205,5.301831328168332,6.484391209149738,21281.64470407946,1714248.7583671056,"5607 Main St, City 4357, State 61652"
81444.68845346494,8.834767862261725,9.135004923897046,3.6142997208472627,43411.68240985408,2458260.132029335,"8605 Main St, City 4358, State 78187"
46635.45581523224,7.494142364777357,8.902393991365795,2.4407732212614954,39717.26949616337,1811664.8924182358,"8378 Main St, City 4359, State 13158"
35362.838761782936,6.160661465732671,9.664408928080475,2.290765139949251,59890.76238840009,1803164.4348787663,"7392 Oak St, City 4360, State 25485"
84392.3387743294,8.64200154225108,8.53076658586966,6.260663598096931,52405.848609120585,2459300.6702602915,"1170 Main St, City 4361, State 75326"
98732.30424152885,5.353993994551726,7.617177789411705,5.652181471768456,59061.873157057074,2379805.1696215533,"5404 Pine St, City 4362, State 58793"
77106.12338298073,3.5519516497871777,8.996091109592204,5.493076530055604,18747.92821852856,1834958.2653430747,"7154 Oak St, City 4363, State 65766"
50409.536278768115,4.278821412884909,3.5295127646014475,3.698381692728344,46614.24828385534,1338390.295247732,"5932 Main St, City 4364, State 27272"
89986.97790237315,6.0413121463465185,6.239814600391655,3.899525943091131,7615.65579719472,1859799.86444368,"404 Oak St, City 4365, State 69957"
37209.515394864204,6.250646341385406,9.924793670305412,6.790567644496596,9481.139798149306,1756936.3826308723,"3986 Main St, City 4366, State 37615"
69765.03343217591,8.444646611529869,8.387201059063127,2.319023720489675,51379.257125798824,2146247.940958649,"9365 Oak St, City 4367, State 98066"
44703.008255857814,8.330821789218675,9.734527646260561,5.868658684688963,6587.306671855538,2110073.8004980492,"5129 Oak St, City 4368, State 61739"
46601.3145953895,6.650932457636599,8.457440492934353,3.548166618541966,42684.7255785331,1677437.6576606734,"290 Main St, City 4369, State 58442"
48206.45542423833,8.246283866923811,9.12417377209501,2.1952730920627803,59626.33139889445,2086311.661132326,"9776 Oak St, City 4370, State 73275"
64803.635133958014,3.534187666349368,7.945707426122337,5.71285055371228,29696.21754717186,1898606.5136773689,"5412 Pine St, City 4371, State 29538"
34603.51850583579,2.4005162167463547,8.323514030920679,3.654559428391873,7914.628394594331,1330430.4405864105,"266 Main St, City 4372, State 25332"
65801.40968361884,8.989070581077602,6.662246068876505,5.610737593713983,51400.08422586724,2000738.320853637,"2779 Main St, City 4373, State 34594"
76053.67024032307,2.6044359501021566,9.46966390569893,5.538271915590601,65429.619410169806,2308094.669909583,"4467 Maple St, City 4374, State 70438"
73496.48564696926,3.9735074379519784,8.775272374363531,4.673934377165575,51616.14048378741,1814762.4655762587,"7553 Maple St, City 4375, State 13827"
64450.56903627365,7.5625515969950765,8.907194759659426,5.886865646052744,42599.07079518039,2056483.504620946,"643 Oak St, City 4376, State 56790"
105523.19472636773,5.275583501018473,7.711063706741366,4.905191620856217,19951.873942138904,2299979.5569125726,"817 Pine St, City 4377, State 69481"
43079.40231784537,9.010511759324071,5.132059629610743,3.4331842642413033,5999.4155628923045,1387865.8269129654,"2192 Maple St, City 4378, State 45436"
75512.70694032367,4.383838357298156,3.2494085677309754,5.670576505322095,50153.68705113846,1814803.8555819963,"9056 Pine St, City 4379, State 54587"
35583.72752608989,2.0949707733548744,9.549585905866811,4.945699079388618,20016.701429879045,1321826.6914612013,"7560 Main St, City 4380, State 52890"
36404.01109901188,4.405245124485953,7.1028424416384786,2.063636408449603,60780.574016853236,1407131.535488448,"7009 Main St, City 4381, State 46830"
81647.92647093866,6.624600393478653,5.087000798036982,6.508220888851547,35313.66772411973,1873320.4964997254,"6893 Pine St, City 4382, State 65222"
80941.65823990389,5.007507003226347,4.043945754932764,4.728218091621567,39491.31285420965,1764350.6277283253,"7503 Main St, City 4383, State 72519"
109023.01615600113,6.278982046070042,8.806662158505283,6.343136327397659,54005.87537731384,2546833.6882144324,"8748 Main St, City 4384, State 29184"
80208.63080940658,9.01278495068015,8.855641361133053,6.413684194911223,55662.98950721731,2382862.4126458988,"931 Maple St, City 4385, State 31633"
116381.19183643651,9.299880433842947,8.701555776913722,4.2248332836754425,46772.30415023693,2827576.564580911,"4194 Main St, City 4386, State 37045"
34382.53635599368,4.127792517232897,7.5155788437675035,4.538299982256155,65998.0680018283,1768945.133938723,"4036 Pine St, City 4387, State 79919"
38820.691630266694,5.697123786159206,5.562107713143131,4.07877193837801,68849.39836082727,1543203.896046799,"9962 Oak St, City 4388, State 65464"
33965.92754133433,6.393152121931609,5.1284919934617985,4.247183876540228,66547.5538843501,1358772.7459718585,"3151 Maple St, City 4389, State 30742"
46674.9165300186,9.592899655105978,3.059883390827191,6.475735794858639,58571.64704735633,1462566.745485463,"8904 Maple St, City 4390, State 12577"
78714.30998475103,9.988938553315077,8.835252910817683,5.940720069839555,50865.639315876346,2449889.070531283,"4881 Oak St, City 4391, State 63202"
88101.49632846852,3.883257990732213,3.612028882455497,2.6326283815778897,48116.18076230839,1749295.490898494,"3149 Maple St, City 4392, State 98074"
34102.664215380195,7.8158389707665235,7.415284986285373,5.051538907700479,11743.761499834703,1541606.1428830007,"8061 Maple St, City 4393, State 80662"
115137.38008610393,5.024248497865561,6.528524627880619,6.979533201931711,22646.482543242313,2240395.794050854,"1947 Maple St, City 4394, State 44340"
105794.88389853429,2.064865575089706,6.686825512484458,4.977753506162429,5369.734529409508,1791865.1751010972,"200 Oak St, City 4395, State 79604"
56695.12339413838,2.074020179487219,9.486989917154414,5.929358127965528,13931.641565209471,1742648.3673444951,"8282 Maple St, City 4396, State 81734"
36946.877720382116,5.684528060498046,3.2213050788986948,5.845307366905855,33549.916015997245,1422326.925517672,"6032 Main St, City 4397, State 51051"
45289.83658971515,5.906679304034677,8.413745572401407,3.7515876293616426,14524.875801289767,1384816.2170447407,"8132 Oak St, City 4398, State 22348"
41424.99723794754,2.1805575725875412,3.36436678857115,3.8592465135197944,63608.12195398926,1218495.080391313,"590 Pine St, City 4399, State 95558"
41095.54013690521,7.49541933419442,3.2670752415476403,5.6203821089520165,57370.44704679333,1405521.2509637515,"3315 Oak St, City 4400, State 34459"
76670.55197991605,4.352027108759625,6.0087238869896735,4.4999176580241755,9654.774285818685,1499229.5879607492,"4046 Main St, City 4401, State 93097"
52126.26982440603,6.479144812287595,3.441526220400767,4.85285354565194,21179.391505372292,1259027.0133084795,"1278 Maple St, City 4402, State 41892"
62232.574487623,4.40735258532335,8.524007659050383,5.5645289518241885,58239.67249974807,2020715.5034883348,"2966 Maple St, City 4403, State 18493"
119055.48000458902,3.3370745189544575,6.70694165553836,5.887875135195252,57197.99822639178,2397086.323383615,"2345 Maple St, City 4404, State 55828"
91588.28240328103,5.257389908791002,3.2032714786184213,3.3575828886653567,66454.28575765627,2014041.7293275562,"5164 Pine St, City 4405, State 37891"
115408.26003423012,3.858186918324006,3.2835048053734366,2.7339687971848146,69840.60450512842,2041772.571844109,"8188 Maple St, City 4406, State 26445"
42830.0899529804,6.2784078153533445,7.288679708176356,3.458973233618626,68457.55411067292,1595550.4715265452,"858 Oak St, City 4407, State 93260"
64392.55273493123,3.5906282422918396,8.642782723608835,4.537691625460377,31658.969071893694,1785488.197238294,"5555 Main St, City 4408, State 35393"
79925.86229541188,6.0672478131570164,6.064596718923415,3.7107065864851956,21271.348847132096,1666828.7857344807,"5016 Maple St, City 4409, State 30036"
36908.22556998642,3.2590281189509405,6.882064700749371,4.841813794237969,54296.662377759065,1378656.9747810946,"3304 Pine St, City 4410, State 59941"
30376.869926516207,7.36779767588628,8.59880617834931,2.267328620628142,24452.738028362,1608402.5319287248,"581 Oak St, City 4411, State 51311"
90339.09004172258,8.031501475531392,7.273543218292734,4.548752058068836,57416.023408536435,2329810.2010014034,"2303 Oak St, City 4412, State 41766"
87763.75651212918,2.88315387399947,4.573321663611736,3.8399245346885396,39707.057475865084,1760150.574873719,"5374 Oak St, City 4413, State 28266"
66970.99289996506,5.7424192962987135,7.29136418108635,4.673333774464412,56605.272890272005,1927617.121259614,"4346 Main St, City 4414, State 82583"
74067.96684288295,2.5669736052389887,7.397956213456495,4.112666774424884,22932.19218160568,1777958.766250609,"232 Pine St, City 4415, State 84684"
67389.87005328806,6.785459564336019,8.138748866167887,3.421129253187712,38021.775510998355,1915674.0533647246,"4730 Oak St, City 4416, State 54889"
32160.45403604,4.115234383437163,7.346119312897609,6.520539527288179,41661.54658414183,1630648.0065776461,"3537 Main St, City 4417, State 64271"
60183.44455957162,6.220995654709663,9.784694913206266,2.9238249421067843,66302.0244018086,2149348.585607101,"1303 Maple St, City 4418, State 92226"
45937.40298575608,6.1396880750743295,4.38101816101948,5.406827877902798,22328.842493977125,1369989.2482513434,"8506 Maple St, City 4419, State 97768"
38858.177019123184,9.394834769550403,9.657634756969534,6.62322356291207,65884.73555351814,2180263.9782988774,"7656 Main St, City 4420, State 27786"
116104.83905004148,6.392665780549783,6.768376432450114,4.693349798427166,57315.82950527153,2447745.3655055943,"4377 Main St, City 4421, State 54358"
83942.3752537949,6.663987837746525,7.703692983464384,6.3820424428974105,52508.113515635196,2402531.0754988166,"8227 Oak St, City 4422, State 32193"
95579.06558129424,5.213225006115042,3.696231182165329,2.624257392166422,56146.56749703313,1896154.722199958,"6031 Pine St, City 4423, State 81216"
58382.736893950576,9.592636825462534,5.664031589646749,4.468943851282041,44352.6279822037,1872251.9255944013,"4676 Maple St, City 4424, State 88429"
65383.241654461366,8.217487275516877,8.385654025242207,4.285126402404697,20865.200680061578,1944589.812107203,"5504 Main St, City 4425, State 37685"
51323.15945070511,4.2832423224227325,7.948377105692932,2.0405940351849745,17317.172974590427,1595385.9869366249,"2093 Maple St, City 4426, State 86598"
38726.91038688822,8.753676686209857,3.2809757171578715,4.216286706796673,61312.19333027538,1591271.8973126323,"9171 Pine St, City 4427, State 11484"
46112.84736974254,5.45917088148072,6.826159844480712,3.845148781912989,52134.06116872916,1628820.411599691,"3377 Main St, City 4428, State 16326"
101776.26407668373,8.629337148268752,3.617947350778866,5.348993638873077,18858.278379461688,1877862.335843804,"467 Oak St, City 4429, State 90075"
90979.12246653982,8.583104546348016,9.970995004247136,6.691648892882593,44981.068781836104,2472084.0491803926,"975 Maple St, City 4430, State 80723"
79223.59883869292,3.510961494102835,9.281076119733061,2.4289554413101824,34090.52129192455,1935175.1684154244,"7013 Oak St, City 4431, State 66624"
72758.08855800913,7.609129051068615,3.1475646229997585,3.6373819335731152,15312.586047601106,1680419.64683061,"2652 Pine St, City 4432, State 24963"
113019.0855290512,4.325143754452249,9.010547052318415,4.220323686971259,39570.71210821568,2366737.415424122,"1016 Maple St, City 4433, State 68028"
36546.145300080156,4.379941359941346,9.436007203908854,4.275926890171917,23298.74101031712,1524698.2480707637,"9649 Pine St, City 4434, State 58788"
55254.07319141243,4.370784615044646,5.474837557944186,5.874048604211269,11255.868070242152,1265495.8344545756,"8561 Maple St, City 4435, State 71790"
61494.40682136426,7.804545980479586,8.036511585334361,4.216978329167204,35352.2894054517,2102717.2345268754,"6048 Oak St, City 4436, State 82125"
100418.3230991509,3.8386083343402886,6.094726223454453,2.135806507268267,43357.05588608152,2021454.0348314813,"6217 Oak St, City 4437, State 76880"
119326.31581457742,2.007246681968722,7.5866273920344085,5.550520472964156,8048.916674774783,2186916.8781703473,"4118 Maple St, City 4438, State 37331"
51660.34632814377,7.721894827861065,5.382221830087341,6.424148475728359,31136.028711714793,1777849.3541048407,"9325 Pine St, City 4439, State 50632"
108687.66007233725,3.369477950681002,5.257914656432878,4.569523562748364,21748.024789384544,1905336.47872553,"1480 Maple St, City 4440, State 97268"
104756.04843886121,2.835859162462677,5.971037222003053,4.905542608492526,6992.288395970107,1857623.2038813704,"3067 Pine St, City 4441, State 69755"
50219.165787759,3.900128964752481,4.018974310567508,2.8146821948452305,13168.065724747878,1317857.0396249103,"2473 Maple St, City 4442, State 93408"
65939.93221793004,5.039204178581632,8.817972751047678,3.103229723394785,14037.22032319454,1798038.4334419265,"4768 Oak St, City 4443, State 28317"
66870.55823632672,5.807250619785606,5.440885267531456,3.175851195623059,16886.826127668122,1632801.1302684958,"5728 Main St, City 4444, State 47917"
118039.86016739024,2.3565603257010466,5.801046877340916,4.153709874406476,57219.54214346488,2260074.4468157976,"5753 Main St, City 4445, State 47742"
46280.27112410085,9.764586661018884,9.258382288915012,6.640726104478211,33566.97132107905,2123052.4003871595,"7091 Oak St, City 4446, State 46029"
101924.21739943039,7.728504427356465,6.4763666984422,4.60892383357443,14560.589497575147,2122030.4767059623,"9592 Maple St, City 4447, State 38858"
60077.34427557989,4.585552522594689,6.809777365456041,2.9604882260067633,11519.3028503128,1517856.0348723915,"9071 Main St, City 4448, State 74597"
95778.33111985444,4.549578058283179,9.69548687343969,3.330438679344748,24366.12981738754,2260409.017252753,"4769 Pine St, City 4449, State 87422"
67800.99038660966,5.588340394947675,9.207084682014925,3.920075148635921,56871.0087157894,2173551.2822061717,"5178 Oak St, City 4450, State 83582"
82052.3786804886,7.009958582104264,4.186266962219077,5.1162948784639966,28689.890116076826,1919684.6297238756,"871 Pine St, City 4451, State 16601"
104935.0595993518,3.170984532711742,6.312505209426735,4.200165765020027,15393.328419105976,1970981.5527603587,"8898 Oak St, City 4452, State 66261"
102374.90084854957,3.5114385101196186,9.799073591999818,3.962224220884625,31267.551800500394,2318111.868339708,"4582 Pine St, City 4453, State 49802"
107978.086518573,8.875476662668408,5.606564087600219,4.823643001994974,41095.251223658735,2277642.0348268664,"9770 Maple St, City 4454, State 61119"
35365.55928101931,4.0500393911125805,5.6010117596134,3.2091749747723273,6922.9719364709,1077013.6609532284,"9445 Main St, City 4455, State 70393"
92284.54977357703,5.04155998380142,4.365211622524081,2.3945163629229107,45796.71709361125,1903022.5705186608,"5081 Maple St, City 4456, State 74652"
42598.863904958656,8.970174807600937,3.8002617988338763,2.1220715741111107,30681.548945961305,1338169.7084878457,"3129 Pine St, City 4457, State 72577"
67423.67112165698,7.30518263519858,8.182133535291872,3.2562958173356353,5632.181883527635,1817846.2094258694,"5823 Maple St, City 4458, State 88117"
79372.95735492196,4.733695034733507,8.390213280910615,2.4579601707223437,48802.81093151476,2157286.5716351173,"8220 Oak St, City 4459, State 19811"
66246.55362721477,7.469596365796966,9.783090744521,3.681703192603834,51305.19631157213,2307626.7206941606,"1345 Oak St, City 4460, State 96588"
76765.05082227068,2.1574657230513097,8.413927476337541,5.864667701798778,45874.58625631438,1984129.8378975294,"7681 Pine St, City 4461, State 28162"
119687.36779187572,7.885141280090922,4.703467458235191,5.581471652434192,27225.464143897447,2241365.6508912602,"3104 Maple St, City 4462, State 15530"
42169.558234156924,5.896128324129916,3.280816048019608,5.054638113940144,39424.315514287475,1315390.112344925,"3089 Pine St, City 4463, State 33128"
90791.0440802783,8.505457178275691,9.898061690587621,6.262501219397394,30165.250898673297,2550495.540144427,"5172 Oak St, City 4464, State 39998"
65640.08697470537,9.637101216051747,5.38315486880524,3.4103381227213836,50540.41246038014,1920270.5982929857,"6594 Pine St, City 4465, State 98607"
41970.88190165959,9.406308395956547,5.1838007970269455,6.425268765149829,42932.71210518976,1656321.6867559964,"351 Maple St, City 4466, State 56518"
44286.30870368786,9.274120347642725,9.341686468245676,3.996195848345896,10316.942398784235,1946952.0849637643,"201 Maple St, City 4467, State 45320"
115434.57956210551,6.097359647471097,7.0956992898149025,4.0044665913331325,46801.08128423483,2399169.1392538985,"7156 Pine St, City 4468, State 58975"
109164.13470405858,4.881136913111504,4.504098216943942,4.026758068127608,49670.4969319571,2007455.694656115,"1052 Main St, City 4469, State 67630"
111633.77643735196,5.720282597845382,9.223673699013677,2.490471831204907,29095.64173995546,2408332.172716071,"7511 Maple St, City 4470, State 13558"
119237.94982446478,7.519168026506886,9.953525985383203,6.877452491655278,61926.07576238079,2977695.7732814616,"8299 Oak St, City 4471, State 13513"
48748.385100766616,9.071982214969495,3.606749928055815,2.692533889125796,59795.933064922574,1508611.331520217,"8309 Main St, City 4472, State 65374"
61989.54036276556,3.6558904240009564,9.035761398117412,3.7044286223459224,16385.82405348296,1698567.4242795953,"8933 Oak St, City 4473, State 75558"
90229.712693238,9.345545267693623,5.733609883790757,3.596501601633786,63777.31005158145,2230376.4425684013,"361 Oak St, City 4474, State 67560"
73542.22858745826,8.521441855759113,6.668507125546931,2.3733971640835483,33656.70414718004,1979689.100943047,"5786 Maple St, City 4475, State 27011"
67655.05800405002,9.830848121425877,9.403711830354865,2.7613006505593836,52043.727421229065,2326648.421449096,"3268 Maple St, City 4476, State 46526"
62203.012440203376,9.042014186253496,9.81365437042582,2.224291680926929,57916.305452870336,2160386.069912985,"2021 Maple St, City 4477, State 28890"
83440.2568749107,4.239498637535253,4.835147372861596,3.4620224678025675,37832.307369529844,1576936.3837459208,"4410 Maple St, City 4478, State 35304"
81803.40857760738,2.8476472907523815,4.489955396719397,6.333284620144532,30941.626059103022,1767499.426411036,"3329 Maple St, City 4479, State 92393"
44531.20506578161,2.897928575932709,3.563615910140583,3.6972110286869224,64504.33895998139,1196741.2508684914,"606 Maple St, City 4480, State 48451"
72456.58537665952,4.329786548626209,6.932584968634966,2.6184591603368963,20005.48094080251,1701361.57870721,"3603 Oak St, City 4481, State 82940"
79812.45985888649,6.913469791876314,3.095230768154678,5.22846934191959,21703.05505174439,1643587.8152782961,"3755 Maple St, City 4482, State 14847"
81325.82448582514,8.43456260877738,5.883288083269556,6.983004560274552,28505.32041087341,2073910.5513416962,"5679 Main St, City 4483, State 70489"
48909.64736211166,9.194002455852518,3.51368811656406,3.1616189476596377,60865.27556808676,1794189.989179776,"6098 Pine St, City 4484, State 79589"
96804.42530270581,6.990027074953862,5.836580480505338,3.3978550268528473,66021.23717384994,2520342.043252196,"710 Maple St, City 4485, State 60261"
32267.918533896267,2.04505050198443,3.279525324859265,6.859235271403943,19304.401459066023,826249.0607245129,"3593 Maple St, City 4486, State 24567"
61934.86699888464,3.490534212148268,8.846520824261383,2.8938814377524356,61151.55959603095,1992561.9031831906,"3960 Oak St, City 4487, State 41142"
100219.13836820702,2.7978096308269436,4.468172957569961,4.55607033729582,21783.192365457006,1729508.9965074093,"1491 Maple St, City 4488, State 70928"
80750.3628949862,4.90659580455208,5.298160972505384,3.1982606650804746,68091.68103874272,2017877.97349528,"4201 Oak St, City 4489, State 93401"
53504.618925977426,6.010807949069967,9.090335976244743,6.6617594895062195,43831.51297880285,2077550.122009969,"1281 Maple St, City 4490, State 41723"
92545.7807408743,2.3471774286284868,8.223862429325436,6.90760507288147,5460.620384079855,2076231.408012862,"4855 Maple St, City 4491, State 18055"
81065.1849740466,4.7878238063652425,4.533268531494409,6.073489230600077,7218.443764626562,1659497.9098356857,"8304 Maple St, City 4492, State 49848"
101661.92485107484,3.4334373970025807,3.5032959306024725,3.5739190790640527,14586.49450230605,1559747.1891970246,"8062 Maple St, City 4493, State 83929"
96152.2667570841,7.176561330070991,8.009716437987375,4.017437376402524,17192.255258219186,2260377.3955675145,"9187 Main St, City 4494, State 96672"
84909.71298326112,5.71417895459472,5.734917854816765,3.2115284183321067,54895.24298372878,1976221.3310307018,"1532 Oak St, City 4495, State 91617"
73935.99077797326,5.96254117547127,8.36255999382755,6.453789835044957,19479.781967101742,1974120.0494329445,"1618 Oak St, City 4496, State 34940"
41986.3913100771,5.421534304267689,6.117063406626473,6.57279138844079,67994.20530324089,1669838.0809432052,"3372 Main St, City 4497, State 32943"
53519.97160968454,9.648157683892535,5.422016890805935,4.094353311230236,46347.283718190985,1906569.5263943218,"5466 Main St, City 4498, State 86585"
67718.95256253768,3.717881000972506,6.158437857486776,5.2826653495150095,50013.63810147865,1924643.7044665257,"2238 Maple St, City 4499, State 75263"
83936.93583057498,6.1333140787509945,8.239912899694737,2.8277658988734693,19158.07375353849,1866316.1840828117,"4445 Main St, City 4500, State 15758"
76233.70696937744,7.8881389469226875,9.315542005782618,4.174679501817045,63025.91041618051,2404552.538885825,"3577 Maple St, City 4501, State 55003"
55936.60733635766,6.4547553050765005,3.3483703761200285,5.157495533367488,48407.94723329554,1509499.3523322416,"3976 Main St, City 4502, State 39658"
30581.79220107395,9.43216708573441,6.668780788588686,3.927015592590098,61186.36558222115,1587943.795254152,"5675 Maple St, City 4503, State 37948"
74661.52997107325,5.023746845130273,3.229848003587143,3.7879976284323,67171.27132002974,1720457.3497836362,"6790 Main St, City 4504, State 37749"
55706.33897060188,5.709406446185424,6.278866815170511,2.004994961334713,13166.663512123767,1387512.445610635,"2231 Maple St, City 4505, State 55418"
96114.74706394816,2.7081785217178274,9.196979803678303,6.021467318885571,11278.169967481468,1911574.327643592,"7942 Main St, City 4506, State 38680"
32155.163874343514,6.871992888415428,5.531131864942168,6.446688060107241,57221.50872832632,1508975.970581975,"6169 Oak St, City 4507, State 79191"
82634.50301752117,4.305695747584848,9.527152947564502,6.84731764772916,61298.19384112107,2212935.160205709,"5554 Main St, City 4508, State 11080"
114732.68137554589,3.282472316124551,7.4142593015542655,5.596356925346077,42944.492357069066,2222535.6579254162,"824 Pine St, City 4509, State 46018"
45696.834040034955,6.356250343236065,9.539087406551044,4.743961561849423,28790.03560378384,1691588.4672652693,"2116 Pine St, City 4510, State 83775"
72448.45416755357,6.258482107039285,8.300166377887638,3.3464225990435468,47420.92634488954,1999405.2560916438,"1441 Pine St, City 4511, State 10944"
38227.97926354244,2.6069731297923804,3.724046166541336,6.996497379817492,24868.164718509724,1073462.9746270264,"3269 Oak St, City 4512, State 29503"
86311.37210352175,7.585723627955782,4.61805957293874,4.948764272660528,20495.069989975433,1900344.3341123646,"6073 Pine St, City 4513, State 34930"
79547.85125366031,6.990177525206823,5.759193182084543,5.405770361652231,36729.43861927226,2010897.0459494675,"3306 Oak St, City 4514, State 63947"
66662.89717915491,3.5121382619719776,4.190748174084533,5.412030809776589,19049.998794414678,1461121.5147601254,"1918 Oak St, City 4515, State 43136"
76923.93193263671,5.755478897232351,6.464381233436624,6.226258978785907,36440.73454048624,1919610.7591415723,"1193 Maple St, City 4516, State 54953"
110691.71926221091,7.76258333182848,6.299577089910434,2.048362694234596,67179.42285513217,2370117.761939835,"7345 Pine St, City 4517, State 93473"
47666.48720799603,6.235485924330212,9.693814386191669,3.101234702156859,59585.96231513038,1871203.6730910253,"2811 Main St, City 4518, State 95992"
32030.80605348125,5.163912609468562,6.036095180271844,5.32767000085007,66206.00976750144,1470951.9883520035,"1064 Oak St, City 4519, State 93117"
107549.83962291908,4.578707664647549,8.499387630015985,6.4757286841228385,57411.383365078305,2536073.954019797,"341 Pine St, City 4520, State 45629"
81940.53741491158,6.883150933152429,9.593373813960358,5.426693909606781,28058.810836507986,2058157.4375292626,"9398 Main St, City 4521, State 68918"
110159.26099156581,9.512869586481925,9.138921816817899,4.067456457468401,57782.94050585134,2711215.7370072007,"3307 Main St, City 4522, State 73406"
83725.07010718553,7.373958723819867,4.460673371581143,3.8077774793513077,64989.52333095891,1969630.5418685537,"6363 Main St, City 4523, State 81844"
102914.49809637322,2.597967229090524,6.47220925977481,5.689740041416602,66557.32620940854,2240212.125627273,"3585 Oak St, City 4524, State 64455"
68670.6027019633,5.68547978785707,5.43417847607148,5.706188485685967,49407.860294524806,1681438.052199173,"1927 Main St, City 4525, State 79055"
97487.39381594419,9.12659305208502,5.799010865960509,5.035289962528452,18738.831847982357,2141125.388704893,"7788 Oak St, City 4526, State 12013"
112173.73202008705,2.755699406408695,5.525647783720259,3.457335120486685,7582.394968704905,1877504.5758129617,"448 Main St, City 4527, State 23465"
81491.06673499857,9.911005697100347,8.784514471225028,6.625774091952718,14568.014830410124,2094362.284951238,"4094 Oak St, City 4528, State 37487"
46270.66355061416,9.59255514916337,6.164973385857133,4.759399710593195,67760.54966310645,1809684.206180035,"1404 Pine St, City 4529, State 18077"
54191.78535271784,2.626195845839007,6.665860325712817,5.952461781241653,35036.29357253001,1551072.8084947746,"2711 Maple St, City 4530, State 56994"
47878.01192076652,9.46730656359644,9.877131499329522,3.0715413108091583,60574.090964083734,2188747.352241973,"5671 Main St, City 4531, State 97138"
52217.13248361596,4.905060722075698,3.419854905340615,3.7202039430736393,35227.869981288924,1347008.1526771176,"3603 Maple St, City 4532, State 98024"
57577.39044159328,8.7576733366069,6.415703478535241,6.372897581936712,47953.142924889566,2013911.9169066267,"4097 Maple St, City 4533, State 81652"
79962.04080778697,5.347066701706172,8.418431948622812,2.250535149699842,6569.150512951687,1732872.8548446915,"1280 Oak St, City 4534, State 75585"
82919.24665174495,5.526840901620127,4.058133707317586,4.561576556283311,21241.221276758843,1514363.5762833534,"5652 Main St, City 4535, State 52734"
68384.9772517675,7.073944727820341,7.280721162303418,4.408527399220045,33357.503202768305,1927498.6204590874,"7211 Main St, City 4536, State 91985"
85387.87018387519,8.195819354207867,4.676253456741268,5.75615094454041,45991.01806502061,1917474.2409283507,"6540 Maple St, City 4537, State 14223"
37341.74330502293,2.270313207585989,9.071828792571972,3.409468852996662,16148.877223456602,1309175.6159376893,"188 Maple St, City 4538, State 73046"
37900.9413352344,6.745247964217074,5.289697657800555,3.0953341092979976,54695.845177581854,1599014.7088367287,"2889 Oak St, City 4539, State 43434"
45464.65143218926,3.493863952778968,5.303439718306366,6.630664193866169,28686.305898855426,1414876.3004122977,"7580 Main St, City 4540, State 40798"
76626.97482363103,4.7675961429056235,7.187357149625255,4.8585482597923235,58133.292500202486,1959246.5471208526,"5139 Oak St, City 4541, State 79676"
49259.52108284822,4.783749329241732,4.2849403568393605,2.5234478414182724,11367.990875679374,1137318.1449945664,"618 Maple St, City 4542, State 89480"
55495.59631433196,5.752482721769229,4.994220472321427,2.9651808110716056,49184.17819935417,1639086.2080353308,"793 Maple St, City 4543, State 87721"
66028.15525556947,4.673091295009387,5.91642295083588,6.994130297571242,24066.341658423164,1718602.6641572858,"2445 Maple St, City 4544, State 30617"
103067.95116093419,2.858888947605342,5.475465041980772,2.978044981260962,56699.90631797017,1863046.3791434814,"1351 Maple St, City 4545, State 57318"
31247.59223215741,3.1650299082036115,6.674140526039077,5.052377556768393,31141.077757756688,1117153.0019966215,"2276 Maple St, City 4546, State 61358"
88444.09382129602,2.2675038844887814,7.197481008482764,4.1006403949780905,48247.72609713182,2126052.638715037,"1918 Pine St, City 4547, State 71178"
90198.88779366168,5.7619926826300345,6.966672176251152,6.427995474249177,65729.84246137078,2146663.4401707845,"9314 Main St, City 4548, State 86657"
101879.02023209729,9.635581558823908,7.579178183943526,5.775842961476639,6340.731080894683,2364652.1295564347,"7067 Oak St, City 4549, State 10167"
113947.76451542819,2.9254017891849324,5.154246616254742,4.984756981309079,5722.590851734286,2027312.4208456692,"4780 Oak St, City 4550, State 49543"
31812.406405436086,9.570115944024657,3.8849835900851963,2.0536949089899124,55068.151391486375,1459139.9095728544,"3257 Pine St, City 4551, State 99511"
43840.533496189455,7.866892117856748,8.32565279001754,6.398976037467298,47015.54834802508,1864805.5192735589,"9172 Maple St, City 4552, State 18982"
109755.41646503938,7.099990423473305,8.955462678414774,4.223337354193582,24043.681832788123,2273304.325717418,"1475 Oak St, City 4553, State 86176"
71266.67059683139,7.162222042588503,4.799043625557026,6.657888265092883,37135.785680327055,1696115.8208647198,"7472 Maple St, City 4554, State 83276"
80813.15750401172,8.613821187170256,5.849643693106138,4.477695064271006,7725.818263926469,1917423.5579625221,"9319 Maple St, City 4555, State 71541"
89672.44833508326,2.855358915038571,6.489984518744887,5.471122445913627,17508.96434848065,1955467.3180171628,"6027 Maple St, City 4556, State 21353"
91115.99440460737,6.038034588524334,6.733287899270555,2.3464632473332108,32592.26434426589,1945534.0148848076,"7307 Maple St, City 4557, State 72766"
113856.63629848574,7.576729106086068,7.616431197613563,5.725758267633929,59212.88705439635,2538982.451184309,"8944 Pine St, City 4558, State 56596"
119725.44756705027,6.694563560588509,3.2912226334872496,3.6899801565596144,36178.36688590552,2156619.812586343,"1233 Maple St, City 4559, State 39638"
94814.17148378462,8.662232568186358,8.050339579138118,3.756795071658904,43113.56279418862,2284957.450308449,"4729 Main St, City 4560, State 71285"
55849.90882846357,2.578173672090812,3.433797048855872,2.5932792235469497,61793.99647959573,1376328.1856648754,"7646 Pine St, City 4561, State 67226"
109177.71620649092,7.525608315993328,6.278019973710075,2.7342857432010113,25073.229383274942,2181874.039982338,"5046 Main St, City 4562, State 40089"
34429.882308668544,6.272221843077742,8.79369794898436,2.928795281031051,50545.45587163363,1661050.0830906155,"6007 Pine St, City 4563, State 99359"
50797.276758704655,5.033286911839547,6.158507192948774,3.641030842857112,61008.371814086466,1665036.6570974195,"2191 Oak St, City 4564, State 73182"
110764.71457173434,4.722199857872247,4.043628241377734,6.459849563878027,18170.020545251486,2128208.1990287704,"4215 Pine St, City 4565, State 75411"
53057.236299541946,6.966661062193543,9.895236915041718,3.8413011911504022,28171.08073460911,1987072.1031260872,"2016 Maple St, City 4566, State 92082"
49858.59536595736,9.127962997154118,9.224998234519843,5.621813532816092,68687.66130280809,2314326.7552029877,"4750 Oak St, City 4567, State 10030"
42431.27638262225,5.969407408808922,8.399195432575098,2.413737519449357,68909.20671175371,1719807.4919229196,"6602 Oak St, City 4568, State 53098"
107320.05818822248,8.597785312615361,5.880581220294473,4.955493996359963,19509.945469105965,2329344.507133637,"2176 Maple St, City 4569, State 96985"
75005.2433271978,5.21725105475174,4.286920088225084,4.4094561563521975,9318.979528020827,1596649.2229451404,"848 Pine St, City 4570, State 34276"
90740.38827487393,2.8191557023454124,9.589878269929509,6.889789734772522,22609.904735153435,1985335.535523377,"509 Pine St, City 4571, State 55795"
51515.97456675267,2.4920458916691084,6.726457885619973,6.231038849394815,30852.57722473967,1573051.796043233,"7978 Maple St, City 4572, State 24294"
98223.63789100948,2.4106749705894206,8.966488222712396,4.274148862193249,33665.36406052564,2065313.0577455151,"7776 Main St, City 4573, State 94944"
98400.49904658887,5.0412011356613595,5.39466504031598,5.875713820226694,45222.40997647754,1915441.347330862,"3071 Maple St, City 4574, State 32352"
58133.82224174701,4.6979020066867365,5.347018219556294,2.9651937064688876,63467.67940855052,1663266.5617858917,"469 Pine St, City 4575, State 96403"
66961.43697092545,7.743496188980556,9.898783364718273,4.81168163695889,26472.62077396556,2179309.6604206,"7230 Maple St, City 4576, State 33704"
48872.124968718075,7.9425720126789265,6.6528313394639484,2.373095277843541,60248.99480744855,1805674.996715248,"736 Oak St, City 4577, State 72949"
117890.49209906139,2.4068317506699186,3.984867967025224,3.7404451612584153,11076.129860230749,1774716.0915404584,"8170 Main St, City 4578, State 91573"
88104.23193525705,3.7689861031121197,4.537722745962952,3.1293109081108517,7721.8554332589565,1531939.5147489998,"5822 Main St, City 4579, State 97596"
114108.9492643964,4.194094801271198,6.373609955749045,5.594549076626055,37762.93690302498,2463992.9869155097,"4478 Pine St, City 4580, State 84639"
57304.69892662199,6.380895873142475,3.297296373418879,4.450453456071807,8878.044516489317,1215522.3802085903,"4389 Maple St, City 4581, State 30820"
100370.18216972008,3.156121791255602,6.2377378976481035,5.755352394240052,30511.83708022496,2073038.898535876,"8911 Main St, City 4582, State 65833"
98927.27794962678,3.071529755200003,5.932585894560893,4.576477188157228,63290.57759650023,2072745.6395372557,"9566 Pine St, City 4583, State 33758"
92249.00866798873,9.550311113663664,8.455353857236409,2.4324222107581925,20696.39735348577,2167441.9534054548,"5056 Maple St, City 4584, State 90801"
116907.50777401203,8.433623258382248,5.4845937514246925,5.676838248662634,50888.42538311871,2449431.1100858226,"6011 Oak St, City 4585, State 61961"
65419.9802495684,3.4452392167293624,9.877841330777196,6.166146319939028,24653.750505354346,1785648.9481604088,"6036 Maple St, City 4586, State 67848"
41764.55912307816,5.252542463243928,4.2653894351063215,6.517656129563963,7919.803590738815,1197083.5303614114,"6129 Oak St, City 4587, State 48746"
90453.79733196547,4.844975994060524,7.1369067947769445,4.859959726533541,41184.88779167011,2064769.114775633,"4061 Pine St, City 4588, State 78520"
95637.88204294855,8.328032592523257,3.627895079057782,5.767926794997475,59265.47688488886,1977265.5387947266,"2797 Main St, City 4589, State 95846"
81755.45161129332,6.0817033318249765,8.137047887957873,5.7602216844131355,31615.449142270263,2154125.663833363,"7957 Main St, City 4590, State 84216"
48613.61038200566,3.022797895947736,9.9632758164338,2.7787487989947217,45124.09871977566,1646944.917409714,"7312 Pine St, City 4591, State 36834"
75401.03475024199,7.911936505249951,8.733970464261425,2.821103437297854,63501.53384775218,2105293.4864621726,"2714 Maple St, City 4592, State 35826"
58097.076291221645,5.175103825799352,6.889924785042108,2.3544275290456307,56330.1433279042,1635161.7059336056,"6119 Oak St, City 4593, State 24707"
68471.98753500202,4.1033939810571765,6.393189501797844,3.5995681757015072,17601.965960533256,1814937.025803967,"1415 Pine St, City 4594, State 34975"
88069.67182601975,5.003988976165761,8.845209728867928,4.367542938705323,52669.957358725376,2035082.6061458227,"4056 Pine St, City 4595, State 13817"
97069.32684217511,5.982052508855171,9.55181859297507,6.989489263771085,37623.046635409875,2475353.6012696764,"6483 Oak St, City 4596, State 84853"
50900.22218112088,4.7449241313360755,9.92444568058665,4.154966710340847,53487.842512595504,1857128.6695962187,"6202 Main St, City 4597, State 61755"
66479.2824582258,3.9352461807340626,5.775774592951389,5.6312129425368544,37143.51078394418,1643258.2260991426,"1566 Maple St, City 4598, State 96539"
54224.54138924663,5.188016230431843,9.936422323561587,5.466985131362673,13317.280667039686,1887549.0614430972,"1316 Main St, City 4599, State 14119"
47876.84524756822,2.153383285999186,4.09148376521682,3.022409751252898,42044.11403480054,1270131.0521884689,"1655 Maple St, City 4600, State 75777"
100504.84979962546,8.179982768770511,4.774848431523364,2.2925357572471823,36988.70950582709,1981685.489287021,"4299 Main St, City 4601, State 45837"
111832.74249932932,3.3675591485406864,3.6231128731372735,4.730033757667938,38664.912686693715,1775997.587771487,"8486 Pine St, City 4602, State 23398"
63320.8967116119,2.351236909045098,4.902169615391371,5.50152796157238,62128.65948698157,1680847.6154518267,"4306 Pine St, City 4603, State 62225"
97615.10319363902,7.229589543240634,8.375562861326078,6.99125895093128,63164.408035906345,2588473.0660129124,"4071 Main St, City 4604, State 72402"
110729.576042797,8.191489030589377,8.970470507249148,3.7930552614058537,34479.91193977169,2492202.1191995856,"9684 Oak St, City 4605, State 69604"
106151.17894772084,8.510633052742746,8.452248515718003,6.481822810405483,34622.58268320574,2574985.3594808164,"8578 Pine St, City 4606, State 66834"
46453.204968530335,5.9480734612848,7.417460447173874,3.909662279345932,38487.15232672004,1620475.2404398778,"528 Pine St, City 4607, State 70694"
116066.26933620252,3.6429454775198824,6.597765587658519,5.447058542152564,38773.3030917267,2145205.7294704327,"5086 Oak St, City 4608, State 73052"
63900.87963865162,7.897821417998614,7.960930024495525,4.99126465258526,66775.16437164231,2154784.2487939657,"390 Oak St, City 4609, State 30022"
60531.65950564527,7.597704617234697,5.735834844870553,2.2648939665129846,47211.03037953708,1799973.8585100586,"3793 Pine St, City 4610, State 27224"
35618.81945500023,3.970165872825386,8.889158460497914,2.3919421348512926,23034.704667716356,1483685.979370469,"9570 Main St, City 4611, State 10234"
73755.62886943948,9.227262046902343,7.740330657837498,2.103820448622305,39549.89180200935,2129926.1841428946,"114 Oak St, City 4612, State 97999"
39811.22540768358,2.834971664662632,7.8846328894608595,3.8541704229699474,45769.53288901888,1439046.3582721162,"3139 Main St, City 4613, State 15159"
52368.58388346834,9.861505916730605,6.751551951903499,5.729005243830054,46585.16186590769,2119869.369943759,"7901 Maple St, City 4614, State 59562"
58524.83595905533,8.881982487819716,9.196602889478207,2.8637769699536135,43041.524705481876,2031958.562231951,"1319 Maple St, City 4615, State 10066"
102794.36911425156,7.503189163832602,4.764103135753367,5.029264841919479,16552.850050399928,2005982.03055634,"6547 Oak St, City 4616, State 61405"
108793.97853563068,9.509999106238663,5.668033573527355,3.4441389001553895,7183.557290167986,2024258.7890841432,"8533 Pine St, City 4617, State 32337"
57221.96857153227,7.778489346589662,8.443497987743823,5.984963119895361,26959.798403845536,1931586.3620506718,"956 Main St, City 4618, State 64785"
107282.83091201165,3.5236559762403674,6.449242272905364,5.9919807450149545,32788.94004641648,2161878.386032247,"2011 Main St, City 4619, State 44656"
107150.7843632812,5.537249104902494,9.224498093969336,5.877072574832118,9017.27557244563,2383979.7627719417,"369 Maple St, City 4620, State 92913"
98818.58553463862,2.572024194653083,5.424795238339966,4.624167569006884,57972.876971289996,2135554.1697915723,"8274 Pine St, City 4621, State 10002"
43202.560261366336,5.117259378304923,5.585311181737513,3.4228335503992584,27365.033438167793,1426247.1293532737,"684 Oak St, City 4622, State 62879"
92129.0562210656,7.932824157897669,9.221150525706378,6.047220219393173,64386.128501602805,2586662.380831829,"764 Maple St, City 4623, State 34841"
115052.16581225119,5.091546807446539,6.250592241274287,2.9305028096962076,15036.657009747236,2023615.2359849724,"2483 Oak St, City 4624, State 59876"
91428.64308904414,4.642353403745073,6.612872089417407,3.44879801014328,8700.772200925374,1756227.6287167124,"2841 Maple St, City 4625, State 94343"
59845.516419705054,6.762845780082495,5.329346007349756,2.919738530803108,36350.54678511091,1729314.875105619,"5382 Oak St, City 4626, State 88590"
75052.13856877483,8.97763623199116,4.936689595253574,5.371050801938239,17293.40689367093,1937043.9586079847,"2476 Pine St, City 4627, State 81533"
88115.25390159483,2.3806655403688994,7.591640975868744,5.431180140579091,65930.95291256098,1992405.992799193,"7425 Maple St, City 4628, State 97258"
75951.33678556532,5.083763477597883,3.838884630788427,5.262549963933765,5669.7208994930315,1579347.0043294476,"2292 Main St, City 4629, State 31418"
40795.764755787284,3.2659259345221017,9.154908488280364,4.078007334323339,31820.27887883727,1650126.6069098776,"4399 Oak St, City 4630, State 80482"
58085.76401868186,7.562834005854957,8.454421957355756,2.500855036007166,65238.60513743594,1925190.885334002,"8239 Main St, City 4631, State 13661"
102215.64274982693,2.845796483449079,4.33523784594062,6.555847922575106,29987.183437434942,1911922.3146893186,"2565 Oak St, City 4632, State 80463"
107527.62414859657,7.318462068641956,7.858139620771958,4.538654820061191,11052.103239029948,2156316.0294286245,"756 Main St, City 4633, State 16179"
42357.00294440132,4.289446966383259,7.2184304489994435,4.034860974555457,24688.17128601616,1217074.2025825272,"905 Maple St, City 4634, State 95407"
115714.80771588521,3.5913345098977976,4.291745355156509,4.944124466241466,37370.67559923818,1999221.3016804927,"4061 Main St, City 4635, State 73975"
59594.03560637484,9.490820462599883,4.912424542351627,2.963952179095529,17034.85967731665,1663349.676866821,"8971 Maple St, City 4636, State 23119"
89608.23648576479,2.148196613967647,5.86290552613684,2.662743895524372,35326.51083431202,1717532.4281959576,"7489 Main St, City 4637, State 99656"
97664.2631361013,5.5022181751165515,7.894699146718317,4.027626107289718,59362.30772607944,2587680.475422192,"1602 Pine St, City 4638, State 13843"
103075.1611174095,2.1730159396943503,7.471063861719042,3.1361034704995525,61720.16806277985,2177656.584448719,"6268 Main St, City 4639, State 13675"
115117.47320033371,5.868744384834632,6.725643933736885,3.221451472685823,8201.947756197587,2135030.9308354524,"1006 Main St, City 4640, State 10231"
58162.759322594036,6.008379022355346,8.378873801798239,6.462557438892647,15458.718273417277,1866485.8933528417,"6577 Maple St, City 4641, State 63738"
107265.5809096399,4.573299771157976,8.305564177243163,4.653795885929124,22893.85882484227,2175717.202095826,"2134 Main St, City 4642, State 93610"
41851.82130925864,3.0572942202001894,7.3250140784357916,4.4173453216167555,43666.28030769412,1601183.7177737863,"1224 Maple St, City 4643, State 28587"
93453.68157182334,5.0111003018758025,8.508930583693775,5.447397968642987,28464.659321510364,2207651.7077920767,"9090 Pine St, City 4644, State 17882"
96777.99565625873,7.378103519460528,5.339843623454464,6.757740568383698,59862.6593739949,2297435.3067227053,"8344 Main St, City 4645, State 60503"
90995.09170811884,8.259166469155673,9.16874669825824,2.56099282235282,51583.67143839094,2328745.095975477,"172 Main St, City 4646, State 31241"
52708.326252163766,6.2460048191051385,7.304370600613585,6.167672835546286,11529.641502378034,1509978.5114593506,"5818 Oak St, City 4647, State 45967"
108573.88323136831,6.718675155518045,8.756544596687014,4.92009589933923,45596.23766328593,2447641.614213424,"1360 Oak St, City 4648, State 56837"
45197.26170333555,3.6049309689972215,6.8239537335319875,2.7308267690591865,12345.820647553597,1350052.7561013082,"100 Pine St, City 4649, State 29826"
34827.131236874775,4.298642665821196,4.529067714920762,3.4857465934449583,21577.318526369905,1093517.9053141722,"3050 Main St, City 4650, State 36496"
94571.8491550721,3.2951648804188673,6.796870900748161,4.411807082323698,16561.591179724823,1898561.2927065894,"8620 Maple St, City 4651, State 21159"
72792.81437094603,3.9943628000368907,5.5977816464361165,5.455885722887115,16249.026698045822,1597154.332917406,"256 Oak St, City 4652, State 92640"
106418.82179628084,3.799094241804254,7.882493252259661,3.2130350847672613,45065.70911049585,2249519.9367919434,"2001 Pine St, City 4653, State 45775"
64505.74269524331,6.155590291129901,6.3305565421431504,4.674394077337949,41634.3199660205,1710002.4744430894,"7947 Maple St, City 4654, State 23696"
45145.072965694155,6.501510046325835,8.852789634493814,5.423358137079308,16441.829931202246,1748948.2976896372,"6191 Maple St, City 4655, State 47880"
105279.79732228827,9.559579366572036,7.746507586253417,4.243703754237531,69361.23235219807,2560519.408204735,"1732 Oak St, City 4656, State 61329"
79401.86684760645,3.5645651768121844,7.791811031219268,6.315129805600879,32419.387603939096,1793314.3477888734,"1581 Maple St, City 4657, State 68337"
47027.62131513194,7.1334056812919675,4.520087334437455,6.347295514202022,11309.50633007088,1419004.468744492,"4591 Main St, City 4658, State 26465"
94834.55987278011,8.538074151900183,9.889748365439033,4.353456088202229,12836.986102082483,2514849.546096217,"3851 Main St, City 4659, State 99112"
76000.22746405505,6.48193171026442,8.891726464900422,6.864628552044498,42953.091392228656,2070283.650083685,"7502 Oak St, City 4660, State 60607"
84388.16840162879,4.040029220008606,8.523034191924863,2.3779254620272363,68639.51121992574,2154200.4253705726,"9390 Main St, City 4661, State 73461"
71480.85043859237,4.100401840160002,5.311506576120192,2.016811891614683,42176.82160524786,1695895.2935846415,"3113 Main St, City 4662, State 99482"
104583.80854362057,2.3140244245679993,6.7494215699306235,3.9033413190195954,66687.69598008142,2382034.8202444958,"8108 Pine St, City 4663, State 67904"
104660.64441147448,4.4435538123878535,3.9597223165203004,5.005485306862546,33868.635299271744,1855776.3575133279,"5382 Pine St, City 4664, State 44872"
93844.99396419476,7.956829432027041,6.769331836638942,5.146000787248305,33329.67173738078,2135666.2800183366,"2054 Maple St, City 4665, State 27328"
39486.1239656816,2.380142057656883,4.021224725383011,4.382228681469143,37500.478355532345,1037866.3531981102,"8086 Maple St, City 4666, State 19106"
105496.84757136619,3.7543622600386453,6.871264907927209,2.624416566203231,50332.654780111094,2236835.1857210454,"8354 Main St, City 4667, State 64888"
90391.16824796188,7.6498599882542555,7.541053161084339,2.8524876089394713,28895.037819336623,2032997.3192200386,"775 Main St, City 4668, State 33055"
92732.17494038696,8.261212502583014,5.731371770749316,6.260739919260046,61152.59212413221,2255417.631213893,"7227 Oak St, City 4669, State 42648"
62668.455636348444,5.642547280495427,6.489814148319052,6.339555658696306,6903.290009929506,1467806.3843271912,"4045 Oak St, City 4670, State 62132"
109135.1600541306,7.584594707829191,9.129573713722102,5.369492689303601,33584.67267684875,2618352.561361738,"4907 Maple St, City 4671, State 52373"
95283.44402113717,5.103617349239136,3.7599420129196655,5.3210898613944115,38214.47024869466,1975341.5438700102,"6396 Oak St, City 4672, State 13388"
40133.1419876275,3.27930596019302,8.54213025099757,4.988410640139038,44457.09548710125,1705182.4409638455,"3204 Main St, City 4673, State 86357"
66700.02309655465,5.185195948183252,4.195281856973375,3.014629428509941,22944.67430378111,1306512.3031714112,"572 Main St, City 4674, State 58877"
109774.23257641275,6.639742561625143,3.2569558796323985,4.141253501299516,32786.19811407929,2039169.6239032892,"3928 Pine St, City 4675, State 27228"
34247.70315276411,9.584426254823121,4.299022219215335,5.479473257316894,36494.95376391368,1345212.0498726994,"2666 Main St, City 4676, State 62742"
116527.49576778445,2.5500076167094186,8.355302329793428,4.686261360016694,49649.14861440886,2355837.138975759,"8735 Pine St, City 4677, State 49381"
91124.63114876064,6.059152750759685,5.83588251335802,2.092901670275496,55280.37200782791,2040771.2182400164,"1370 Oak St, City 4678, State 18052"
86823.83798790388,4.631358225685795,9.107643617923273,6.767784033600492,52958.776277346165,2327263.5048027625,"3060 Oak St, City 4679, State 48306"
54350.33308391922,6.066493554213556,6.672952788275861,6.224080262860717,27202.898398823043,1756864.7847556225,"1726 Maple St, City 4680, State 47334"
52391.26098652594,2.1918035790122534,3.155752463484317,3.3027250705486892,69964.28399447764,1334062.7976275391,"9592 Main St, City 4681, State 21495"
114785.2397539736,4.504202837612651,8.016995267213488,5.082294675831481,60163.24526616666,2271464.2761303703,"7858 Oak St, City 4682, State 17826"
56844.52088107105,8.558945180216039,3.771630361048629,6.616196918640939,21901.51925442298,1659628.501416699,"1330 Oak St, City 4683, State 95242"
99795.47670470994,6.4315338708371,8.525657434233471,2.4800550605682568,17681.87736873379,2174155.9081011233,"2899 Oak St, City 4684, State 92443"
65380.96183863712,5.604659942528939,4.17671784863626,4.515147403983503,25411.38128792038,1440429.3928257024,"8847 Oak St, City 4685, State 94873"
42532.86637062336,4.284200573722717,5.418124700638594,4.281215129231473,34402.41544497692,1216497.4574316249,"3190 Main St, City 4686, State 63191"
30964.376792582305,4.384340182330847,8.328900007377523,4.051025026417662,60301.9595907749,1772215.5449714076,"4083 Main St, City 4687, State 38638"
78983.16033137258,5.064811468724676,9.679619502334951,6.177943044464625,55593.54714664474,2403877.8178329864,"8457 Main St, City 4688, State 78870"
117820.09366940394,8.684565679716483,5.600037654527126,3.9032307334872867,60330.99802788194,2549779.885916807,"712 Main St, City 4689, State 84640"
63222.257442828406,9.737705654466147,8.805801541392551,2.318316666205038,22677.21246917135,1938877.5516715331,"5711 Pine St, City 4690, State 52694"
62147.31005937404,5.509243050802996,4.335545858330871,2.3291887108215126,43574.97945936935,1279829.9252007003,"9638 Main St, City 4691, State 71193"
60968.24560644979,5.146822709982095,8.650258391417438,2.213723032623045,23411.18904802934,1818979.8166393593,"3835 Pine St, City 4692, State 58945"
76848.94535743726,8.772406206558902,7.602458414793757,4.045727109370186,12086.505446767054,2033779.4549862668,"8900 Oak St, City 4693, State 49978"
69659.83950818641,5.415242565090429,4.349204550486579,5.5920313884918,49472.853325854245,1692955.8647521194,"8613 Main St, City 4694, State 66809"
109192.31640543131,6.41614537836521,5.117527722459881,3.0186123096525774,14294.84082770352,2096645.8548672465,"7734 Main St, City 4695, State 19190"
75496.87125511412,3.8475333167899555,3.922396220179252,5.232342602157747,48400.354510920646,1744908.8800205998,"5828 Pine St, City 4696, State 18484"
75698.20543697118,7.948020286232602,5.6807690774501935,5.435442360518521,47117.6798188516,2025105.813610256,"9433 Main St, City 4697, State 37357"
42453.443524850096,6.255906546166255,4.425540487862942,3.2760106200779897,57666.1488875611,1481489.9064131058,"7808 Main St, City 4698, State 59188"
118446.55868193474,8.472276401922734,7.507985675413314,5.002788280303147,14071.049296631685,2434253.9276007703,"1445 Maple St, City 4699, State 63543"
52497.560178194675,8.245861840229358,9.961535729543911,5.424341700134237,55926.20965307271,2244546.838709793,"6579 Pine St, City 4700, State 34288"
36602.76607136424,3.7200381461602285,3.084064141589849,4.333068114010628,69952.97418650541,1192763.9790473888,"7794 Oak St, City 4701, State 65869"
89683.16240776879,7.725084404462099,6.786438693011091,3.6835829864004754,60317.75915808364,2280695.537302616,"7862 Maple St, City 4702, State 66335"
83582.97331411854,8.400435263610971,7.015666182843068,5.095757757871636,53867.784961298305,2147257.354044861,"6421 Main St, City 4703, State 79914"
67363.10885934712,4.768857926259161,9.399461527765684,6.889235436640284,48040.74805515599,2244567.2276778957,"1663 Maple St, City 4704, State 14302"
67997.30104926103,3.3808729032181963,6.542037343368563,4.134207046844891,32415.796504552913,1711697.6942086397,"7831 Maple St, City 4705, State 28908"
100655.7528941788,2.0210572446367054,6.805909937514422,3.958675481425605,52482.510912954145,1964433.1790184232,"6736 Maple St, City 4706, State 73887"
47614.13760896842,5.607229224745185,6.301569609298721,4.321334512130567,52071.572284129456,1658685.8852583803,"3017 Maple St, City 4707, State 47062"
103822.79870504007,4.819461852310733,4.88233013193037,2.381091967225241,46047.388374673734,1886078.5531076887,"8136 Maple St, City 4708, State 33599"
88387.24025055164,6.439278670603271,3.3922039327423956,4.76581639835695,56758.09458935885,2054388.8993226537,"7990 Main St, City 4709, State 52477"
67707.2796401572,3.504328740710286,5.860603775468853,3.643486936086318,34169.65274774426,1763578.0057430263,"4199 Pine St, City 4710, State 59157"
71222.57549254817,8.877324381331801,3.3681402986847497,2.6071106116563123,12881.426288605391,1637786.0159358531,"711 Pine St, City 4711, State 12150"
53098.248646748616,4.062041725024877,6.853447286261424,4.331283705586866,41339.40229460043,1774661.5350257095,"6843 Main St, City 4712, State 96442"
97690.28994272773,3.8114368407012,5.151055502696051,2.0169199328698872,22227.82936623727,1766385.5213825542,"5809 Main St, City 4713, State 41435"
76158.7268074741,5.845712451874848,6.735216810677995,4.008926225813795,29988.151332894766,1939250.0356790905,"4951 Maple St, City 4714, State 17892"
58876.90884748592,5.990808189954194,3.9400787507663066,2.5286763396322525,6131.968756179692,1432508.3841947152,"5554 Main St, City 4715, State 82690"
83644.51041848553,3.7206818302807427,9.528409760175517,2.1214635169989013,29881.388214662416,1997228.4635446211,"7140 Pine St, City 4716, State 95902"
119616.10068461907,4.174885813807326,9.261648704849545,6.12237523122251,57572.07189880455,2624479.196086953,"178 Main St, City 4717, State 20802"
69173.60516908985,3.3576419132419595,4.329975564415991,6.581244016413174,40276.95385098656,1698203.9423964936,"4514 Oak St, City 4718, State 17774"
112862.22607007576,7.747681426585334,5.404109983058069,3.0383732417955334,5637.034250708118,2132321.295741676,"242 Pine St, City 4719, State 52339"
61051.51559321095,8.160712250032656,7.294449402963857,4.696491319171306,35539.848315590076,1845154.6298038352,"9789 Main St, City 4720, State 23749"
34925.94362324873,5.698627979674261,3.6698034511413438,3.3897907856549248,23944.357096951484,930507.6832347661,"7396 Pine St, City 4721, State 76836"
48381.7895731586,7.71269618148014,5.481974747813055,4.467887193360911,36040.79260081612,1604698.4571758406,"7924 Maple St, City 4722, State 64069"
67682.56289949158,7.887483135499564,4.757786007733043,4.183156604470801,31305.02689411201,1524151.0810707037,"6674 Pine St, City 4723, State 98563"
49767.14357351121,3.1062042214224688,9.408617101016876,3.3452552754024283,65578.6492712298,1734820.1858952527,"9981 Pine St, City 4724, State 24384"
30020.433439643,9.729424198676295,8.967574454024437,5.501967898176488,7676.5244325960275,1620094.4640404359,"6238 Maple St, City 4725, State 36348"
112350.13839727745,8.568255576771449,7.058829188868047,2.6324547966012712,49433.220733325594,2385896.014391444,"3806 Maple St, City 4726, State 40973"
105949.1470107836,3.635867689566588,6.642424358101019,2.2653639108568355,60316.728759613194,2224267.178774372,"8122 Main St, City 4727, State 65301"
96806.30083382524,3.489320285968562,9.51508056181778,5.838377165186396,67350.5080022809,2519407.276622125,"238 Main St, City 4728, State 57693"
45103.31360814258,3.005289164636662,9.526994480851707,5.3296501561033995,16546.354725379235,1656952.5030721142,"6164 Oak St, City 4729, State 65671"
40832.721858898745,3.107028500335347,9.785310877461622,4.49263062073199,39534.8121278026,1742207.1906698379,"2455 Pine St, City 4730, State 40689"
36084.42745251449,7.985294392229569,3.8776521887573137,4.338948852362708,7833.322525618774,1305268.2930730483,"6224 Oak St, City 4731, State 21575"
95162.62698956291,5.757234055612988,4.1239046753421915,4.487056897457132,37446.92908958075,1641563.6999531793,"8169 Main St, City 4732, State 48951"
113592.71646190967,8.263473381918939,7.7371568907592065,4.185120380493364,13154.775820163824,2360420.643692112,"3425 Main St, City 4733, State 26469"
68748.22388217333,7.970039154801643,6.7900413362689145,3.9644614791558954,59463.283855416375,1865791.8949980866,"1579 Pine St, City 4734, State 21678"
40722.660479644335,6.836901708041773,3.129261334252652,4.498453014430602,12401.550169348715,1247287.88578556,"5702 Pine St, City 4735, State 95634"
76115.3538658896,7.490932852629436,3.4338252519266357,4.642575855798802,38363.74342512219,1532191.379512104,"9464 Maple St, City 4736, State 38389"
61394.87167127671,2.1468457950331343,9.216562675811636,5.459511570418105,38871.244484528994,1798713.736529473,"9817 Main St, City 4737, State 94328"
63734.243191499794,4.494221174440176,9.082095568775703,5.556035803670113,68157.28236555436,2150865.599678897,"6319 Pine St, City 4738, State 29235"
85919.75617401366,7.102577434075282,5.500896453972317,3.888145400700723,47573.74511252773,1897135.4425137152,"1398 Oak St, City 4739, State 62393"
94684.63019359822,2.0747596278899536,9.237354318513741,4.067702613717444,23709.619049992125,2126323.398524385,"1531 Maple St, City 4740, State 61613"
39954.32389858448,2.2638155494607473,7.155725520785312,3.8684858486811153,20651.955145979002,1355168.6263072104,"7986 Pine St, City 4741, State 82878"
33203.12077258287,8.815103859763067,8.641339529132313,4.682678868128551,13336.133366929218,1709337.0655068608,"5248 Main St, City 4742, State 93269"
119489.72724171434,7.472198893536574,5.9920174981215,4.266767689570976,54173.45706318887,2516539.091697819,"2746 Pine St, City 4743, State 56278"
50945.551402399666,4.122957864962752,3.7937882914143612,6.447982315680968,49899.18265185201,1426121.8445383066,"2848 Maple St, City 4744, State 76162"
34844.74724176132,7.503702720949672,6.036089438522113,5.481806334582362,44642.01327502689,1609375.9063351518,"5586 Oak St, City 4745, State 41143"
47088.7796186328,8.339653353114105,6.2010985859782854,6.493281918772228,7654.628791749243,1618035.109465629,"7592 Pine St, City 4746, State 37521"
33506.20617136178,4.45435426488081,6.856609356884221,5.545684957797128,54583.87631562914,1544343.5593588408,"7131 Pine St, City 4747, State 20613"
65262.98051554545,2.2882990199934996,3.739078990330996,6.85496074261907,46722.69251465115,1438230.252568729,"8429 Oak St, City 4748, State 81403"
102216.16060061919,9.462232997501875,9.93981304134728,5.1786838912763455,67652.77642718174,2659829.4865909964,"9160 Main St, City 4749, State 99125"
60712.00047819485,4.761438706365044,4.708957745648345,6.817750690815274,43168.138441992785,1608595.9377575428,"6008 Pine St, City 4750, State 84747"
69976.50661905299,2.851854106277651,4.38986682475965,2.7908494520471305,24756.87393301103,1361862.1799922267,"2007 Maple St, City 4751, State 19033"
90802.8096210695,5.934854971145179,6.687620431991556,2.2623884041470195,29798.835892305815,1882973.2121615286,"2204 Main St, City 4752, State 74705"
75800.46630628922,8.147742365313071,6.76045725576422,4.895625926019296,16429.64584958511,2020450.7469991902,"9005 Main St, City 4753, State 65935"
107530.11174191917,3.7731785169404732,6.07874516483271,6.9174660289988745,51989.42184309004,2100510.0847526877,"3198 Oak St, City 4754, State 33790"
107943.21075411809,4.155920401066907,8.403245024276782,4.088026236511984,51001.907901412145,2319987.140249965,"9257 Oak St, City 4755, State 28892"
30891.96259420383,3.9417198943886653,6.616580805100218,3.060216810964798,18042.25100604896,1333983.815584803,"1719 Main St, City 4756, State 21524"
100024.16758348793,9.933384422653425,7.267868186014889,4.607707245967569,15301.806006848108,2383993.534521964,"2594 Main St, City 4757, State 43466"
71466.02402175065,3.5792298698443403,8.066224697854498,5.243993122894443,10005.32065814265,1867895.4950253582,"7569 Maple St, City 4758, State 68288"
118995.64871732968,6.604161735728992,3.1751757109470664,3.5758934775794446,64278.42333931431,2143769.494122044,"8329 Oak St, City 4759, State 88716"
73490.88682878917,9.402117133255715,6.994509277815314,5.5738467924962976,20149.539190165324,2110967.3794743884,"2703 Main St, City 4760, State 77764"
118820.63508494677,3.175172551022234,9.189361298598584,6.8755725352286285,27370.629238867255,2318937.1648418484,"4949 Main St, City 4761, State 30186"
97911.2425085163,9.7668335829416,3.1217212004780373,6.484815608553085,23232.79304453689,2000312.8381681088,"3100 Maple St, City 4762, State 55926"
52374.43961519757,9.579817875164997,5.836274726606728,3.4579268675609764,31885.599169701418,1714627.488836081,"1539 Main St, City 4763, State 70614"
78455.54813582619,9.0765758964661,9.48359215144081,3.6336184157229914,51413.171959861415,2305562.0393480277,"4165 Oak St, City 4764, State 41568"
119292.20755307244,3.716452170640018,5.4720808159777645,3.8577061222479427,61588.71619220849,2204004.5151609746,"4975 Maple St, City 4765, State 22098"
107177.75469767314,7.072440448087867,6.211101769401687,3.972763891968227,16868.91871935511,2076477.6285393466,"546 Pine St, City 4766, State 51143"
38763.0204412099,8.087131783689921,9.87078975131019,2.501597495966397,49616.80234317573,1806542.5291861114,"838 Main St, City 4767, State 93308"
93573.47971289964,9.888223425571438,4.395267012654017,5.809814194446446,27916.539245761534,2181285.80208267,"7166 Oak St, City 4768, State 24240"
61102.16272837318,3.4433905766509634,3.4567863238750416,3.8266963180535023,68734.26593932403,1499961.2809770815,"1458 Maple St, City 4769, State 29184"
30628.40356923133,8.12820719615437,9.01595813602913,6.399099883527261,24429.745353464998,1768236.4240472338,"3304 Maple St, City 4770, State 36029"
66313.28721242996,4.710409359416904,9.07925738848658,6.634703115600543,5467.542140510897,1867750.4224639274,"7287 Oak St, City 4771, State 17489"
51127.89795524742,3.4050117245440186,6.304544842760093,2.1221565465384407,38516.598311289934,1447613.4836640875,"1173 Pine St, City 4772, State 77247"
103698.23434684244,5.3710155297108395,6.599450221341003,6.942515349641031,14797.520477935952,2125032.6551457997,"5497 Main St, City 4773, State 33871"
60359.7547961189,8.35068729718893,8.850644587324853,5.550113657500923,7892.137743195942,1904605.856244529,"1029 Oak St, City 4774, State 58164"
104477.13245584354,5.718798429632417,8.169916486810566,4.6019611299648115,50387.500076601056,2516140.5861183377,"4150 Pine St, City 4775, State 17451"
30053.814495131577,6.300184801624388,4.856043015519075,3.9476380418627666,52596.853363049675,1461518.7105087284,"3670 Main St, City 4776, State 68176"
57703.723502350724,9.961275281600969,3.118253485500629,4.592590663048565,34945.435852572664,1638904.3803750281,"4678 Maple St, City 4777, State 73529"
51704.86928769857,5.192874396459408,6.35790113773482,3.623123619892222,48997.55858917752,1594300.5616647897,"3489 Pine St, City 4778, State 13212"
51021.062496174985,6.923206037673919,9.012386282669489,5.113439068482741,39985.5641360637,1918810.7379208975,"917 Maple St, City 4779, State 37375"
36136.79577889164,4.921953612922975,9.270842736831135,2.4649013822239563,45937.07200192556,1694527.6104950772,"2095 Maple St, City 4780, State 88295"
46841.18433694515,5.1422851706296395,9.693583379533077,5.105613014559051,43785.75825721748,2023103.9632400698,"4907 Maple St, City 4781, State 51580"
79999.4612897058,7.565126027563265,9.156942663289469,3.3767242506922206,48278.47966361351,2116195.698710709,"8963 Pine St, City 4782, State 40726"
56222.496555397,9.503095808759067,7.060304887086689,2.088174145261732,17975.992163756135,1820706.8079996689,"4794 Pine St, City 4783, State 68958"
67565.53040962332,6.338871603938571,6.112239194652706,4.763528830814388,22465.930302385514,1849485.899979601,"65 Maple St, City 4784, State 42969"
63918.019231246966,8.147199431590238,8.423948925738692,4.892238779263482,33597.60471799998,1886539.417928458,"4238 Maple St, City 4785, State 29553"
108831.44324999051,2.7136524705357106,8.178751440559175,4.13284502355768,33998.32061224712,2154159.037366263,"2865 Main St, City 4786, State 25326"
111476.90991094639,3.6892642994554157,6.767004010570181,2.3614311627515843,55336.761253148776,2081667.5787678366,"5413 Pine St, City 4787, State 19349"
74366.12744902741,6.0170531273562595,3.611291607909284,6.466714764020957,28880.587849919582,1714874.6028287597,"2310 Pine St, City 4788, State 43144"
59714.0355284044,2.1600937890301983,9.48256942750843,5.057154036139444,15562.835143846854,1657444.3025040904,"8398 Main St, City 4789, State 25372"
39612.06336021273,4.02283983010047,6.189217762511635,2.578566497844848,21345.288081919934,1263469.5747650138,"3664 Maple St, City 4790, State 73182"
115806.25914438855,6.139210318599729,5.54333647341385,4.554652882970738,18957.677654974847,2098812.4192831293,"6295 Main St, City 4791, State 73352"
35420.42504102677,2.1196895860504057,7.406971766181401,4.486271579742358,52557.90125164143,1522140.4679346047,"5594 Pine St, City 4792, State 80660"
56788.52498114524,4.116370289808334,7.716865728168838,2.302009343964635,35572.07495068884,1660876.9736875733,"9082 Oak St, City 4793, State 93482"
56825.95810530038,6.112246555806956,4.47481541921211,5.0342985180147375,51060.99536811392,1661283.7511652976,"3196 Maple St, City 4794, State 41658"
58836.11575261934,6.585193983849965,8.858571913669692,6.0416319946078225,32054.279249245752,1983889.148404876,"811 Maple St, City 4795, State 40163"
44785.81589451683,9.406013544442445,5.029559655636644,5.745040271242391,62832.814162753835,1864287.9756144767,"8704 Maple St, City 4796, State 79948"
100484.52878313274,7.162764986004863,4.306787481400217,3.0148470708209167,68928.82000197776,2116418.862292472,"4399 Oak St, City 4797, State 38236"
41024.80757693903,5.31788642023995,5.844798969981482,6.311462647771057,48539.76306566976,1745846.4878954797,"5432 Oak St, City 4798, State 10657"
87141.59932378464,9.442809417064542,8.113920566282257,3.7127108282967547,61147.81622035422,2286311.040222476,"6337 Pine St, City 4799, State 64262"
41146.14240352357,8.279063867102355,9.758207249078623,6.732541891459706,38015.66236618407,1825533.9210743902,"1109 Maple St, City 4800, State 97946"
36348.20738336609,3.6000713689019808,8.664968850600033,2.3587398211285686,65750.35462300401,1455329.0612147823,"8048 Main St, City 4801, State 83938"
111848.65533172888,3.046738890790558,9.582438643691342,4.431043442599213,59053.12156873382,2257656.688544526,"4960 Pine St, City 4802, State 19106"
47111.588968683514,7.406493085941864,3.9842406285356873,4.9856218858877455,69465.60716479254,1724393.4681494033,"7440 Oak St, City 4803, State 36433"
103912.51391037338,6.4790653246158705,3.4982375920457374,3.2382504923730235,45501.09279630573,2022727.1613791697,"4189 Oak St, City 4804, State 53197"
79016.77839964222,8.317388910342046,6.903933333346698,5.856900943601138,55648.43811743485,2333078.7642540284,"3002 Oak St, City 4805, State 59412"
37007.08676478927,7.910440400629492,5.032082381308241,5.134478399053585,40286.429098583874,1417962.1541780015,"8902 Pine St, City 4806, State 12370"
115990.33722942608,7.00169227086012,8.796384810784911,2.0905471864397778,21842.806777642483,2460175.3656560155,"6154 Main St, City 4807, State 51047"
52226.50502927032,9.891057373031138,7.703915099816283,5.041842953481179,28059.086123434252,1930364.2523661,"6484 Oak St, City 4808, State 78270"
107368.08108173459,6.268717840883269,9.795097147900561,4.4573911720922315,63110.351957535546,2636656.619559585,"2257 Main St, City 4809, State 65094"
45192.900520610776,2.9048460520137587,4.78354649011913,2.980146008517538,8636.616528910337,1175004.779451365,"3278 Main St, City 4810, State 79505"
106854.85939276675,8.626188518527908,6.4004888004866265,6.978741135297648,43446.19259483653,2362862.145819861,"7921 Main St, City 4811, State 36234"
31190.59316147646,4.014826898765672,6.5086833419774734,6.485810974138075,29211.46211276706,1632698.4972396723,"7960 Pine St, City 4812, State 97130"
76060.24109125327,8.218417185151345,4.674237564001634,3.462538475145317,30135.01497036112,1933201.5348239308,"271 Main St, City 4813, State 91583"
99249.8321479401,9.656856768000411,7.130653796416055,4.705354603993081,62497.12841689488,2446269.1483974364,"9789 Maple St, City 4814, State 26749"
114131.5965743505,7.57436411171473,6.103001902554677,3.5825106995514537,60498.454345504724,2309168.1104753483,"8195 Pine St, City 4815, State 43551"
111828.19225858383,6.768241287598409,6.127050891929115,5.8774787581803905,43924.75441221047,2334015.7769460827,"4484 Maple St, City 4816, State 17159"
103766.23825928805,5.683089405400325,5.539156535807385,6.651657165982275,22739.725081281704,2096423.5604715683,"5486 Pine St, City 4817, State 55129"
109937.22146951736,4.915278927963226,3.1185054669787453,3.794143034571918,35904.66250053156,1994525.7279622809,"238 Pine St, City 4818, State 52945"
47929.77172533689,4.82403800777469,6.654666658403523,6.0279212457181375,31539.070596299043,1474533.849510592,"7059 Main St, City 4819, State 11462"
55576.58661405559,7.090981645676725,5.346734849902318,4.492037713566024,27985.171898162196,1641289.421634286,"9064 Oak St, City 4820, State 28050"
56007.167242895266,8.010184935501968,3.009239082890308,3.982892806557887,11681.062606224266,1226310.6406216547,"6297 Main St, City 4821, State 43899"
63934.85379015289,7.428136555875315,5.155605953633524,6.692109260493849,40302.402636495826,1869114.8923243831,"811 Pine St, City 4822, State 29907"
65398.860334666984,3.587280809548502,4.950398331628299,4.552023443595157,24619.034361841434,1478289.9634256156,"7560 Maple St, City 4823, State 78815"
79009.9792189208,5.9518974411479295,5.754137072565451,4.3370525012873244,47952.51629028935,2111567.7627704833,"1534 Pine St, City 4824, State 27046"
44389.17870297973,8.333120577464504,3.922963927503779,5.362172009811715,25748.255828659498,1309391.115119006,"3846 Maple St, City 4825, State 57403"
92212.19974073904,5.80563262551245,6.553786772445591,3.3061710050914224,33025.62705376212,2138080.674049224,"3024 Oak St, City 4826, State 72742"
45080.98853740559,6.292986237883951,7.84708246762691,3.6239643539415787,8403.424322636489,1373578.7133932144,"8336 Pine St, City 4827, State 88052"
57927.76338940928,8.169088385366578,7.411298983382007,6.660229181193113,69514.97454385605,1995296.6925474056,"6610 Main St, City 4828, State 12004"
75301.06175455387,7.290122450120732,8.626284632984333,5.392649227184712,37994.67491288643,1991662.906223079,"6593 Maple St, City 4829, State 47014"
101679.65053711296,5.274759367059141,6.164058015909568,6.133185738855028,6575.443620671233,2015567.1661109645,"3397 Maple St, City 4830, State 51312"
96552.23099148546,9.163301689553752,6.633642112378098,3.3555588096771483,40179.99281947436,2138575.6106951027,"1975 Oak St, City 4831, State 14561"
88098.09207694701,3.3005365493078287,8.672813586012882,4.7189509496493605,61573.00995486723,2054433.2628516555,"1064 Oak St, City 4832, State 76931"
44019.59345221531,9.964131588722598,5.99390819573467,6.856981334947491,55215.88872730317,1919980.8134643354,"9741 Maple St, City 4833, State 10052"
79234.081105402,2.9508206278098976,7.911195449297178,3.593519495141088,50558.93446841452,1978555.2741720635,"3152 Main St, City 4834, State 73838"
37870.18516198969,2.119599768833911,6.042216581025943,2.8023823815852094,14065.202548937268,1126441.5811509432,"5671 Maple St, City 4835, State 24675"
63962.68591169857,9.120151209190118,5.924153361580938,4.55443004112332,47752.9101341857,1928742.2255054396,"1145 Main St, City 4836, State 23751"
67216.48772609633,3.9596280669276487,8.321439371704123,3.939105443624381,54809.39457079692,2110972.529750109,"296 Oak St, City 4837, State 60732"
33583.02955011785,7.837597019573767,4.223858408263478,2.7978861639335677,42207.23915775728,1375175.2264719356,"6279 Oak St, City 4838, State 82755"
54658.928952297465,8.488122999456554,5.370101803591015,6.44275691351684,63028.68529382285,1989598.865049928,"7012 Pine St, City 4839, State 47573"
116008.45205398405,8.871891128256934,4.569205937228313,6.953619552768889,23004.335816017552,2307138.0301631023,"6147 Oak St, City 4840, State 89735"
115826.93470467205,9.932753885313334,5.5137696007731805,4.842910903449988,20739.405483051287,2235205.335067529,"7619 Oak St, City 4841, State 17935"
61709.434882728536,4.3523176803199926,4.612623756562169,5.87338384186727,61522.03342127199,1742520.583920838,"1892 Oak St, City 4842, State 82456"
33879.00980534917,7.681946735418073,7.055839417606583,6.295191847731497,45650.88579444441,1638885.0414901099,"2000 Maple St, City 4843, State 11551"
46118.544539536335,2.9231988662466257,8.587195618324916,5.5049100301091345,5094.069333864956,1475840.071942363,"3852 Oak St, City 4844, State 50851"
65299.601409018615,5.254474330854795,8.506291428525312,2.220780245558656,27953.541553218412,1833154.4282371453,"1461 Maple St, City 4845, State 35309"
115300.17281723068,8.783773546500722,5.551506751841547,2.788171158584089,60760.63907795384,2229617.4691032935,"533 Pine St, City 4846, State 77355"
42707.915718346645,4.941264368472867,9.921322841259833,2.354945955756932,6775.768256713314,1411425.2104749982,"1157 Maple St, City 4847, State 84232"
98716.4259301391,6.7287630442849125,7.156980552940605,2.0493980332102826,5211.1153369980775,2074644.2906819403,"4937 Maple St, City 4848, State 82404"
39781.428543722286,6.0301875497970725,5.795802112448063,3.5299820437861826,23281.853884133434,1318921.9179972797,"9126 Pine St, City 4849, State 38985"
118313.18196521491,7.1676122488963605,8.84877495468998,3.961779802407799,64410.00240560307,2628685.635661529,"2705 Oak St, City 4850, State 30702"
64345.48491982215,9.78315511510156,8.109118088498485,3.2051486616796288,63596.04279555106,2212120.5655984045,"2110 Pine St, City 4851, State 39295"
99771.10850091504,2.445884212011217,8.24492735776873,2.3230232404316045,38719.526477098014,2004320.554117461,"7073 Maple St, City 4852, State 99538"
60833.19745300186,6.591692140013038,4.372975448137101,4.649315454183387,40960.39662407547,1673794.9022917966,"390 Main St, City 4853, State 51725"
86490.19894429279,8.904230234002277,6.2782701515798855,3.366596599785708,26580.520735617272,2041163.4360677858,"8540 Oak St, City 4854, State 19537"
47281.4476266033,5.85106169398742,9.03279691577222,5.980185774317811,20842.883031807643,1791471.5976337988,"6016 Oak St, City 4855, State 68317"
43141.891736726626,2.6282174875325826,6.5282660534013015,2.040263108126406,57989.42052378769,1366060.232854505,"1246 Oak St, City 4856, State 34780"
114425.77256113182,6.484314819334167,7.784169203947353,6.212635256438052,11909.165932476693,2356491.3725774325,"7916 Maple St, City 4857, State 92282"
112588.25501139901,4.6565911265905635,7.1155361312398515,6.773768394729785,36678.03410711132,2425067.128003701,"332 Main St, City 4858, State 55763"
109872.20461915941,3.239534282703487,8.896497514028674,5.580675315767848,46235.82186731049,2314243.108647231,"7594 Pine St, City 4859, State 56534"
86289.01051499341,8.792276106267785,4.991925878331219,5.668220326312833,11739.2188741169,2022132.5149170056,"422 Pine St, City 4860, State 84490"
102744.13900946504,6.172796103928973,7.0283269452045545,6.667811558013666,38774.4612057025,2287097.971844121,"2784 Maple St, City 4861, State 49092"
36213.32432202374,9.466211299032533,3.862642676068628,3.045356426501746,42538.88371430881,1521958.4992217447,"483 Pine St, City 4862, State 54435"
60131.013770161124,8.448132036824553,7.831475436896275,6.972827841042883,53262.243932978716,2138607.961226032,"4415 Pine St, City 4863, State 38667"
58233.28122814406,7.543774350189339,8.123774868468985,5.867406016892709,20264.343194589637,1883426.323738363,"5233 Pine St, City 4864, State 63013"
87208.0789757352,2.0402040269224955,3.2998612483229888,5.632853541638968,24066.287713899288,1562369.903995618,"6707 Pine St, City 4865, State 83850"
62036.19961235765,5.4225876531059996,7.730536745395895,3.8054528949764634,42018.87453114717,1955552.0341458025,"750 Maple St, City 4866, State 18735"
43365.61034793127,3.5798902532162584,5.902831079160505,4.728887427028052,68903.21664880493,1594869.53794934,"5577 Main St, City 4867, State 61855"
83682.03678721894,9.286383288390942,3.8686781327677764,5.2695889413667345,19137.056883307436,1912259.8186615377,"8207 Maple St, City 4868, State 70719"
103294.55286021733,3.396671877410882,5.939352833889274,5.1017143065860795,69083.74876302516,2139549.0308388975,"7954 Main St, City 4869, State 74278"
64391.114501397584,4.288480413274284,4.359630507869072,5.524923192387904,51432.264648541284,1787103.272721062,"2615 Oak St, City 4870, State 68242"
41904.18435886335,6.134694141875993,5.908916724863216,2.411908695392053,58695.334525951504,1628357.5332559766,"1479 Maple St, City 4871, State 53018"
47701.937758154076,4.106908951984634,5.690373195709694,3.778242164158484,10826.68243536205,1312846.2039416132,"4919 Pine St, City 4872, State 29992"
51373.49746524456,3.6789174182329694,8.168741458552402,4.170000082977386,24527.312182991096,1586651.358427096,"604 Pine St, City 4873, State 50022"
56990.78336950826,6.7927946008220195,8.419508907164511,3.303146489374832,8752.858177313768,1823757.7888044692,"5370 Main St, City 4874, State 29876"
87851.55634556782,2.711436182040191,7.249200580691827,2.8631363513461188,29150.55467520639,1765049.8752249235,"9197 Maple St, City 4875, State 62286"
84085.0936083947,2.465342069767398,3.158807895277133,2.6946373995643143,68783.82789480337,1463293.4310283004,"815 Pine St, City 4876, State 59157"
92647.18754103352,4.977962361488571,9.517155953496957,3.831916961282926,11842.749043412,2118153.6837625136,"8777 Maple St, City 4877, State 46444"
62625.178607836184,7.7653156360628985,7.803632960675134,4.467208502812829,41554.23085412796,2099596.0714019765,"1535 Main St, City 4878, State 60636"
104159.78866919805,6.438454066191584,3.239368149448322,2.3148822007333036,5394.590482897801,1878220.341512381,"2267 Maple St, City 4879, State 96379"
48367.88950401843,5.383011747734231,8.731830294498824,6.732290472952748,51324.38304286407,1899237.1410463166,"9606 Maple St, City 4880, State 12552"
72213.66727663385,6.526012513796659,4.401863083025972,5.826216614303792,17817.52500418267,1668819.2349424546,"6321 Maple St, City 4881, State 56363"
102084.48493872872,4.923611877226189,7.054548326997748,5.654258865927333,13422.99491310959,2120085.09320338,"2861 Main St, City 4882, State 43845"
46214.27829593573,9.489170683456903,6.26644058965131,2.864302624943635,26906.157790451198,1631941.490118496,"5440 Maple St, City 4883, State 42501"
39887.680236670465,2.4392391272861946,5.938871476485536,5.019003840060945,55117.8793660338,1473748.5837209695,"722 Main St, City 4884, State 15801"
109531.55709191908,7.387131832238682,9.227996040870782,4.648624734043337,11929.850610228703,2393479.665766404,"6054 Maple St, City 4885, State 76881"
60863.66964832763,9.130261318622004,6.061529040938304,6.912344228933469,19939.534726915197,1958276.911911039,"746 Maple St, City 4886, State 18124"
91548.31124181289,8.431077669882027,3.5274088230120553,5.73835885040079,5550.18740512512,1891429.4556006258,"5600 Oak St, City 4887, State 47581"
32281.374383754464,3.472328278571574,9.626471090504669,4.878809418581156,67946.96607521517,1833669.7411702506,"9240 Main St, City 4888, State 17764"
92104.21995685046,4.367410791842307,9.443746618677393,6.254063332350611,43489.46399927615,2279449.9241415015,"7310 Pine St, City 4889, State 19654"
58449.118039227345,7.736383509656838,7.791028827071191,2.7754713543035474,51793.47636500547,2129416.9165451704,"1348 Oak St, City 4890, State 74811"
35016.676822869755,2.6741644734461243,6.275247696924175,2.0760826484548858,47339.906125140944,1333268.0119722362,"1365 Main St, City 4891, State 59116"
84883.14853933053,8.494893598660672,3.6500163106046486,5.451166667072616,14383.696326528834,1825760.3571682165,"9424 Oak St, City 4892, State 79797"
51672.3434465856,7.751255556838323,8.535236830042333,2.4915573011861873,43671.09603460962,1804113.0598630952,"7209 Oak St, City 4893, State 79618"
64812.6517846692,7.836853193882741,3.5283454009682025,2.577168199917546,13542.013684182037,1457554.7420218668,"1580 Maple St, City 4894, State 97519"
37252.273105786226,2.801930962140731,3.4802068942660194,5.723403632122652,31080.369507603315,1129577.7632781402,"3420 Pine St, City 4895, State 28401"
43244.69259854508,7.742084358529847,6.761686897075577,3.3526742206699454,41982.603835144044,1592211.6118313775,"4018 Oak St, City 4896, State 24501"
56817.95119462594,7.43854500175976,4.120897681292481,5.1431560778444645,41327.27241664013,1601477.9063792715,"762 Oak St, City 4897, State 54932"
38078.355050414146,8.647379926574803,3.054111871382443,6.587034630463743,12739.772688878162,1302211.397091479,"599 Maple St, City 4898, State 79279"
111974.36382176838,2.332767650051756,5.9617940169705035,3.582372658189292,7238.338027023941,1862580.4780510324,"8609 Oak St, City 4899, State 16210"
30544.233886558057,2.1848853477423376,3.9605206212704616,3.085720789199594,56885.2304017979,932255.332635151,"2565 Oak St, City 4900, State 76123"
73547.41969778802,4.984056799028486,4.123607906964839,2.5328144187052586,52184.95840474035,1637947.8400009247,"7184 Maple St, City 4901, State 75379"
41092.271231929626,3.190306270793223,3.5383744711473426,2.6523118070986307,10318.228796707974,946933.8634392505,"5581 Pine St, City 4902, State 57531"
57691.118053015365,6.467075820561775,4.43565627606527,2.3111134768942136,13282.008722100974,1388772.5065983054,"5914 Oak St, City 4903, State 96946"
113345.3603836439,9.33879121205399,8.008389258420726,2.4382118941487008,63017.94546532532,2732828.04588191,"7055 Pine St, City 4904, State 53329"
44552.50979465882,5.131837842672126,8.66249115052454,4.160022944045769,54993.378605415695,2000123.4126827293,"9552 Main St, City 4905, State 68880"
116924.90877464993,8.759603018180833,6.167735508205104,3.6043252251198488,69750.41925408383,2625367.6523004267,"171 Pine St, City 4906, State 30608"
48521.49392904795,2.001926996142932,6.545876711169924,5.53280407161499,21509.18419832641,1259069.251924668,"2728 Oak St, City 4907, State 71836"
96740.94976201466,3.3481171476734737,3.228585242159418,6.351208291235009,36707.19427647297,1732633.6993127353,"2109 Main St, City 4908, State 73297"
79200.95384075805,2.243388317232685,3.485213829599218,5.923866015711921,20369.87244405312,1522157.734211885,"9851 Pine St, City 4909, State 49384"
109603.08548370833,4.625177444120549,4.802974079546619,4.653186283328261,45482.00900102514,2126862.336554716,"2786 Main St, City 4910, State 29388"
79859.39299528179,9.265516765572023,6.807288944992033,2.5122105811632673,12501.92554093567,2043061.4025156654,"7765 Oak St, City 4911, State 84382"
78110.32972406778,2.775616988791902,8.17685804114495,5.548836419707768,13270.806228297151,1797116.8142755283,"7645 Oak St, City 4912, State 52836"
47591.22003315599,6.851278213950403,7.235021429366231,3.8141436236343678,9672.712941332971,1523715.6743575237,"8460 Pine St, City 4913, State 11092"
44960.642584649286,5.6119675129555535,5.744894984907518,2.428251969577051,50083.09534717085,1688301.8365016417,"9661 Oak St, City 4914, State 50095"
112484.02360039628,9.507745698926499,3.8282685110219674,6.2123320360631284,37114.717533158444,2284299.610916695,"4994 Pine St, City 4915, State 52468"
59505.43789650306,2.9801531402967507,8.465412644210325,3.691082585912528,45152.52906305095,1656122.7328072137,"9014 Pine St, City 4916, State 12135"
63487.40294666064,3.6962228040178315,5.546502361193399,3.0912441625578566,62154.56802830833,1814428.8892845393,"1165 Main St, City 4917, State 31305"
98384.12925855495,2.236335748891946,8.152378101379528,6.3572603230942155,53121.35150909831,2054563.3462393826,"4671 Maple St, City 4918, State 76222"
60494.11341805266,5.47148199705099,6.590851893400393,6.510669342235024,35011.989680834915,1426658.8919274723,"9167 Pine St, City 4919, State 91993"
115685.62019751024,4.222663196517234,8.170634374932778,3.6948541859577992,68983.13924562471,2554340.1094062016,"4902 Main St, City 4920, State 37716"
96413.49920989203,8.959247471122566,9.351026930168004,3.774007096406867,34656.64657422826,2537753.0629342995,"8415 Pine St, City 4921, State 27280"
83768.63183160781,6.8395265055820404,9.447206612376615,4.89814263791572,12309.293760179658,2185331.214718148,"2434 Main St, City 4922, State 82988"
109280.56444902772,6.9127259038056135,6.745747460004224,5.667207469053291,69522.55857142655,2365485.145010422,"2170 Maple St, City 4923, State 43590"
34464.53175145345,6.2552855750504195,6.580558553359472,2.315746009534317,6483.347450965075,1279856.412552436,"8649 Pine St, City 4924, State 87062"
53135.64229702878,2.734802697833608,4.8597492585198605,4.966718285942358,40742.43136670389,1381773.3465999602,"2140 Oak St, City 4925, State 51273"
71853.2700798819,5.560149469802842,9.55059882070504,6.764100308917908,25091.206765481104,2035238.2219510681,"2650 Oak St, City 4926, State 64241"
50428.06855243689,9.996041517668132,6.205434170397346,3.3104694858997683,37730.88981610401,1929692.9717780042,"3880 Oak St, City 4927, State 11489"
96951.46685719368,8.681834326768119,3.89313867501164,6.544136070484669,41316.341918643906,2013296.6647558645,"1665 Main St, City 4928, State 53568"
112728.72279483527,9.147672433336927,6.0289344023858495,6.750841703815468,20606.233258101696,2404152.4645216796,"2533 Pine St, City 4929, State 79254"
68139.31079378311,8.585810873971996,3.889372751666028,3.3457682048554487,41195.81912292202,1847590.3118962443,"3983 Maple St, City 4930, State 82980"
60791.934010070545,2.8243335474478615,6.517721789799525,5.771009329426753,54143.972280359936,1752548.0544735664,"6210 Maple St, City 4931, State 46783"
116539.56589238097,3.819586032518397,6.928928603993485,3.1938750415978,22323.139420859894,2242233.034470979,"5977 Main St, City 4932, State 16611"
70036.71895447868,2.024973210851277,5.3642903304550975,5.688055808660664,29922.69866540396,1607385.7163534912,"8330 Pine St, City 4933, State 44243"
74014.3560404355,4.428080999024892,3.5015542996203926,5.98709985644413,22435.775055663766,1576398.7923460766,"6946 Oak St, City 4934, State 54373"
61648.48851077148,2.8688592187719406,9.604524749432674,3.236028518553247,58336.38251423316,1953736.0810119035,"3905 Pine St, City 4935, State 38807"
111859.36257109245,5.782346762412664,8.413471794384007,5.579347717916175,52123.84684862378,2570132.6998278974,"449 Main St, City 4936, State 99016"
81205.99349536657,7.417019908591215,8.872167563535847,6.060522694320449,61627.76841919648,2344084.948650464,"4909 Main St, City 4937, State 17369"
98595.71284634802,8.996042360304617,5.568078760003606,3.7928943605345586,16053.243038607854,1945071.2081007967,"7742 Maple St, City 4938, State 44508"
103062.60465157978,7.993737320727186,8.325817210136155,2.8385138799486347,9782.67648038385,2325851.429309759,"3193 Main St, City 4939, State 89788"
60766.413772553235,9.508684766228042,6.39761026618436,2.459822836587568,12759.927750813767,1848675.7512339558,"8289 Main St, City 4940, State 68858"
69032.4898188342,2.4311863231503104,4.407584418842322,4.87690851804971,15466.191633575365,1413327.062653216,"6044 Main St, City 4941, State 59160"
106362.45969656382,2.0974386833323315,3.870963638350493,6.890490596578566,39650.37294386215,1828302.6428535248,"251 Pine St, City 4942, State 22921"
62692.98165082293,7.290704910689701,5.415356085254398,6.114751600111081,68109.28457357972,1792910.8080813333,"9021 Maple St, City 4943, State 58507"
101454.16201066662,4.31481928177797,3.9628647803259778,4.1791981946727645,28220.302080090834,1822369.9328546189,"7673 Maple St, City 4944, State 44845"
114689.30903169933,4.028008128846185,9.98788283342848,4.683104514274793,67303.03750841334,2489437.4119320945,"9308 Pine St, City 4945, State 37278"
86088.93357612063,4.647096701550354,3.3443229316241543,3.3976394270590946,7483.051674296682,1351235.6962881202,"6965 Pine St, City 4946, State 42790"
96746.45587067,4.158368463138913,6.088005195583536,2.8153293368003176,65246.69318295279,2071043.590727533,"8518 Main St, City 4947, State 26015"
102458.75808370214,6.091491250412698,6.164654656732689,4.4104057911613666,16774.919474823128,1962144.3368864264,"8155 Maple St, City 4948, State 74704"
106053.56840069783,5.52118757779306,5.104423500071729,4.317507830835925,64310.87407175767,2230559.5038027125,"263 Main St, City 4949, State 25142"
65554.80040711164,6.099428411013251,6.9994609599486175,4.609649764018801,8654.782957504976,1686110.1488695699,"1586 Main St, City 4950, State 51519"
34613.71132583984,7.3817088920034895,4.049839169060813,6.7640229278197035,66634.26408717711,1514638.2430316533,"6312 Maple St, City 4951, State 28872"
66168.86441130657,5.0970440717691865,8.487386664110636,5.0194765007238615,18051.887180725957,1665884.0036828248,"5695 Pine St, City 4952, State 97991"
90638.06068056807,4.010461497137254,5.327134027733468,5.028859183111869,24676.413904755445,1722033.4363153186,"214 Oak St, City 4953, State 66175"
70531.53472027136,3.3296042944699638,7.139398128590492,2.640123814305384,36911.25236669228,1625093.7394709652,"7922 Pine St, City 4954, State 79014"
97406.68357743588,4.795792956261004,8.009474652468715,6.982444330884102,29746.85728030589,2090291.3047614626,"2798 Oak St, City 4955, State 45159"
62128.41865217975,7.934451801969376,9.223294823831129,5.8642247211733425,48389.318002104745,2140839.264648242,"5366 Pine St, City 4956, State 88685"
87126.97269936267,8.053639280891757,8.8505120551654,6.386016720470024,68362.50487125502,2400660.482304357,"7217 Oak St, City 4957, State 65975"
46777.78243685771,7.335243093473682,7.258163196724917,4.07150205915497,44417.721902321144,1743052.431337388,"848 Maple St, City 4958, State 14671"
97443.24929804612,3.8722254024549967,5.718752262687208,4.510640478928124,51896.551613375705,2044387.0379197758,"8737 Oak St, City 4959, State 61263"
79112.63719317233,6.704689966837582,6.522432690524748,4.6104190458113825,10720.341269870598,1757452.767800359,"2173 Main St, City 4960, State 84107"
48365.79496919405,6.565517292614784,8.381143553651619,2.970472696448026,45807.80788955035,1843119.3818978602,"9354 Oak St, City 4961, State 64450"
56272.00561480265,5.874129584877804,9.142818797916311,5.447445781634785,34500.235508016856,1787640.803089579,"798 Main St, City 4962, State 15290"
97374.78377236491,6.399831891070914,3.726473497236703,6.514883618087283,62575.85326477584,1988965.3470829998,"632 Pine St, City 4963, State 38351"
73434.11120953686,5.9343250609893445,5.693993837451375,2.818529090692095,30233.721476801627,1710979.62248324,"3259 Oak St, City 4964, State 67570"
49442.8296353765,6.523650928592866,8.432816188894504,2.4315913674308227,49164.51936324474,1882710.5849229807,"7434 Pine St, City 4965, State 45567"
117054.4071333268,7.72404763696903,6.021562338157727,5.691094527701711,19829.992336840143,2395094.1918985164,"5726 Oak St, City 4966, State 29387"
94361.25178351991,2.877025555227518,5.325594348463987,3.3660091583649105,21859.21467907274,1885026.7538357608,"3546 Maple St, City 4967, State 10019"
116142.13492858165,7.99700601719219,5.879258877762887,5.119312708086647,29447.958009947783,2294772.6441770443,"8625 Pine St, City 4968, State 78070"
68439.4540824309,3.0870892010207536,7.219913227504455,5.478791689960904,24764.129937922677,1691776.3275963133,"4426 Maple St, City 4969, State 81864"
72759.03066225484,2.5330239872829976,9.99863600893661,3.609553817909109,21502.124560354863,1766662.0711388763,"8527 Oak St, City 4970, State 94430"
110815.96945665173,9.80863748977174,6.450947003731723,6.075722987128922,8228.465883552604,2212704.7151861703,"6053 Maple St, City 4971, State 20242"
77254.44062208461,9.655934150963532,4.459461324679824,4.7499449105710845,59388.51156390984,2074396.133512843,"1872 Main St, City 4972, State 85284"
93655.10207151005,2.4834923595245124,4.139926026953663,6.344997039759014,9179.59950793348,1550580.4796354328,"7144 Oak St, City 4973, State 20357"
52695.5589745977,5.546027531799697,3.2964482323349,5.816467762794737,62678.758514192894,1679098.5703792893,"8981 Oak St, City 4974, State 66454"
70205.38218323764,3.489959506398198,6.91172064442825,6.342878160187269,13155.250289423917,1539313.4717725448,"7371 Maple St, City 4975, State 31302"
41110.48792293196,5.882759177075345,6.81200464042184,2.1008069105894704,9242.012909072837,1408072.801762352,"4304 Maple St, City 4976, State 50510"
48538.20322892655,8.6414179439967,4.436637487462164,3.2175313036929736,41595.30965874531,1476312.4920088865,"2390 Main St, City 4977, State 71817"
30084.907374086797,9.604894197943121,7.867305845167969,2.4500397022296934,37658.716517356916,1590228.1782279285,"7633 Main St, City 4978, State 33364"
33533.85464837942,7.074021227612299,8.187749291407766,4.210415085946746,36930.246974072536,1708934.4451509987,"8763 Maple St, City 4979, State 64891"
117955.54408592364,4.831245337694536,4.813687437674779,6.4498006080765915,42342.78128759086,2143832.5838274066,"5227 Maple St, City 4980, State 59431"
51811.832562308606,6.826604525156787,5.408698348208156,4.337701311334346,23658.679397745123,1488990.4493143437,"6216 Maple St, City 4981, State 37128"
89697.96385536017,4.496010448867603,9.933301706430797,6.248565222901971,48091.70277292473,2263143.9317079717,"5858 Oak St, City 4982, State 17668"
105518.97289196504,9.278589126656483,5.619851274955139,3.6358911900965896,37656.14428096691,2444567.723517962,"6303 Oak St, City 4983, State 96029"
79559.44133129079,8.963203704846695,8.325611702292711,3.6978503640262623,26758.325352226144,2092782.0413125772,"2053 Maple St, City 4984, State 21902"
43783.00500755606,6.465854002237288,6.1690779864095795,6.477808651634388,58722.54335374733,1747751.187161236,"9050 Main St, City 4985, State 88289"
95530.47936025498,4.598391323042884,8.553413795026831,4.129085732558508,52301.871261236156,2234688.031611669,"7247 Main St, City 4986, State 89597"
84022.62690896247,4.347117404663827,8.383162671478535,5.948827438973332,30584.672226400427,2081765.0435147271,"5887 Main St, City 4987, State 22419"
95812.55304126376,2.2673439576404757,7.674292176389749,3.183217739409507,60095.15603987673,2019934.7200909166,"8969 Pine St, City 4988, State 38338"
99277.19605713784,8.526566808202361,8.983448424069055,6.744004148388178,64816.786257265325,2644098.5071908277,"7546 Pine St, City 4989, State 88167"
117786.93309162706,5.603065704312064,9.574529464143797,4.872891232652855,39896.30736048356,2609048.447944774,"3449 Main St, City 4990, State 50081"
81620.6952024039,4.601063427202115,7.059883243164587,5.79661784289201,18971.90926019985,1793508.1506247723,"7823 Pine St, City 4991, State 97609"
60747.700142154164,5.768882839982031,4.66228235055922,2.4475784989744276,64526.49017555414,1773895.6729751998,"3368 Oak St, City 4992, State 48284"
88361.81012102134,8.549903923637217,5.790402731508525,4.463321129152644,17316.17530620862,2113374.078222542,"2523 Main St, City 4993, State 48461"
36159.663831836355,2.9969136616601695,8.308139994593052,6.505192488670116,8147.509717122495,1472636.1068304062,"46 Maple St, City 4994, State 48492"
110765.75864894276,8.861247905934619,7.556184395867087,6.3851931452165225,26286.655576753506,2485191.4440554366,"981 Pine St, City 4995, State 78830"
40744.29102043771,9.180070680866832,4.244588369956741,2.234069786171138,52252.812389967585,1235239.5245587765,"5989 Maple St, City 4996, State 67969"
59505.85540972364,9.573663320271105,3.358676788024973,3.5184923456447335,65012.81561298072,1815483.8248524815,"3555 Oak St, City 4997, State 70993"
103417.08425635088,5.179903939381022,7.780731154794454,4.216600032395401,46423.567042938594,2235107.327579785,"7730 Main St, City 4998, State 85738"
83758.11404976406,3.737123232301375,4.757553168205417,2.861324071778941,66869.50555283291,1800601.3643449217,"6952 Main St, City 4999, State 32084"
